OpenROAD e356a8371077345f36e1a8224f3be99379b8d6ac 
Features included (+) or not (-): +GPU +GUI +Python
This program is licensed under the BSD-3 license. See the LICENSE file for details.
Components of this program may be licensed under more restrictive licenses which must be honored.
[WARNING ORD-0039] .openroad ignored with -python
[WARNING STA-1212] /home/johnnyhuang/ISPD26-Contest/Platform/ASAP7/lib/asap7sc7p5t_SIMPLE_LVT_TT_nldm_211120.lib line 13178, timing group from output port.
[WARNING STA-1212] /home/johnnyhuang/ISPD26-Contest/Platform/ASAP7/lib/asap7sc7p5t_SIMPLE_LVT_TT_nldm_211120.lib line 13211, timing group from output port.
[WARNING STA-1212] /home/johnnyhuang/ISPD26-Contest/Platform/ASAP7/lib/asap7sc7p5t_SIMPLE_LVT_TT_nldm_211120.lib line 13244, timing group from output port.
[WARNING STA-1212] /home/johnnyhuang/ISPD26-Contest/Platform/ASAP7/lib/asap7sc7p5t_SIMPLE_LVT_TT_nldm_211120.lib line 13277, timing group from output port.
[WARNING STA-1212] /home/johnnyhuang/ISPD26-Contest/Platform/ASAP7/lib/asap7sc7p5t_SIMPLE_LVT_TT_nldm_211120.lib line 13310, timing group from output port.
[WARNING STA-1212] /home/johnnyhuang/ISPD26-Contest/Platform/ASAP7/lib/asap7sc7p5t_SIMPLE_LVT_TT_nldm_211120.lib line 13343, timing group from output port.
[WARNING STA-1212] /home/johnnyhuang/ISPD26-Contest/Platform/ASAP7/lib/asap7sc7p5t_SIMPLE_LVT_TT_nldm_211120.lib line 13376, timing group from output port.
[WARNING STA-1212] /home/johnnyhuang/ISPD26-Contest/Platform/ASAP7/lib/asap7sc7p5t_SIMPLE_LVT_TT_nldm_211120.lib line 14772, timing group from output port.
[WARNING STA-1212] /home/johnnyhuang/ISPD26-Contest/Platform/ASAP7/lib/asap7sc7p5t_SIMPLE_LVT_TT_nldm_211120.lib line 14805, timing group from output port.
[WARNING STA-1212] /home/johnnyhuang/ISPD26-Contest/Platform/ASAP7/lib/asap7sc7p5t_SIMPLE_LVT_TT_nldm_211120.lib line 14838, timing group from output port.
[WARNING STA-1212] /home/johnnyhuang/ISPD26-Contest/Platform/ASAP7/lib/asap7sc7p5t_SIMPLE_SLVT_TT_nldm_211120.lib line 13178, timing group from output port.
[WARNING STA-1212] /home/johnnyhuang/ISPD26-Contest/Platform/ASAP7/lib/asap7sc7p5t_SIMPLE_SLVT_TT_nldm_211120.lib line 13211, timing group from output port.
[WARNING STA-1212] /home/johnnyhuang/ISPD26-Contest/Platform/ASAP7/lib/asap7sc7p5t_SIMPLE_SLVT_TT_nldm_211120.lib line 13244, timing group from output port.
[WARNING STA-1212] /home/johnnyhuang/ISPD26-Contest/Platform/ASAP7/lib/asap7sc7p5t_SIMPLE_SLVT_TT_nldm_211120.lib line 13277, timing group from output port.
[WARNING STA-1212] /home/johnnyhuang/ISPD26-Contest/Platform/ASAP7/lib/asap7sc7p5t_SIMPLE_SLVT_TT_nldm_211120.lib line 13310, timing group from output port.
[WARNING STA-1212] /home/johnnyhuang/ISPD26-Contest/Platform/ASAP7/lib/asap7sc7p5t_SIMPLE_SLVT_TT_nldm_211120.lib line 13343, timing group from output port.
[WARNING STA-1212] /home/johnnyhuang/ISPD26-Contest/Platform/ASAP7/lib/asap7sc7p5t_SIMPLE_SLVT_TT_nldm_211120.lib line 13376, timing group from output port.
[WARNING STA-1212] /home/johnnyhuang/ISPD26-Contest/Platform/ASAP7/lib/asap7sc7p5t_SIMPLE_SLVT_TT_nldm_211120.lib line 14772, timing group from output port.
[WARNING STA-1212] /home/johnnyhuang/ISPD26-Contest/Platform/ASAP7/lib/asap7sc7p5t_SIMPLE_SLVT_TT_nldm_211120.lib line 14805, timing group from output port.
[WARNING STA-1212] /home/johnnyhuang/ISPD26-Contest/Platform/ASAP7/lib/asap7sc7p5t_SIMPLE_SLVT_TT_nldm_211120.lib line 14838, timing group from output port.
[WARNING STA-1212] /home/johnnyhuang/ISPD26-Contest/Platform/ASAP7/lib/asap7sc7p5t_SIMPLE_RVT_TT_nldm_211120.lib line 13178, timing group from output port.
[WARNING STA-1212] /home/johnnyhuang/ISPD26-Contest/Platform/ASAP7/lib/asap7sc7p5t_SIMPLE_RVT_TT_nldm_211120.lib line 13211, timing group from output port.
[WARNING STA-1212] /home/johnnyhuang/ISPD26-Contest/Platform/ASAP7/lib/asap7sc7p5t_SIMPLE_RVT_TT_nldm_211120.lib line 13244, timing group from output port.
[WARNING STA-1212] /home/johnnyhuang/ISPD26-Contest/Platform/ASAP7/lib/asap7sc7p5t_SIMPLE_RVT_TT_nldm_211120.lib line 13277, timing group from output port.
[WARNING STA-1212] /home/johnnyhuang/ISPD26-Contest/Platform/ASAP7/lib/asap7sc7p5t_SIMPLE_RVT_TT_nldm_211120.lib line 13310, timing group from output port.
[WARNING STA-1212] /home/johnnyhuang/ISPD26-Contest/Platform/ASAP7/lib/asap7sc7p5t_SIMPLE_RVT_TT_nldm_211120.lib line 13343, timing group from output port.
[WARNING STA-1212] /home/johnnyhuang/ISPD26-Contest/Platform/ASAP7/lib/asap7sc7p5t_SIMPLE_RVT_TT_nldm_211120.lib line 13376, timing group from output port.
[WARNING STA-1212] /home/johnnyhuang/ISPD26-Contest/Platform/ASAP7/lib/asap7sc7p5t_SIMPLE_RVT_TT_nldm_211120.lib line 14772, timing group from output port.
[WARNING STA-1212] /home/johnnyhuang/ISPD26-Contest/Platform/ASAP7/lib/asap7sc7p5t_SIMPLE_RVT_TT_nldm_211120.lib line 14805, timing group from output port.
[WARNING STA-1212] /home/johnnyhuang/ISPD26-Contest/Platform/ASAP7/lib/asap7sc7p5t_SIMPLE_RVT_TT_nldm_211120.lib line 14838, timing group from output port.
[INFO ODB-0227] LEF file: /home/johnnyhuang/ISPD26-Contest/Platform/ASAP7/lef/asap7_tech_1x_201209.lef, created 30 layers, 9 vias
[INFO ODB-0227] LEF file: /home/johnnyhuang/ISPD26-Contest/Platform/ASAP7/lef/asap7sc7p5t_28_L_1x_220121a.lef, created 212 library cells
[WARNING ODB-0217] duplicate VIARULE (Pad_M9) ignoring...
[WARNING ODB-0217] duplicate VIARULE (M9_M8) ignoring...
[WARNING ODB-0217] duplicate VIARULE (M8_M7) ignoring...
[WARNING ODB-0217] duplicate VIARULE (M7_M6) ignoring...
[WARNING ODB-0217] duplicate VIARULE (M6_M5) ignoring...
[WARNING ODB-0217] duplicate VIARULE (M3_M2widePWR0p936) ignoring...
[WARNING ODB-0217] duplicate VIARULE (M4_M3widePWR0p864) ignoring...
[WARNING ODB-0217] duplicate VIARULE (M5_M4widePWR0p864) ignoring...
[WARNING ODB-0217] duplicate VIARULE (M6_M5widePWR1p152) ignoring...
[WARNING ODB-0217] duplicate VIARULE (M7_M6widePWR1p152) ignoring...
[WARNING ODB-0217] duplicate VIARULE (M2_M1) ignoring...
[INFO ODB-0227] LEF file: /home/johnnyhuang/ISPD26-Contest/Platform/ASAP7/lef/asap7_tech_1x_201209.lef
[INFO ODB-0394] Duplicate site asap7sc7p5t in asap7sc7p5t_28_R_1x_220121a already seen in asap7sc7p5t_28_L_1x_220121a
[INFO ODB-0227] LEF file: /home/johnnyhuang/ISPD26-Contest/Platform/ASAP7/lef/asap7sc7p5t_28_R_1x_220121a.lef, created 212 library cells
[INFO ODB-0394] Duplicate site asap7sc7p5t in asap7sc7p5t_28_SL_1x_220121a already seen in asap7sc7p5t_28_L_1x_220121a
[INFO ODB-0227] LEF file: /home/johnnyhuang/ISPD26-Contest/Platform/ASAP7/lef/asap7sc7p5t_28_SL_1x_220121a.lef, created 212 library cells
[WARNING ODB-0176] error: undefined layer (OVERLAP) referenced
[INFO ODB-0227] LEF file: /home/johnnyhuang/ISPD26-Contest/Platform/ASAP7/lef/sram_asap7_64x256_1rw.lef, created 1 library cells
[INFO ODB-0127] Reading DEF file: /home/johnnyhuang/ISPD26-Contest/Benchmarks/aes_cipher_top/TCP_250_UTIL_0.40/contest.def
[INFO ODB-0128] Design: aes_cipher_top
[INFO ODB-0130]     Created 389 pins.
[INFO ODB-0131]     Created 14635 components and 78144 component-terminals.
[INFO ODB-0132]     Created 2 special nets and 29270 connections.
[INFO ODB-0133]     Created 14306 nets and 48874 connections.
[INFO ODB-0134] Finished DEF file: /home/johnnyhuang/ISPD26-Contest/Benchmarks/aes_cipher_top/TCP_250_UTIL_0.40/contest.def
[WARNING STA-0345] power scale 1e-03 does not match library scale 1e-12.
function: reduceToPi
[PI-DBG] input126/Y starting at driver node input126/Y
init values: y1=0 y2=0 y3=0 dcap=0 rd=0
[PI-DBG] input126/Y node input126/Y gnd_cap=0 coup_cap=0 coup_fac=0 pin_cap=0 total_cap=15.9 resistance=1.74e-15
[PI-DBG] input126/Y node net126:0 gnd_cap=8.71e-16 coup_cap=0 coup_fac=0 pin_cap=8.71e-16 total_cap=341 resistance=1.74e-15
[PI-DBG] input126/Y node net126:1 gnd_cap=8.71e-16 coup_cap=0 coup_fac=0 pin_cap=8.71e-16 total_cap=341 resistance=1.74e-15
[PI-DBG] input126/Y node i43/i244/B1 gnd_cap=0 coup_cap=0 coup_fac=3.49e-16 pin_cap=3.49e-16 total_cap=15.9 resistance=1.74e-15
[PI-DBG] input126/Y y1=3.48504e-16 y2=0 y3=0 c1=0 c2=0 rpi=0 rd=356.661
r/y1/y2/y3: 15.9 / 3.49e-16 / 0 / 0
[PI-DBG] input126/Y y1=1.21997e-15 y2=-1.92506e-30 y3=1.06336e-44 c1=3.48504e-16 c2=8.71468e-16 rpi=15.85 rd=356.661
r/y1/y2/y3: 325 / 1.22e-15 / -1.93e-30 / 1.06e-44
[PI-DBG] input126/Y y1=2.09144e-15 y2=-4.85574e-28 y3=1.93276e-40 c1=1.21992e-15 c2=8.71516e-16 rpi=326.28 rd=356.661
r/y1/y2/y3: 15.9 / 2.09e-15 / -4.86e-28 / 1.93e-40
[PI-DBG] input126/Y y1=2.09144e-15 y2=-5.54904e-28 y3=2.27767e-40 c1=1.3519e-15 c2=7.39541e-16 rpi=303.619 rd=356.661
function: reduceToPi
[PI-DBG] input126/Y final y1=2.09144e-15 y2=-5.54904e-28 y3=2.27767e-40 c1=1.3519e-15 c2=7.39541e-16 rpi=303.619 rd=356.661
function: reduceToPi
[PI-DBG] input126/Y starting at driver node input126/Y
init values: y1=0 y2=0 y3=0 dcap=0 rd=0
[PI-DBG] input126/Y node input126/Y gnd_cap=0 coup_cap=0 coup_fac=0 pin_cap=0 total_cap=15.9 resistance=304
[PI-DBG] input126/Y node net126:0 gnd_cap=8.71e-16 coup_cap=0 coup_fac=0 pin_cap=8.71e-16 total_cap=341 resistance=304
[PI-DBG] input126/Y node net126:1 gnd_cap=8.71e-16 coup_cap=0 coup_fac=0 pin_cap=8.71e-16 total_cap=341 resistance=304
[PI-DBG] input126/Y node i43/i244/B1 gnd_cap=0 coup_cap=0 coup_fac=4.34e-16 pin_cap=4.34e-16 total_cap=15.9 resistance=304
[PI-DBG] input126/Y y1=4.34175e-16 y2=0 y3=0 c1=0 c2=0 rpi=0 rd=356.661
r/y1/y2/y3: 15.9 / 4.34e-16 / 0 / 0
[PI-DBG] input126/Y y1=1.30564e-15 y2=-2.98785e-30 y3=2.05614e-44 c1=4.34175e-16 c2=8.71468e-16 rpi=15.85 rd=356.661
r/y1/y2/y3: 325 / 1.31e-15 / -2.99e-30 / 2.06e-44
[PI-DBG] input126/Y y1=2.17711e-15 y2=-5.56949e-28 y3=2.37592e-40 c1=1.30557e-15 c2=8.71543e-16 rpi=326.751 rd=356.661
r/y1/y2/y3: 15.9 / 2.18e-15 / -5.57e-28 / 2.38e-40
[PI-DBG] input126/Y y1=2.17711e-15 y2=-6.32075e-28 y3=2.78622e-40 c1=1.43391e-15 c2=7.432e-16 rpi=307.415 rd=356.661
function: reduceToPi
[PI-DBG] input126/Y final y1=2.17711e-15 y2=-6.32075e-28 y3=2.78622e-40 c1=1.43391e-15 c2=7.432e-16 rpi=307.415 rd=356.661
function: reduceToPi
[PI-DBG] input126/Y starting at driver node input126/Y
init values: y1=0 y2=0 y3=0 dcap=0 rd=0
[PI-DBG] input126/Y node input126/Y gnd_cap=0 coup_cap=0 coup_fac=0 pin_cap=0 total_cap=15.9 resistance=307
[PI-DBG] input126/Y node net126:0 gnd_cap=8.71e-16 coup_cap=0 coup_fac=0 pin_cap=8.71e-16 total_cap=341 resistance=307
[PI-DBG] input126/Y node net126:1 gnd_cap=8.71e-16 coup_cap=0 coup_fac=0 pin_cap=8.71e-16 total_cap=341 resistance=307
[PI-DBG] input126/Y node i43/i244/B1 gnd_cap=0 coup_cap=0 coup_fac=3.15e-16 pin_cap=3.15e-16 total_cap=15.9 resistance=307
[PI-DBG] input126/Y y1=3.14576e-16 y2=0 y3=0 c1=0 c2=0 rpi=0 rd=356.661
r/y1/y2/y3: 15.9 / 3.15e-16 / 0 / 0
[PI-DBG] input126/Y y1=1.18604e-15 y2=-1.56849e-30 y3=7.82051e-45 c1=3.14576e-16 c2=8.71468e-16 rpi=15.85 rd=356.661
r/y1/y2/y3: 325 / 1.19e-15 / -1.57e-30 / 7.82e-45
[PI-DBG] input126/Y y1=2.05751e-15 y2=-4.58691e-28 y3=1.774e-40 c1=1.18601e-15 c2=8.71506e-16 rpi=326.097 rd=356.661
r/y1/y2/y3: 15.9 / 2.06e-15 / -4.59e-28 / 1.77e-40
[PI-DBG] input126/Y y1=2.05751e-15 y2=-5.25789e-28 y3=2.09505e-40 c1=1.31956e-15 c2=7.37953e-16 rpi=301.963 rd=356.661
function: reduceToPi
[PI-DBG] input126/Y final y1=2.05751e-15 y2=-5.25789e-28 y3=2.09505e-40 c1=1.31956e-15 c2=7.37953e-16 rpi=301.963 rd=356.661
function: reduceToPi
[PI-DBG] input126/Y starting at driver node input126/Y
init values: y1=0 y2=0 y3=0 dcap=0 rd=0
[PI-DBG] input126/Y node input126/Y gnd_cap=0 coup_cap=0 coup_fac=0 pin_cap=0 total_cap=15.9 resistance=302
[PI-DBG] input126/Y node net126:0 gnd_cap=8.71e-16 coup_cap=0 coup_fac=0 pin_cap=8.71e-16 total_cap=341 resistance=302
[PI-DBG] input126/Y node net126:1 gnd_cap=8.71e-16 coup_cap=0 coup_fac=0 pin_cap=8.71e-16 total_cap=341 resistance=302
[PI-DBG] input126/Y node i43/i244/B1 gnd_cap=0 coup_cap=0 coup_fac=4.33e-16 pin_cap=4.33e-16 total_cap=15.9 resistance=302
[PI-DBG] input126/Y y1=4.3254e-16 y2=0 y3=0 c1=0 c2=0 rpi=0 rd=356.661
r/y1/y2/y3: 15.9 / 4.33e-16 / 0 / 0
[PI-DBG] input126/Y y1=1.30401e-15 y2=-2.96539e-30 y3=2.033e-44 c1=4.3254e-16 c2=8.71468e-16 rpi=15.85 rd=356.661
r/y1/y2/y3: 325 / 1.3e-15 / -2.97e-30 / 2.03e-44
[PI-DBG] input126/Y y1=2.17548e-15 y2=-5.5554e-28 y3=2.36688e-40 c1=1.30393e-15 c2=8.71543e-16 rpi=326.742 rd=356.661
r/y1/y2/y3: 15.9 / 2.18e-15 / -5.56e-28 / 2.37e-40
[PI-DBG] input126/Y y1=2.17548e-15 y2=-6.30554e-28 y3=2.77586e-40 c1=1.43234e-15 c2=7.43134e-16 rpi=307.347 rd=356.661
function: reduceToPi
[PI-DBG] input126/Y final y1=2.17548e-15 y2=-6.30554e-28 y3=2.77586e-40 c1=1.43234e-15 c2=7.43134e-16 rpi=307.347 rd=356.661
function: reduceToPi
[PI-DBG] input126/Y starting at driver node input126/Y
init values: y1=0 y2=0 y3=0 dcap=0 rd=0
[PI-DBG] input126/Y node input126/Y gnd_cap=0 coup_cap=0 coup_fac=0 pin_cap=0 total_cap=15.9 resistance=1.74e-15
[PI-DBG] input126/Y node net126:0 gnd_cap=8.71e-16 coup_cap=0 coup_fac=0 pin_cap=8.71e-16 total_cap=341 resistance=1.74e-15
[PI-DBG] input126/Y node net126:1 gnd_cap=8.71e-16 coup_cap=0 coup_fac=0 pin_cap=8.71e-16 total_cap=341 resistance=1.74e-15
[PI-DBG] input126/Y node i43/i244/B1 gnd_cap=0 coup_cap=0 coup_fac=3.49e-16 pin_cap=3.49e-16 total_cap=15.9 resistance=1.74e-15
[PI-DBG] input126/Y y1=3.48504e-16 y2=0 y3=0 c1=0 c2=0 rpi=0 rd=356.661
r/y1/y2/y3: 15.9 / 3.49e-16 / 0 / 0
[PI-DBG] input126/Y y1=1.21997e-15 y2=-1.92506e-30 y3=1.06336e-44 c1=3.48504e-16 c2=8.71468e-16 rpi=15.85 rd=356.661
r/y1/y2/y3: 325 / 1.22e-15 / -1.93e-30 / 1.06e-44
[PI-DBG] input126/Y y1=2.09144e-15 y2=-4.85574e-28 y3=1.93276e-40 c1=1.21992e-15 c2=8.71516e-16 rpi=326.28 rd=356.661
r/y1/y2/y3: 15.9 / 2.09e-15 / -4.86e-28 / 1.93e-40
[PI-DBG] input126/Y y1=2.09144e-15 y2=-5.54904e-28 y3=2.27767e-40 c1=1.3519e-15 c2=7.39541e-16 rpi=303.619 rd=356.661
function: reduceToPi
[PI-DBG] input126/Y final y1=2.09144e-15 y2=-5.54904e-28 y3=2.27767e-40 c1=1.3519e-15 c2=7.39541e-16 rpi=303.619 rd=356.661
function: reduceToPi
[PI-DBG] input126/Y starting at driver node input126/Y
init values: y1=0 y2=0 y3=0 dcap=0 rd=0
[PI-DBG] input126/Y node input126/Y gnd_cap=0 coup_cap=0 coup_fac=0 pin_cap=0 total_cap=15.9 resistance=304
[PI-DBG] input126/Y node net126:0 gnd_cap=8.71e-16 coup_cap=0 coup_fac=0 pin_cap=8.71e-16 total_cap=341 resistance=304
[PI-DBG] input126/Y node net126:1 gnd_cap=8.71e-16 coup_cap=0 coup_fac=0 pin_cap=8.71e-16 total_cap=341 resistance=304
[PI-DBG] input126/Y node i43/i244/B1 gnd_cap=0 coup_cap=0 coup_fac=4.34e-16 pin_cap=4.34e-16 total_cap=15.9 resistance=304
[PI-DBG] input126/Y y1=4.34175e-16 y2=0 y3=0 c1=0 c2=0 rpi=0 rd=356.661
r/y1/y2/y3: 15.9 / 4.34e-16 / 0 / 0
[PI-DBG] input126/Y y1=1.30564e-15 y2=-2.98785e-30 y3=2.05614e-44 c1=4.34175e-16 c2=8.71468e-16 rpi=15.85 rd=356.661
r/y1/y2/y3: 325 / 1.31e-15 / -2.99e-30 / 2.06e-44
[PI-DBG] input126/Y y1=2.17711e-15 y2=-5.56949e-28 y3=2.37592e-40 c1=1.30557e-15 c2=8.71543e-16 rpi=326.751 rd=356.661
r/y1/y2/y3: 15.9 / 2.18e-15 / -5.57e-28 / 2.38e-40
[PI-DBG] input126/Y y1=2.17711e-15 y2=-6.32075e-28 y3=2.78622e-40 c1=1.43391e-15 c2=7.432e-16 rpi=307.415 rd=356.661
function: reduceToPi
[PI-DBG] input126/Y final y1=2.17711e-15 y2=-6.32075e-28 y3=2.78622e-40 c1=1.43391e-15 c2=7.432e-16 rpi=307.415 rd=356.661
function: reduceToPi
[PI-DBG] input126/Y starting at driver node input126/Y
init values: y1=0 y2=0 y3=0 dcap=0 rd=0
[PI-DBG] input126/Y node input126/Y gnd_cap=0 coup_cap=0 coup_fac=0 pin_cap=0 total_cap=15.9 resistance=307
[PI-DBG] input126/Y node net126:0 gnd_cap=8.71e-16 coup_cap=0 coup_fac=0 pin_cap=8.71e-16 total_cap=341 resistance=307
[PI-DBG] input126/Y node net126:1 gnd_cap=8.71e-16 coup_cap=0 coup_fac=0 pin_cap=8.71e-16 total_cap=341 resistance=307
[PI-DBG] input126/Y node i43/i244/B1 gnd_cap=0 coup_cap=0 coup_fac=3.15e-16 pin_cap=3.15e-16 total_cap=15.9 resistance=307
[PI-DBG] input126/Y y1=3.14576e-16 y2=0 y3=0 c1=0 c2=0 rpi=0 rd=356.661
r/y1/y2/y3: 15.9 / 3.15e-16 / 0 / 0
[PI-DBG] input126/Y y1=1.18604e-15 y2=-1.56849e-30 y3=7.82051e-45 c1=3.14576e-16 c2=8.71468e-16 rpi=15.85 rd=356.661
r/y1/y2/y3: 325 / 1.19e-15 / -1.57e-30 / 7.82e-45
[PI-DBG] input126/Y y1=2.05751e-15 y2=-4.58691e-28 y3=1.774e-40 c1=1.18601e-15 c2=8.71506e-16 rpi=326.097 rd=356.661
r/y1/y2/y3: 15.9 / 2.06e-15 / -4.59e-28 / 1.77e-40
[PI-DBG] input126/Y y1=2.05751e-15 y2=-5.25789e-28 y3=2.09505e-40 c1=1.31956e-15 c2=7.37953e-16 rpi=301.963 rd=356.661
function: reduceToPi
[PI-DBG] input126/Y final y1=2.05751e-15 y2=-5.25789e-28 y3=2.09505e-40 c1=1.31956e-15 c2=7.37953e-16 rpi=301.963 rd=356.661
function: reduceToPi
[PI-DBG] input126/Y starting at driver node input126/Y
init values: y1=0 y2=0 y3=0 dcap=0 rd=0
[PI-DBG] input126/Y node input126/Y gnd_cap=0 coup_cap=0 coup_fac=0 pin_cap=0 total_cap=15.9 resistance=302
[PI-DBG] input126/Y node net126:0 gnd_cap=8.71e-16 coup_cap=0 coup_fac=0 pin_cap=8.71e-16 total_cap=341 resistance=302
[PI-DBG] input126/Y node net126:1 gnd_cap=8.71e-16 coup_cap=0 coup_fac=0 pin_cap=8.71e-16 total_cap=341 resistance=302
[PI-DBG] input126/Y node i43/i244/B1 gnd_cap=0 coup_cap=0 coup_fac=4.33e-16 pin_cap=4.33e-16 total_cap=15.9 resistance=302
[PI-DBG] input126/Y y1=4.3254e-16 y2=0 y3=0 c1=0 c2=0 rpi=0 rd=356.661
r/y1/y2/y3: 15.9 / 4.33e-16 / 0 / 0
[PI-DBG] input126/Y y1=1.30401e-15 y2=-2.96539e-30 y3=2.033e-44 c1=4.3254e-16 c2=8.71468e-16 rpi=15.85 rd=356.661
r/y1/y2/y3: 325 / 1.3e-15 / -2.97e-30 / 2.03e-44
[PI-DBG] input126/Y y1=2.17548e-15 y2=-5.5554e-28 y3=2.36688e-40 c1=1.30393e-15 c2=8.71543e-16 rpi=326.742 rd=356.661
r/y1/y2/y3: 15.9 / 2.18e-15 / -5.56e-28 / 2.37e-40
[PI-DBG] input126/Y y1=2.17548e-15 y2=-6.30554e-28 y3=2.77586e-40 c1=1.43234e-15 c2=7.43134e-16 rpi=307.347 rd=356.661
function: reduceToPi
[PI-DBG] input126/Y final y1=2.17548e-15 y2=-6.30554e-28 y3=2.77586e-40 c1=1.43234e-15 c2=7.43134e-16 rpi=307.347 rd=356.661
 time 1ns
 capacitance 1pF
 resistance 1kohm
 voltage 1v
 current 1mA
 power 1pW
 distance 1um
tns max -277.65
wns max -1.02
Group                  Internal  Switching    Leakage      Total
                          Power      Power      Power      Power (Watts)
----------------------------------------------------------------
Sequential             1.10e-02   2.28e-03   1.85e-05   1.33e-02  19.5%
Combinational          2.39e-02   3.11e-02   9.06e-05   5.50e-02  80.5%
Clock                  0.00e+00   0.00e+00   0.00e+00   0.00e+00   0.0%
Macro                  0.00e+00   0.00e+00   0.00e+00   0.00e+00   0.0%
Pad                    0.00e+00   0.00e+00   0.00e+00   0.00e+00   0.0%
----------------------------------------------------------------
Total                  3.49e-02   3.33e-02   1.09e-04   6.84e-02 100.0%
                          51.1%      48.8%       0.2%
set RC
No steiner points for net SE
No steiner points for net clk
No steiner points for net VDD
No steiner points for net VSS
successfully find output->output arc CON  to  SN
successfully find output->output arc CON  to  SN
No steiner points for net i43/n10
No steiner points for net i43/n11
No steiner points for net i43/n12
No steiner points for net i43/n13
No steiner points for net i43/n14
No steiner points for net i43/n15
No steiner points for net i43/n16
No steiner points for net i43/n17
No steiner points for net i43/n18
No steiner points for net i43/n19
No steiner points for net i43/n20
No steiner points for net i43/n21
No steiner points for net i43/n22
No steiner points for net i43/n23
No steiner points for net i43/n24
No steiner points for net i43/n25
No steiner points for net i43/n26
successfully find output->output arc CON  to  SN
successfully find output->output arc CON  to  SN
successfully find output->output arc CON  to  SN
successfully find output->output arc CON  to  SN
successfully find output->output arc CON  to  SN
successfully find output->output arc CON  to  SN
successfully find output->output arc CON  to  SN
successfully find output->output arc CON  to  SN
successfully find output->output arc CON  to  SN
successfully find output->output arc CON  to  SN
successfully find output->output arc CON  to  SN
successfully find output->output arc CON  to  SN
No steiner points for net i43/n3
successfully find output->output arc CON  to  SN
successfully find output->output arc CON  to  SN
successfully find output->output arc CON  to  SN
successfully find output->output arc CON  to  SN
successfully find output->output arc CON  to  SN
successfully find output->output arc CON  to  SN
successfully find output->output arc CON  to  SN
successfully find output->output arc CON  to  SN
successfully find output->output arc CON  to  SN
successfully find output->output arc CON  to  SN
successfully find output->output arc CON  to  SN
successfully find output->output arc CON  to  SN
successfully find output->output arc CON  to  SN
successfully find output->output arc CON  to  SN
successfully find output->output arc CON  to  SN
successfully find output->output arc CON  to  SN
successfully find output->output arc CON  to  SN
successfully find output->output arc CON  to  SN
successfully find output->output arc CON  to  SN
successfully find output->output arc CON  to  SN
successfully find output->output arc CON  to  SN
successfully find output->output arc CON  to  SN
successfully find output->output arc CON  to  SN
successfully find output->output arc CON  to  SN
successfully find output->output arc CON  to  SN
successfully find output->output arc CON  to  SN
successfully find output->output arc CON  to  SN
successfully find output->output arc CON  to  SN
successfully find output->output arc CON  to  SN
successfully find output->output arc CON  to  SN
successfully find output->output arc CON  to  SN
successfully find output->output arc CON  to  SN
successfully find output->output arc CON  to  SN
successfully find output->output arc CON  to  SN
successfully find output->output arc CON  to  SN
successfully find output->output arc CON  to  SN
successfully find output->output arc CON  to  SN
successfully find output->output arc CON  to  SN
successfully find output->output arc CON  to  SN
successfully find output->output arc CON  to  SN
No steiner points for net i43/n4
successfully find output->output arc CON  to  SN
successfully find output->output arc CON  to  SN
successfully find output->output arc CON  to  SN
successfully find output->output arc CON  to  SN
No steiner points for net i43/n5
No steiner points for net i43/n6
No steiner points for net i43/n7
No steiner points for net i43/n8
No steiner points for net i43/n9
successfully find output->output arc CON  to  SN
successfully find output->output arc CON  to  SN
successfully find output->output arc CON  to  SN
successfully find output->output arc CON  to  SN
Number of point:  58344
[INFO] chosen buffer: BUFx2_ASAP7_75t_L  input cap: 5.504460018995424e-16
Load tensor requires grad: True
current runtime: wire: 0.3122694492340088 gate LUT: 1.800001859664917
[INSTA] TNS: -5.173823183213244e-07, WNS: -1.3998614489807437e-09
[INSTA] Switching Power: 0.0469498448073864
[INFO] Epoch 0: Loss = 149.07467651367188
Load tensor requires grad: True
current runtime: wire: 0.5839219093322754 gate LUT: 3.550691843032837
[INSTA] TNS: -4.646741729175119e-07, WNS: -1.251813430691584e-09
[INSTA] Switching Power: 0.04644787684082985
[INFO] Epoch 1: Loss = 133.88775634765625
Load tensor requires grad: True
current runtime: wire: 0.8685789108276367 gate LUT: 5.30610466003418
[INSTA] TNS: -4.2083465245923435e-07, WNS: -1.129506044250661e-09
[INSTA] Switching Power: 0.04594418779015541
[INFO] Epoch 2: Loss = 121.25616455078125
Load tensor requires grad: True
current runtime: wire: 1.1345248222351074 gate LUT: 6.897689580917358
[INSTA] TNS: -3.843210549803189e-07, WNS: -1.029116458717283e-09
[INSTA] Switching Power: 0.04544564709067345
[INFO] Epoch 3: Loss = 110.73539733886719
Load tensor requires grad: True
current runtime: wire: 1.4297153949737549 gate LUT: 8.729429244995117
[INSTA] TNS: -3.5417255617176124e-07, WNS: -9.46998035544766e-10
[INSTA] Switching Power: 0.04496448487043381
[INFO] Epoch 4: Loss = 102.04863739013672
Load tensor requires grad: True
current runtime: wire: 1.7324271202087402 gate LUT: 10.658318758010864
[INSTA] TNS: -3.291438588348683e-07, WNS: -8.797941264404585e-10
[INSTA] Switching Power: 0.044513531029224396
[INFO] Epoch 5: Loss = 94.83705139160156
Load tensor requires grad: True
current runtime: wire: 2.0256032943725586 gate LUT: 12.414791107177734
[INSTA] TNS: -3.0830454988972633e-07, WNS: -8.246127114475144e-10
[INSTA] Switching Power: 0.04408920928835869
[INFO] Epoch 6: Loss = 88.83256530761719
Load tensor requires grad: True
current runtime: wire: 2.2998218536376953 gate LUT: 14.150391578674316
[INSTA] TNS: -2.907895009229833e-07, WNS: -7.79059983191388e-10
[INSTA] Switching Power: 0.04369695484638214
[INFO] Epoch 7: Loss = 83.78591918945312
Load tensor requires grad: True
current runtime: wire: 2.6182374954223633 gate LUT: 16.016998767852783
[INSTA] TNS: -2.7589686624196474e-07, WNS: -7.41193662001649e-10
[INSTA] Switching Power: 0.043331295251846313
[INFO] Epoch 8: Loss = 79.49486541748047
Load tensor requires grad: True
current runtime: wire: 2.9168663024902344 gate LUT: 17.728206396102905
[INSTA] TNS: -2.631018105603289e-07, WNS: -7.094545506625138e-10
[INSTA] Switching Power: 0.04299091547727585
[INFO] Epoch 9: Loss = 75.80818939208984
Load tensor requires grad: True
current runtime: wire: 3.2194771766662598 gate LUT: 19.645952463150024
[INSTA] TNS: -2.521641704333888e-07, WNS: -6.826018084105101e-10
[INSTA] Switching Power: 0.04267481341958046
[INFO] Epoch 10: Loss = 72.65670013427734
Load tensor requires grad: True
current runtime: wire: 3.5922813415527344 gate LUT: 21.976588249206543
[INSTA] TNS: -2.4271420784316433e-07, WNS: -6.596554968929524e-10
[INSTA] Switching Power: 0.042380981147289276
[INFO] Epoch 11: Loss = 69.9338607788086
Load tensor requires grad: True
current runtime: wire: 3.905164957046509 gate LUT: 23.964226245880127
[INSTA] TNS: -2.3435728735421435e-07, WNS: -6.398450103084485e-10
[INSTA] Switching Power: 0.042107682675123215
[INFO] Epoch 12: Loss = 67.52595520019531
Load tensor requires grad: True
current runtime: wire: 4.214579343795776 gate LUT: 25.762989044189453
[INSTA] TNS: -2.2689596335112583e-07, WNS: -6.225663318204511e-10
[INSTA] Switching Power: 0.04185301065444946
[INFO] Epoch 13: Loss = 65.37611389160156
Load tensor requires grad: True
current runtime: wire: 4.519416332244873 gate LUT: 27.549317836761475
[INSTA] TNS: -2.2030074831036472e-07, WNS: -6.073480607327042e-10
[INSTA] Switching Power: 0.0416167750954628
[INFO] Epoch 14: Loss = 63.47581481933594
Load tensor requires grad: True
current runtime: wire: 4.787132740020752 gate LUT: 29.17325735092163
[INSTA] TNS: -2.143489439276891e-07, WNS: -5.93821269934125e-10
[INSTA] Switching Power: 0.041397374123334885
[INFO] Epoch 15: Loss = 61.76090621948242
Load tensor requires grad: True
current runtime: wire: 5.139108657836914 gate LUT: 31.519148349761963
[INSTA] TNS: -2.0892777286007913e-07, WNS: -5.816969128602523e-10
[INSTA] Switching Power: 0.04119255393743515
[INFO] Epoch 16: Loss = 60.198890686035156
Load tensor requires grad: True
current runtime: wire: 5.435025215148926 gate LUT: 33.38205003738403
[INSTA] TNS: -2.0398144329192291e-07, WNS: -5.707489481032724e-10
[INSTA] Switching Power: 0.041001416742801666
[INFO] Epoch 17: Loss = 58.77368927001953
Load tensor requires grad: True
current runtime: wire: 5.721344709396362 gate LUT: 35.478442430496216
[INSTA] TNS: -1.994302465391229e-07, WNS: -5.607989073119768e-10
[INSTA] Switching Power: 0.040822744369506836
[INFO] Epoch 18: Loss = 57.462345123291016
Load tensor requires grad: True
current runtime: wire: 6.01871395111084 gate LUT: 37.404879331588745
[INSTA] TNS: -1.9528107486621593e-07, WNS: -5.517060697179943e-10
[INSTA] Switching Power: 0.04065556079149246
[INFO] Epoch 19: Loss = 56.26683044433594
Load tensor requires grad: True
current runtime: wire: 6.303842306137085 gate LUT: 39.22250962257385
[INSTA] TNS: -1.9140047413657157e-07, WNS: -5.433582472846865e-10
[INSTA] Switching Power: 0.0404994934797287
[INFO] Epoch 20: Loss = 55.148704528808594
Load tensor requires grad: True
current runtime: wire: 6.579487562179565 gate LUT: 40.89787268638611
[INSTA] TNS: -1.8782910160553001e-07, WNS: -5.356642907017317e-10
[INSTA] Switching Power: 0.04035312682390213
[INFO] Epoch 21: Loss = 54.11967849731445
Load tensor requires grad: True
current runtime: wire: 6.841861248016357 gate LUT: 42.421080112457275
[INSTA] TNS: -1.8450899119670794e-07, WNS: -5.285511472941096e-10
[INSTA] Switching Power: 0.040216244757175446
[INFO] Epoch 22: Loss = 53.16304016113281
Load tensor requires grad: True
current runtime: wire: 7.09775185585022 gate LUT: 43.8795051574707
[INSTA] TNS: -1.814021430845969e-07, WNS: -5.219571441728021e-10
[INSTA] Switching Power: 0.0400872565805912
[INFO] Epoch 23: Loss = 52.267860412597656
Load tensor requires grad: True
current runtime: wire: 7.353359937667847 gate LUT: 45.3541202545166
[INSTA] TNS: -1.7847865763087611e-07, WNS: -5.158315996567353e-10
[INSTA] Switching Power: 0.03996608406305313
[INFO] Epoch 24: Loss = 51.42551040649414
Load tensor requires grad: True
current runtime: wire: 7.613060712814331 gate LUT: 46.821343183517456
[INSTA] TNS: -1.7571380794834113e-07, WNS: -5.101304378918314e-10
[INSTA] Switching Power: 0.039851974695920944
[INFO] Epoch 25: Loss = 50.628868103027344
Load tensor requires grad: True
current runtime: wire: 7.872546911239624 gate LUT: 48.309102296829224
[INSTA] TNS: -1.7312909506017604e-07, WNS: -5.048152451614385e-10
[INSTA] Switching Power: 0.03974442183971405
[INFO] Epoch 26: Loss = 49.884124755859375
Load tensor requires grad: True
current runtime: wire: 8.136935234069824 gate LUT: 49.831063985824585
[INSTA] TNS: -1.706907255538681e-07, WNS: -4.998527147748177e-10
[INSTA] Switching Power: 0.0396425724029541
[INFO] Epoch 27: Loss = 49.18155288696289
Load tensor requires grad: True
current runtime: wire: 8.396344661712646 gate LUT: 51.329302072525024
[INSTA] TNS: -1.6841960359670338e-07, WNS: -4.952127596880018e-10
[INSTA] Switching Power: 0.03954610601067543
[INFO] Epoch 28: Loss = 48.52716827392578
Load tensor requires grad: True
current runtime: wire: 8.655590057373047 gate LUT: 52.838419675827026
[INSTA] TNS: -1.6625651255708362e-07, WNS: -4.9086784636998e-10
[INSTA] Switching Power: 0.03945509344339371
[INFO] Epoch 29: Loss = 47.903907775878906
Load tensor requires grad: True
current runtime: wire: 8.912947654724121 gate LUT: 54.29655456542969
[INSTA] TNS: -1.642217171138327e-07, WNS: -4.867930503138496e-10
[INSTA] Switching Power: 0.03936950862407684
[INFO] Epoch 30: Loss = 47.31761932373047
Load tensor requires grad: True
current runtime: wire: 9.171137571334839 gate LUT: 55.783119678497314
[INSTA] TNS: -1.622928351707742e-07, WNS: -4.829661670591179e-10
[INSTA] Switching Power: 0.039288654923439026
[INFO] Epoch 31: Loss = 46.76184844970703
Load tensor requires grad: True
current runtime: wire: 9.441548585891724 gate LUT: 57.47667336463928
[INSTA] TNS: -1.6046192286012229e-07, WNS: -4.793658803237122e-10
[INSTA] Switching Power: 0.039212629199028015
[INFO] Epoch 32: Loss = 46.23430252075195
Load tensor requires grad: True
current runtime: wire: 9.701596975326538 gate LUT: 58.969125270843506
[INSTA] TNS: -1.5872512904024916e-07, WNS: -4.759731497827602e-10
[INSTA] Switching Power: 0.03914012014865875
[INFO] Epoch 33: Loss = 45.7338752746582
Load tensor requires grad: True
current runtime: wire: 9.958956480026245 gate LUT: 60.44405388832092
[INSTA] TNS: -1.5707838940670626e-07, WNS: -4.727707114682289e-10
[INSTA] Switching Power: 0.03907100111246109
[INFO] Epoch 34: Loss = 45.259395599365234
Load tensor requires grad: True
current runtime: wire: 10.218363285064697 gate LUT: 61.91328716278076
[INSTA] TNS: -1.5550376986084302e-07, WNS: -4.69741912034749e-10
[INSTA] Switching Power: 0.039005521684885025
[INFO] Epoch 35: Loss = 44.805694580078125
Load tensor requires grad: True
current runtime: wire: 10.476649522781372 gate LUT: 63.39672517776489
[INSTA] TNS: -1.5400426889300434e-07, WNS: -4.668726516499078e-10
[INSTA] Switching Power: 0.0389438234269619
[INFO] Epoch 36: Loss = 44.37364196777344
Load tensor requires grad: True
current runtime: wire: 10.739084243774414 gate LUT: 64.87864422798157
[INSTA] TNS: -1.5257057839335175e-07, WNS: -4.64148858236868e-10
[INSTA] Switching Power: 0.03888511657714844
[INFO] Epoch 37: Loss = 43.960548400878906
Load tensor requires grad: True
current runtime: wire: 10.99799108505249 gate LUT: 66.34288787841797
[INSTA] TNS: -1.51203011000689e-07, WNS: -4.6155854138696384e-10
[INSTA] Switching Power: 0.0388294979929924
[INFO] Epoch 38: Loss = 43.56650924682617
Load tensor requires grad: True
current runtime: wire: 11.257104873657227 gate LUT: 67.8214373588562
[INSTA] TNS: -1.498877395533782e-07, WNS: -4.5909043233649527e-10
[INSTA] Switching Power: 0.038776326924562454
[INFO] Epoch 39: Loss = 43.187538146972656
Load tensor requires grad: True
current runtime: wire: 11.517675161361694 gate LUT: 69.30941247940063
[INSTA] TNS: -1.486305336584337e-07, WNS: -4.5673415050018207e-10
[INSTA] Switching Power: 0.03872516751289368
[INFO] Epoch 40: Loss = 42.825294494628906
Load tensor requires grad: True
current runtime: wire: 11.776520729064941 gate LUT: 70.77446007728577
[INSTA] TNS: -1.4742654741439765e-07, WNS: -4.5448031449346615e-10
[INSTA] Switching Power: 0.03867581859230995
[INFO] Epoch 41: Loss = 42.47838592529297
Load tensor requires grad: True
current runtime: wire: 12.035361289978027 gate LUT: 72.24162364006042
[INSTA] TNS: -1.4625913991039852e-07, WNS: -4.5232076417711653e-10
[INSTA] Switching Power: 0.038628362119197845
[INFO] Epoch 42: Loss = 42.14202117919922
Load tensor requires grad: True
current runtime: wire: 12.311277151107788 gate LUT: 73.80805087089539
[INSTA] TNS: -1.4514519364183798e-07, WNS: -4.5024761696765836e-10
[INSTA] Switching Power: 0.0385829359292984
[INFO] Epoch 43: Loss = 41.8210563659668
Load tensor requires grad: True
current runtime: wire: 12.567952394485474 gate LUT: 75.27712392807007
[INSTA] TNS: -1.440658934370731e-07, WNS: -4.4825376743773404e-10
[INSTA] Switching Power: 0.03853962570428848
[INFO] Epoch 44: Loss = 41.51007080078125
Load tensor requires grad: True
current runtime: wire: 12.82508373260498 gate LUT: 76.74618744850159
[INSTA] TNS: -1.4302942474841984e-07, WNS: -4.4633294282725444e-10
[INSTA] Switching Power: 0.03849836438894272
[INFO] Epoch 45: Loss = 41.21143341064453
Load tensor requires grad: True
current runtime: wire: 13.08286452293396 gate LUT: 78.20155763626099
[INSTA] TNS: -1.420243904703966e-07, WNS: -4.4447923119861343e-10
[INSTA] Switching Power: 0.038459211587905884
[INFO] Epoch 46: Loss = 40.921852111816406
Load tensor requires grad: True
current runtime: wire: 13.338664293289185 gate LUT: 79.68873333930969
[INSTA] TNS: -1.410549828051444e-07, WNS: -4.4268738674801966e-10
[INSTA] Switching Power: 0.038421522825956345
[INFO] Epoch 47: Loss = 40.64252853393555
Load tensor requires grad: True
current runtime: wire: 13.622753143310547 gate LUT: 81.24836897850037
[INSTA] TNS: -1.4011085625043052e-07, WNS: -4.409527742943453e-10
[INSTA] Switching Power: 0.03838551789522171
[INFO] Epoch 48: Loss = 40.37049865722656
Load tensor requires grad: True
current runtime: wire: 14.221280336380005 gate LUT: 83.12459945678711
[INSTA] TNS: -1.3920332264660829e-07, WNS: -4.3927089743434067e-10
[INSTA] Switching Power: 0.03835088014602661
[INFO] Epoch 49: Loss = 40.109004974365234
Load tensor requires grad: True
current runtime: wire: 14.511857748031616 gate LUT: 84.87538647651672
[INSTA] TNS: -1.3831905221195484e-07, WNS: -4.37637620587239e-10
[INSTA] Switching Power: 0.03831719979643822
[INFO] Epoch 50: Loss = 39.854217529296875
Load tensor requires grad: True
current runtime: wire: 14.779675245285034 gate LUT: 86.48050022125244
[INSTA] TNS: -1.374675093757105e-07, WNS: -4.360494187949371e-10
[INSTA] Switching Power: 0.03828490898013115
[INFO] Epoch 51: Loss = 39.608863830566406
Load tensor requires grad: True
current runtime: wire: 15.049334287643433 gate LUT: 88.09897685050964
[INSTA] TNS: -1.3663483855452796e-07, WNS: -4.3450307241066355e-10
[INSTA] Switching Power: 0.03825366124510765
[INFO] Epoch 52: Loss = 39.36894226074219
Load tensor requires grad: True
current runtime: wire: 15.338087320327759 gate LUT: 89.6709132194519
[INSTA] TNS: -1.358230861114862e-07, WNS: -4.3299566709897874e-10
[INSTA] Switching Power: 0.038223158568143845
[INFO] Epoch 53: Loss = 39.13505172729492
Load tensor requires grad: True
current runtime: wire: 15.6074538230896 gate LUT: 91.21928429603577
[INSTA] TNS: -1.3503232310085878e-07, WNS: -4.3152395545753564e-10
[INSTA] Switching Power: 0.03819386661052704
[INFO] Epoch 54: Loss = 38.90720748901367
Load tensor requires grad: True
current runtime: wire: 15.88308048248291 gate LUT: 92.85522794723511
[INSTA] TNS: -1.34260190520763e-07, WNS: -4.300861056183436e-10
[INSTA] Switching Power: 0.038165315985679626
[INFO] Epoch 55: Loss = 38.684730529785156
Load tensor requires grad: True
current runtime: wire: 16.137933015823364 gate LUT: 94.33306121826172
[INSTA] TNS: -1.3350920369248342e-07, WNS: -4.286794252905679e-10
[INSTA] Switching Power: 0.03813772276043892
[INFO] Epoch 56: Loss = 38.468345642089844
Load tensor requires grad: True
current runtime: wire: 16.393900632858276 gate LUT: 95.82015562057495
[INSTA] TNS: -1.327848906385043e-07, WNS: -4.273019715839155e-10
[INSTA] Switching Power: 0.0381111279129982
[INFO] Epoch 57: Loss = 38.259647369384766
Load tensor requires grad: True
current runtime: wire: 16.66266942024231 gate LUT: 97.36215662956238
[INSTA] TNS: -1.3207433369188948e-07, WNS: -4.259518293636688e-10
[INSTA] Switching Power: 0.03808517009019852
[INFO] Epoch 58: Loss = 38.05491256713867
Load tensor requires grad: True
current runtime: wire: 16.940550327301025 gate LUT: 99.01273274421692
[INSTA] TNS: -1.3137277221630939e-07, WNS: -4.246274998287447e-10
[INSTA] Switching Power: 0.03806006535887718
[INFO] Epoch 59: Loss = 37.8527717590332
Load tensor requires grad: True
current runtime: wire: 17.203080415725708 gate LUT: 100.53322315216064
[INSTA] TNS: -1.3068894588741387e-07, WNS: -4.233273176446062e-10
[INSTA] Switching Power: 0.03803565725684166
[INFO] Epoch 60: Loss = 37.655738830566406
Load tensor requires grad: True
current runtime: wire: 17.465277194976807 gate LUT: 102.0447371006012
[INSTA] TNS: -1.300254552916158e-07, WNS: -4.2205006156592617e-10
[INSTA] Switching Power: 0.03801184147596359
[INFO] Epoch 61: Loss = 37.46456527709961
Load tensor requires grad: True
current runtime: wire: 17.72766351699829 gate LUT: 103.56044745445251
[INSTA] TNS: -1.2937051963035628e-07, WNS: -4.207946768808313e-10
[INSTA] Switching Power: 0.037988901138305664
[INFO] Epoch 62: Loss = 37.275856018066406
Load tensor requires grad: True
current runtime: wire: 17.995250701904297 gate LUT: 105.05747890472412
[INSTA] TNS: -1.2873340438090963e-07, WNS: -4.1955997009957e-10
[INSTA] Switching Power: 0.03796667605638504
[INFO] Epoch 63: Loss = 37.092281341552734
Load tensor requires grad: True
current runtime: wire: 18.259483814239502 gate LUT: 106.5427188873291
[INSTA] TNS: -1.2811152316771768e-07, WNS: -4.1834527508832764e-10
[INSTA] Switching Power: 0.037945084273815155
[INFO] Epoch 64: Loss = 36.91310119628906
Load tensor requires grad: True
current runtime: wire: 18.520866870880127 gate LUT: 108.10339140892029
[INSTA] TNS: -1.2750217592838453e-07, WNS: -4.171498424465625e-10
[INSTA] Switching Power: 0.037924330681562424
[INFO] Epoch 65: Loss = 36.737525939941406
Load tensor requires grad: True
current runtime: wire: 18.79135823249817 gate LUT: 109.58731532096863
[INSTA] TNS: -1.2690605899479124e-07, WNS: -4.1597306155161107e-10
[INSTA] Switching Power: 0.0379042774438858
[INFO] Epoch 66: Loss = 36.565765380859375
Load tensor requires grad: True
current runtime: wire: 19.056210041046143 gate LUT: 111.10264587402344
[INSTA] TNS: -1.2632624191155628e-07, WNS: -4.1481457158099033e-10
[INSTA] Switching Power: 0.03788486868143082
[INFO] Epoch 67: Loss = 36.39870071411133
Load tensor requires grad: True
current runtime: wire: 19.314010858535767 gate LUT: 112.57751512527466
[INSTA] TNS: -1.2575601715525409e-07, WNS: -4.136740672233685e-10
[INSTA] Switching Power: 0.037865910679101944
[INFO] Epoch 68: Loss = 36.23440170288086
Load tensor requires grad: True
current runtime: wire: 19.57463765144348 gate LUT: 114.07689571380615
[INSTA] TNS: -1.251973031912712e-07, WNS: -4.125513264341407e-10
[INSTA] Switching Power: 0.03784744068980217
[INFO] Epoch 69: Loss = 36.07341766357422
Load tensor requires grad: True
current runtime: wire: 19.833908319473267 gate LUT: 115.53382229804993
[INSTA] TNS: -1.2464947474200017e-07, WNS: -4.11446487991185e-10
[INSTA] Switching Power: 0.03782984986901283
[INFO] Epoch 70: Loss = 35.91556930541992
Load tensor requires grad: True
current runtime: wire: 20.094900369644165 gate LUT: 117.04365658760071
[INSTA] TNS: -1.2411811667334405e-07, WNS: -4.103594963833501e-10
[INSTA] Switching Power: 0.0378132164478302
[INFO] Epoch 71: Loss = 35.76246643066406
Load tensor requires grad: True
current runtime: wire: 20.449705123901367 gate LUT: 119.52551341056824
[INSTA] TNS: -1.2360189316495962e-07, WNS: -4.092907124331191e-10
[INSTA] Switching Power: 0.03779709339141846
[INFO] Epoch 72: Loss = 35.61372756958008
Load tensor requires grad: True
current runtime: wire: 20.791070461273193 gate LUT: 121.66104078292847
[INSTA] TNS: -1.230949209229948e-07, WNS: -4.0824021940721877e-10
[INSTA] Switching Power: 0.03778161481022835
[INFO] Epoch 73: Loss = 35.4676513671875
Load tensor requires grad: True
current runtime: wire: 21.069312572479248 gate LUT: 123.3941297531128
[INSTA] TNS: -1.2260542803232966e-07, WNS: -4.072086001727371e-10
[INSTA] Switching Power: 0.03776685893535614
[INFO] Epoch 74: Loss = 35.32661437988281
Load tensor requires grad: True
current runtime: wire: 21.376561880111694 gate LUT: 125.31484365463257
[INSTA] TNS: -1.2212306899073155e-07, WNS: -4.0619613228543017e-10
[INSTA] Switching Power: 0.037752650678157806
[INFO] Epoch 75: Loss = 35.18762969970703
Load tensor requires grad: True
current runtime: wire: 21.70923614501953 gate LUT: 127.50499773025513
[INSTA] TNS: -1.2165685348008992e-07, WNS: -4.0520353739026405e-10
[INSTA] Switching Power: 0.03773895651102066
[INFO] Epoch 76: Loss = 35.05329895019531
Load tensor requires grad: True
current runtime: wire: 22.022939682006836 gate LUT: 129.4621970653534
[INSTA] TNS: -1.212018645446733e-07, WNS: -4.042311763097217e-10
[INSTA] Switching Power: 0.037725772708654404
[INFO] Epoch 77: Loss = 34.922203063964844
Load tensor requires grad: True
current runtime: wire: 22.32568907737732 gate LUT: 131.48604321479797
[INSTA] TNS: -1.207575621720025e-07, WNS: -4.0327988171107165e-10
[INSTA] Switching Power: 0.03771359100937843
[INFO] Epoch 78: Loss = 34.79418182373047
Load tensor requires grad: True
current runtime: wire: 22.613084077835083 gate LUT: 133.3415117263794
[INSTA] TNS: -1.203292328000316e-07, WNS: -4.0235001441679685e-10
[INSTA] Switching Power: 0.037702515721321106
[INFO] Epoch 79: Loss = 34.67076873779297
Load tensor requires grad: True
current runtime: wire: 22.889293670654297 gate LUT: 135.07096767425537
[INSTA] TNS: -1.199130537088422e-07, WNS: -4.014422960718633e-10
[INSTA] Switching Power: 0.037692081183195114
[INFO] Epoch 80: Loss = 34.55085372924805
Load tensor requires grad: True
current runtime: wire: 23.456806659698486 gate LUT: 136.71611523628235
[INSTA] TNS: -1.1951028966450394e-07, WNS: -4.005573372989346e-10
[INSTA] Switching Power: 0.03768230602145195
[INFO] Epoch 81: Loss = 34.4348030090332
Load tensor requires grad: True
current runtime: wire: 23.73464298248291 gate LUT: 138.36645412445068
[INSTA] TNS: -1.1912047170881124e-07, WNS: -3.9969558218722057e-10
[INSTA] Switching Power: 0.037672996520996094
[INFO] Epoch 82: Loss = 34.32248306274414
Load tensor requires grad: True
current runtime: wire: 24.007000207901 gate LUT: 140.08144402503967
[INSTA] TNS: -1.1874668359723728e-07, WNS: -3.988575580926579e-10
[INSTA] Switching Power: 0.03766408562660217
[INFO] Epoch 83: Loss = 34.21478271484375
Load tensor requires grad: True
current runtime: wire: 24.276643753051758 gate LUT: 141.6657531261444
[INSTA] TNS: -1.183849818175986e-07, WNS: -3.9804373686003203e-10
[INSTA] Switching Power: 0.03765524923801422
[INFO] Epoch 84: Loss = 34.110565185546875
Load tensor requires grad: True
current runtime: wire: 24.549667835235596 gate LUT: 143.34996151924133
[INSTA] TNS: -1.1803430766121892e-07, WNS: -3.9725442380067477e-10
[INSTA] Switching Power: 0.03764675185084343
[INFO] Epoch 85: Loss = 34.009525299072266
Load tensor requires grad: True
current runtime: wire: 24.855656385421753 gate LUT: 145.07680225372314
[INSTA] TNS: -1.1769611774070654e-07, WNS: -3.964901462705228e-10
[INSTA] Switching Power: 0.03763817250728607
[INFO] Epoch 86: Loss = 33.91208267211914
Load tensor requires grad: True
current runtime: wire: 25.227768659591675 gate LUT: 147.81322717666626
[INSTA] TNS: -1.1737240868114895e-07, WNS: -3.957509597807274e-10
[INSTA] Switching Power: 0.03762958198785782
[INFO] Epoch 87: Loss = 33.818809509277344
Load tensor requires grad: True
current runtime: wire: 25.536067962646484 gate LUT: 149.60616540908813
[INSTA] TNS: -1.1705913749437968e-07, WNS: -3.9503664228668356e-10
[INSTA] Switching Power: 0.03762136027216911
[INFO] Epoch 88: Loss = 33.728546142578125
Load tensor requires grad: True
current runtime: wire: 25.80372977256775 gate LUT: 151.13558721542358
[INSTA] TNS: -1.16757263413092e-07, WNS: -3.9434758236644996e-10
[INSTA] Switching Power: 0.037613704800605774
[INFO] Epoch 89: Loss = 33.64156723022461
Load tensor requires grad: True
current runtime: wire: 26.059876918792725 gate LUT: 152.6347234249115
[INSTA] TNS: -1.1646739039861131e-07, WNS: -3.936838632867534e-10
[INSTA] Switching Power: 0.03760608285665512
[INFO] Epoch 90: Loss = 33.55804443359375
Load tensor requires grad: True
current runtime: wire: 26.31882381439209 gate LUT: 154.15650081634521
[INSTA] TNS: -1.1618965345405741e-07, WNS: -3.9304529075856465e-10
[INSTA] Switching Power: 0.03759841248393059
[INFO] Epoch 91: Loss = 33.47801971435547
Load tensor requires grad: True
current runtime: wire: 26.588677883148193 gate LUT: 155.7389678955078
[INSTA] TNS: -1.1592669579840731e-07, WNS: -3.9243175375958117e-10
[INSTA] Switching Power: 0.037591010332107544
[INFO] Epoch 92: Loss = 33.402252197265625
Load tensor requires grad: True
current runtime: wire: 26.85012674331665 gate LUT: 157.1979682445526
[INSTA] TNS: -1.156715327965685e-07, WNS: -3.918431135119249e-10
[INSTA] Switching Power: 0.03758375719189644
[INFO] Epoch 93: Loss = 33.3287353515625
Load tensor requires grad: True
current runtime: wire: 27.10813546180725 gate LUT: 158.66874241828918
[INSTA] TNS: -1.1542677214038122e-07, WNS: -3.9127878714850794e-10
[INSTA] Switching Power: 0.037576593458652496
[INFO] Epoch 94: Loss = 33.258209228515625
Load tensor requires grad: True
current runtime: wire: 27.36730647087097 gate LUT: 160.1531116962433
[INSTA] TNS: -1.1519477993715554e-07, WNS: -3.907389689583596e-10
[INSTA] Switching Power: 0.03756994009017944
[INFO] Epoch 95: Loss = 33.19136428833008
Load tensor requires grad: True
current runtime: wire: 27.629714488983154 gate LUT: 161.63276410102844
[INSTA] TNS: -1.1497236585000792e-07, WNS: -3.9022302056324065e-10
[INSTA] Switching Power: 0.03756356239318848
[INFO] Epoch 96: Loss = 33.127281188964844
Load tensor requires grad: True
current runtime: wire: 27.893654108047485 gate LUT: 163.12492775917053
[INSTA] TNS: -1.1475933092697232e-07, WNS: -3.897306366518194e-10
[INSTA] Switching Power: 0.03755755349993706
[INFO] Epoch 97: Loss = 33.06589889526367
Load tensor requires grad: True
current runtime: wire: 28.15204405784607 gate LUT: 164.59512162208557
[INSTA] TNS: -1.1455453119424419e-07, WNS: -3.892616506906421e-10
[INSTA] Switching Power: 0.03755175322294235
[INFO] Epoch 98: Loss = 33.00688934326172
Load tensor requires grad: True
current runtime: wire: 28.411054372787476 gate LUT: 166.06319952011108
[INSTA] TNS: -1.1436171831746833e-07, WNS: -3.888153132791672e-10
[INSTA] Switching Power: 0.03754637390375137
[INFO] Epoch 99: Loss = 32.951332092285156
Load tensor requires grad: True
current runtime: wire: 28.668217420578003 gate LUT: 167.5480785369873
[INSTA] TNS: -1.1417822065595828e-07, WNS: -3.8839134686163845e-10
[INSTA] Switching Power: 0.03754109889268875
[INFO] Epoch 100: Loss = 32.898460388183594
Load tensor requires grad: True
current runtime: wire: 28.933621406555176 gate LUT: 169.18520975112915
[INSTA] TNS: -1.1400355504065374e-07, WNS: -3.879895016378754e-10
[INSTA] Switching Power: 0.037536051124334335
[INFO] Epoch 101: Loss = 32.8481330871582
Load tensor requires grad: True
current runtime: wire: 29.236279010772705 gate LUT: 170.757319688797
[INSTA] TNS: -1.1383529852082575e-07, WNS: -3.8760883391830703e-10
[INSTA] Switching Power: 0.03753127530217171
[INFO] Epoch 102: Loss = 32.799652099609375
Load tensor requires grad: True
current runtime: wire: 29.49915885925293 gate LUT: 172.2533905506134
[INSTA] TNS: -1.1367524876959578e-07, WNS: -3.8724903839160163e-10
[INSTA] Switching Power: 0.03752632066607475
[INFO] Epoch 103: Loss = 32.7535400390625
Load tensor requires grad: True
current runtime: wire: 29.759462356567383 gate LUT: 173.74125599861145
[INSTA] TNS: -1.1352227602401399e-07, WNS: -3.869094211683688e-10
[INSTA] Switching Power: 0.03752143308520317
[INFO] Epoch 104: Loss = 32.7094612121582
Load tensor requires grad: True
current runtime: wire: 30.030235767364502 gate LUT: 175.24115705490112
[INSTA] TNS: -1.133775313633123e-07, WNS: -3.86589371625945e-10
[INSTA] Switching Power: 0.03751648962497711
[INFO] Epoch 105: Loss = 32.667755126953125
Load tensor requires grad: True
current runtime: wire: 30.296874523162842 gate LUT: 176.7757706642151
[INSTA] TNS: -1.1323935922291639e-07, WNS: -3.862881958749398e-10
[INSTA] Switching Power: 0.03751135990023613
[INFO] Epoch 106: Loss = 32.62794494628906
Load tensor requires grad: True
current runtime: wire: 30.55338954925537 gate LUT: 178.24749326705933
[INSTA] TNS: -1.1310774539197155e-07, WNS: -3.8600525553711407e-10
[INSTA] Switching Power: 0.03750639408826828
[INFO] Epoch 107: Loss = 32.590023040771484
Load tensor requires grad: True
current runtime: wire: 30.80839776992798 gate LUT: 179.72450995445251
[INSTA] TNS: -1.129832369883843e-07, WNS: -3.8573955141174565e-10
[INSTA] Switching Power: 0.03750179708003998
[INFO] Epoch 108: Loss = 32.55414581298828
Load tensor requires grad: True
current runtime: wire: 31.07238245010376 gate LUT: 181.3372197151184
[INSTA] TNS: -1.1286572032531694e-07, WNS: -3.854906949207759e-10
[INSTA] Switching Power: 0.03749745339155197
[INFO] Epoch 109: Loss = 32.520286560058594
Load tensor requires grad: True
current runtime: wire: 31.337560653686523 gate LUT: 182.91542267799377
[INSTA] TNS: -1.1275263744892072e-07, WNS: -3.852576313523315e-10
[INSTA] Switching Power: 0.03749331086874008
[INFO] Epoch 110: Loss = 32.48770523071289
Load tensor requires grad: True
current runtime: wire: 31.6037495136261 gate LUT: 184.47212529182434
[INSTA] TNS: -1.1264578603231712e-07, WNS: -3.850397223281732e-10
[INSTA] Switching Power: 0.037489645183086395
[INFO] Epoch 111: Loss = 32.45691680908203
Load tensor requires grad: True
current runtime: wire: 31.863731622695923 gate LUT: 185.94943761825562
[INSTA] TNS: -1.1254260101623004e-07, WNS: -3.848361906921838e-10
[INSTA] Switching Power: 0.0374859981238842
[INFO] Epoch 112: Loss = 32.42718505859375
Load tensor requires grad: True
current runtime: wire: 32.12802600860596 gate LUT: 187.42921090126038
[INSTA] TNS: -1.1244470243809701e-07, WNS: -3.8464625928824603e-10
[INSTA] Switching Power: 0.03748232498764992
[INFO] Epoch 113: Loss = 32.39897918701172
Load tensor requires grad: True
current runtime: wire: 32.42427897453308 gate LUT: 189.23362588882446
[INSTA] TNS: -1.1235164265599451e-07, WNS: -3.844689566712134e-10
[INSTA] Switching Power: 0.0374784991145134
[INFO] Epoch 114: Loss = 32.37216567993164
Load tensor requires grad: True
current runtime: wire: 32.68230366706848 gate LUT: 190.7394459247589
[INSTA] TNS: -1.1226374141415363e-07, WNS: -3.843038109963004e-10
[INSTA] Switching Power: 0.03747454658150673
[INFO] Epoch 115: Loss = 32.34683609008789
Load tensor requires grad: True
current runtime: wire: 32.95425248146057 gate LUT: 192.43149375915527
[INSTA] TNS: -1.1218183715300256e-07, WNS: -3.841498785739361e-10
[INSTA] Switching Power: 0.037470415234565735
[INFO] Epoch 116: Loss = 32.32323455810547
Load tensor requires grad: True
current runtime: wire: 33.227211713790894 gate LUT: 194.04738688468933
[INSTA] TNS: -1.1210019579266373e-07, WNS: -3.840063267368521e-10
[INSTA] Switching Power: 0.037466540932655334
[INFO] Epoch 117: Loss = 32.299713134765625
Load tensor requires grad: True
current runtime: wire: 33.49491047859192 gate LUT: 195.64377880096436
[INSTA] TNS: -1.1202447325331377e-07, WNS: -3.8387273915141407e-10
[INSTA] Switching Power: 0.037463072687387466
[INFO] Epoch 118: Loss = 32.277896881103516
Load tensor requires grad: True
current runtime: wire: 33.759612798690796 gate LUT: 197.17813634872437
[INSTA] TNS: -1.1195198368341153e-07, WNS: -3.8374836641708043e-10
[INSTA] Switching Power: 0.03745987266302109
[INFO] Epoch 119: Loss = 32.25700759887695
Load tensor requires grad: True
current runtime: wire: 34.01763367652893 gate LUT: 198.67204022407532
[INSTA] TNS: -1.1188318183030788e-07, WNS: -3.8363257015561203e-10
[INSTA] Switching Power: 0.03745689615607262
[INFO] Epoch 120: Loss = 32.2371826171875
Load tensor requires grad: True
current runtime: wire: 34.27671718597412 gate LUT: 200.132630109787
[INSTA] TNS: -1.1181798953430189e-07, WNS: -3.8352462872204285e-10
[INSTA] Switching Power: 0.03745420277118683
[INFO] Epoch 121: Loss = 32.21840286254883
Load tensor requires grad: True
current runtime: wire: 34.541996717453 gate LUT: 201.61378479003906
[INSTA] TNS: -1.1175535519214463e-07, WNS: -3.834241812938899e-10
[INSTA] Switching Power: 0.03745151311159134
[INFO] Epoch 122: Loss = 32.20035171508789
Load tensor requires grad: True
current runtime: wire: 34.79872179031372 gate LUT: 203.0864667892456
[INSTA] TNS: -1.1169316849191091e-07, WNS: -3.833306450040652e-10
[INSTA] Switching Power: 0.03744887560606003
[INFO] Epoch 123: Loss = 32.18243408203125
Load tensor requires grad: True
current runtime: wire: 35.06441926956177 gate LUT: 204.63010835647583
[INSTA] TNS: -1.1163601243424637e-07, WNS: -3.8324352025220776e-10
[INSTA] Switching Power: 0.03744622692465782
[INFO] Epoch 124: Loss = 32.16596984863281
Load tensor requires grad: True
current runtime: wire: 35.36114025115967 gate LUT: 206.46572828292847
[INSTA] TNS: -1.1158053325743822e-07, WNS: -3.8316216866007835e-10
[INSTA] Switching Power: 0.037443701177835464
[INFO] Epoch 125: Loss = 32.14998245239258
Load tensor requires grad: True
current runtime: wire: 35.65579843521118 gate LUT: 208.14053964614868
[INSTA] TNS: -1.1152676648862325e-07, WNS: -3.830862571607696e-10
[INSTA] Switching Power: 0.03744146227836609
[INFO] Epoch 126: Loss = 32.134490966796875
Load tensor requires grad: True
current runtime: wire: 35.91043567657471 gate LUT: 209.624329328537
[INSTA] TNS: -1.1147491818519484e-07, WNS: -3.8301564697640345e-10
[INSTA] Switching Power: 0.03743923082947731
[INFO] Epoch 127: Loss = 32.11955261230469
Load tensor requires grad: True
current runtime: wire: 36.18021106719971 gate LUT: 211.22659969329834
[INSTA] TNS: -1.1142596179070097e-07, WNS: -3.829495054397114e-10
[INSTA] Switching Power: 0.037436969578266144
[INFO] Epoch 128: Loss = 32.105445861816406
Load tensor requires grad: True
current runtime: wire: 36.44778919219971 gate LUT: 212.75137090682983
[INSTA] TNS: -1.1137889543988422e-07, WNS: -3.8288774928396663e-10
[INSTA] Switching Power: 0.03743468225002289
[INFO] Epoch 129: Loss = 32.09188461303711
Load tensor requires grad: True
current runtime: wire: 36.70445013046265 gate LUT: 214.2595934867859
[INSTA] TNS: -1.1133346333735972e-07, WNS: -3.828301842201398e-10
[INSTA] Switching Power: 0.037432510405778885
[INFO] Epoch 130: Loss = 32.078792572021484
Load tensor requires grad: True
current runtime: wire: 36.963069438934326 gate LUT: 215.74311017990112
[INSTA] TNS: -1.11289139681503e-07, WNS: -3.827763106478699e-10
[INSTA] Switching Power: 0.03743019327521324
[INFO] Epoch 131: Loss = 32.06602478027344
Load tensor requires grad: True
current runtime: wire: 37.223878145217896 gate LUT: 217.26563262939453
[INSTA] TNS: -1.1124564025521977e-07, WNS: -3.8272579550024943e-10
[INSTA] Switching Power: 0.03742767870426178
[INFO] Epoch 132: Loss = 32.053489685058594
Load tensor requires grad: True
current runtime: wire: 37.479981422424316 gate LUT: 218.73770141601562
[INSTA] TNS: -1.112055656449229e-07, WNS: -3.826784722438248e-10
[INSTA] Switching Power: 0.03742503374814987
[INFO] Epoch 133: Loss = 32.04194259643555
Load tensor requires grad: True
current runtime: wire: 37.74228000640869 gate LUT: 220.22074913978577
[INSTA] TNS: -1.1116654263787495e-07, WNS: -3.826340910784154e-10
[INSTA] Switching Power: 0.03742276132106781
[INFO] Epoch 134: Loss = 32.03070068359375
Load tensor requires grad: True
current runtime: wire: 37.99759125709534 gate LUT: 221.70235538482666
[INSTA] TNS: -1.111282585952722e-07, WNS: -3.8259262424844565e-10
[INSTA] Switching Power: 0.03742067515850067
[INFO] Epoch 135: Loss = 32.01966857910156
Load tensor requires grad: True
current runtime: wire: 38.27001190185547 gate LUT: 223.33383703231812
[INSTA] TNS: -1.1109182906920978e-07, WNS: -3.8255357215355446e-10
[INSTA] Switching Power: 0.03741823136806488
[INFO] Epoch 136: Loss = 32.00917053222656
Load tensor requires grad: True
current runtime: wire: 38.544777631759644 gate LUT: 225.0201268196106
[INSTA] TNS: -1.1105490926865969e-07, WNS: -3.825168792825906e-10
[INSTA] Switching Power: 0.03741541504859924
[INFO] Epoch 137: Loss = 31.998531341552734
Load tensor requires grad: True
current runtime: wire: 38.80870771408081 gate LUT: 226.5667369365692
[INSTA] TNS: -1.110194958187094e-07, WNS: -3.8248251787997845e-10
[INSTA] Switching Power: 0.03741271793842316
[INFO] Epoch 138: Loss = 31.988330841064453
Load tensor requires grad: True
current runtime: wire: 39.070167541503906 gate LUT: 228.02216720581055
[INSTA] TNS: -1.1098635610551355e-07, WNS: -3.824499050786301e-10
[INSTA] Switching Power: 0.037410248070955276
[INFO] Epoch 139: Loss = 31.97878074645996
Load tensor requires grad: True
current runtime: wire: 39.329545736312866 gate LUT: 229.48973393440247
[INSTA] TNS: -1.1095355745283086e-07, WNS: -3.8241945721217974e-10
[INSTA] Switching Power: 0.03740762174129486
[INFO] Epoch 140: Loss = 31.969329833984375
Load tensor requires grad: True
current runtime: wire: 39.58826971054077 gate LUT: 230.96970176696777
[INSTA] TNS: -1.1092296858805639e-07, WNS: -3.8239067468026633e-10
[INSTA] Switching Power: 0.03740493208169937
[INFO] Epoch 141: Loss = 31.96051597595215
Load tensor requires grad: True
current runtime: wire: 40.12615346908569 gate LUT: 232.44172191619873
[INSTA] TNS: -1.1089269946751301e-07, WNS: -3.8236350197173863e-10
[INSTA] Switching Power: 0.03740241751074791
[INFO] Epoch 142: Loss = 31.951793670654297
Load tensor requires grad: True
current runtime: wire: 40.38726472854614 gate LUT: 233.9204933643341
[INSTA] TNS: -1.1086468276744199e-07, WNS: -3.8233796684217225e-10
[INSTA] Switching Power: 0.03739991411566734
[INFO] Epoch 143: Loss = 31.943721771240234
Load tensor requires grad: True
current runtime: wire: 40.657044649124146 gate LUT: 235.4910590648651
[INSTA] TNS: -1.1083512418963437e-07, WNS: -3.8231379173581104e-10
[INSTA] Switching Power: 0.03739768639206886
[INFO] Epoch 144: Loss = 31.935205459594727
Load tensor requires grad: True
current runtime: wire: 40.92352294921875 gate LUT: 237.14439272880554
[INSTA] TNS: -1.1080864226187259e-07, WNS: -3.822908378747769e-10
[INSTA] Switching Power: 0.03739544004201889
[INFO] Epoch 145: Loss = 31.927576065063477
Load tensor requires grad: True
current runtime: wire: 41.184837102890015 gate LUT: 238.59486746788025
[INSTA] TNS: -1.1078294903654751e-07, WNS: -3.822691052590699e-10
[INSTA] Switching Power: 0.03739330172538757
[INFO] Epoch 146: Loss = 31.92017364501953
Load tensor requires grad: True
current runtime: wire: 41.4589056968689 gate LUT: 240.17109036445618
[INSTA] TNS: -1.1075674422045267e-07, WNS: -3.822485938886899e-10
[INSTA] Switching Power: 0.03739122673869133
[INFO] Epoch 147: Loss = 31.912622451782227
Load tensor requires grad: True
current runtime: wire: 41.7178270816803 gate LUT: 241.63829374313354
[INSTA] TNS: -1.107315341641879e-07, WNS: -3.822291927413346e-10
[INSTA] Switching Power: 0.0373893566429615
[INFO] Epoch 148: Loss = 31.905357360839844
Load tensor requires grad: True
current runtime: wire: 41.98217582702637 gate LUT: 243.12531161308289
[INSTA] TNS: -1.1070696359638532e-07, WNS: -3.8221081855027705e-10
[INSTA] Switching Power: 0.03738752752542496
[INFO] Epoch 149: Loss = 31.898279190063477
Load tensor requires grad: True
current runtime: wire: 42.236762285232544 gate LUT: 244.57510232925415
[INSTA] TNS: -1.1068244276657424e-07, WNS: -3.8219322151533675e-10
[INSTA] Switching Power: 0.03738526627421379
[INFO] Epoch 150: Loss = 31.891212463378906
Load tensor requires grad: True
current runtime: wire: 42.49558901786804 gate LUT: 246.04612517356873
[INSTA] TNS: -1.1065968408274784e-07, WNS: -3.8217673470342106e-10
[INSTA] Switching Power: 0.037383053451776505
[INFO] Epoch 151: Loss = 31.884654998779297
Load tensor requires grad: True
current runtime: wire: 42.75172662734985 gate LUT: 247.54321241378784
[INSTA] TNS: -1.1063639959729699e-07, WNS: -3.82160997292047e-10
[INSTA] Switching Power: 0.03738081455230713
[INFO] Epoch 152: Loss = 31.877946853637695
Load tensor requires grad: True
current runtime: wire: 43.01031470298767 gate LUT: 248.99376392364502
[INSTA] TNS: -1.1061412408253091e-07, WNS: -3.8214584274776087e-10
[INSTA] Switching Power: 0.03737880289554596
[INFO] Epoch 153: Loss = 31.87152862548828
Load tensor requires grad: True
current runtime: wire: 43.27197885513306 gate LUT: 250.4818766117096
[INSTA] TNS: -1.1059286464387696e-07, WNS: -3.8213160413747005e-10
[INSTA] Switching Power: 0.03737712278962135
[INFO] Epoch 154: Loss = 31.86540412902832
Load tensor requires grad: True
current runtime: wire: 43.530113697052 gate LUT: 251.93334341049194
[INSTA] TNS: -1.1057119309043628e-07, WNS: -3.8211794839426716e-10
[INSTA] Switching Power: 0.03737529739737511
[INFO] Epoch 155: Loss = 31.859159469604492
Load tensor requires grad: True
current runtime: wire: 43.789061546325684 gate LUT: 253.40406942367554
[INSTA] TNS: -1.1055048787511623e-07, WNS: -3.8210498654045466e-10
[INSTA] Switching Power: 0.037373416125774384
[INFO] Epoch 156: Loss = 31.853191375732422
Load tensor requires grad: True
current runtime: wire: 44.04802417755127 gate LUT: 254.8648819923401
[INSTA] TNS: -1.105297471326594e-07, WNS: -3.8209252428700324e-10
[INSTA] Switching Power: 0.0373714454472065
[INFO] Epoch 157: Loss = 31.847217559814453
Load tensor requires grad: True
current runtime: wire: 44.30762767791748 gate LUT: 256.331280708313
[INSTA] TNS: -1.1050894244135634e-07, WNS: -3.8208064490063975e-10
[INSTA] Switching Power: 0.0373694971203804
[INFO] Epoch 158: Loss = 31.841222763061523
Load tensor requires grad: True
current runtime: wire: 44.56862545013428 gate LUT: 257.82153487205505
[INSTA] TNS: -1.1048975778749082e-07, WNS: -3.8206945940366666e-10
[INSTA] Switching Power: 0.03736775368452072
[INFO] Epoch 159: Loss = 31.835693359375
Load tensor requires grad: True
current runtime: wire: 44.82515335083008 gate LUT: 259.2960379123688
[INSTA] TNS: -1.104700686482829e-07, WNS: -3.8205857921802533e-10
[INSTA] Switching Power: 0.037365976721048355
[INFO] Epoch 160: Loss = 31.83002281188965
Load tensor requires grad: True
current runtime: wire: 45.079017639160156 gate LUT: 260.74563217163086
[INSTA] TNS: -1.1045126058206733e-07, WNS: -3.820481986327451e-10
[INSTA] Switching Power: 0.037363629788160324
[INFO] Epoch 161: Loss = 31.824604034423828
Load tensor requires grad: True
current runtime: wire: 45.34673070907593 gate LUT: 262.3405156135559
[INSTA] TNS: -1.1043223935303104e-07, WNS: -3.820384286701284e-10
[INSTA] Switching Power: 0.037361349910497665
[INFO] Epoch 162: Loss = 31.819122314453125
Load tensor requires grad: True
current runtime: wire: 45.606255769729614 gate LUT: 263.84757375717163
[INSTA] TNS: -1.1041428393809838e-07, WNS: -3.820289085076922e-10
[INSTA] Switching Power: 0.03735928609967232
[INFO] Epoch 163: Loss = 31.813947677612305
Load tensor requires grad: True
current runtime: wire: 45.89625835418701 gate LUT: 265.53724813461304
[INSTA] TNS: -1.1039571745641297e-07, WNS: -3.8201972141216345e-10
[INSTA] Switching Power: 0.037357330322265625
[INFO] Epoch 164: Loss = 31.808597564697266
Load tensor requires grad: True
current runtime: wire: 46.195274353027344 gate LUT: 267.3226406574249
[INSTA] TNS: -1.1037738545383036e-07, WNS: -3.820109784058445e-10
[INSTA] Switching Power: 0.03735559433698654
[INFO] Epoch 165: Loss = 31.80331802368164
Load tensor requires grad: True
current runtime: wire: 46.48251986503601 gate LUT: 268.9682049751282
[INSTA] TNS: -1.1035998426223159e-07, WNS: -3.820027349998867e-10
[INSTA] Switching Power: 0.037353936582803726
[INFO] Epoch 166: Loss = 31.798303604125977
Load tensor requires grad: True
current runtime: wire: 46.739996671676636 gate LUT: 270.4355993270874
[INSTA] TNS: -1.1034334335136009e-07, WNS: -3.819946303718069e-10
[INSTA] Switching Power: 0.03735204041004181
[INFO] Epoch 167: Loss = 31.793508529663086
Load tensor requires grad: True
current runtime: wire: 46.99941802024841 gate LUT: 271.9333963394165
[INSTA] TNS: -1.1032776114916487e-07, WNS: -3.8198705309966385e-10
[INSTA] Switching Power: 0.03734999895095825
[INFO] Epoch 168: Loss = 31.789016723632812
Load tensor requires grad: True
current runtime: wire: 47.25907826423645 gate LUT: 273.41407918930054
[INSTA] TNS: -1.1030957125512941e-07, WNS: -3.81979531338672e-10
[INSTA] Switching Power: 0.03734815493226051
[INFO] Epoch 169: Loss = 31.783775329589844
Load tensor requires grad: True
current runtime: wire: 47.521305561065674 gate LUT: 274.9021518230438
[INSTA] TNS: -1.1029266744344568e-07, WNS: -3.819724259113144e-10
[INSTA] Switching Power: 0.03734658285975456
[INFO] Epoch 170: Loss = 31.778905868530273
Load tensor requires grad: True
current runtime: wire: 47.79972577095032 gate LUT: 276.57632279396057
[INSTA] TNS: -1.1027861290813235e-07, WNS: -3.8196557028413736e-10
[INSTA] Switching Power: 0.037345144897699356
[INFO] Epoch 171: Loss = 31.774856567382812
Load tensor requires grad: True
current runtime: wire: 48.07967281341553 gate LUT: 278.35815262794495
[INSTA] TNS: -1.102626328020051e-07, WNS: -3.81958881190414e-10
[INSTA] Switching Power: 0.037343814969062805
[INFO] Epoch 172: Loss = 31.770252227783203
Load tensor requires grad: True
current runtime: wire: 48.390724897384644 gate LUT: 280.8672080039978
[INSTA] TNS: -1.1024754797972491e-07, WNS: -3.8195258067474924e-10
[INSTA] Switching Power: 0.03734264150261879
[INFO] Epoch 173: Loss = 31.765907287597656
Load tensor requires grad: True
current runtime: wire: 48.661494970321655 gate LUT: 282.53284311294556
[INSTA] TNS: -1.102327189528296e-07, WNS: -3.8194641893696257e-10
[INSTA] Switching Power: 0.03734110668301582
[INFO] Epoch 174: Loss = 31.76163101196289
Load tensor requires grad: True
current runtime: wire: 48.927547216415405 gate LUT: 284.1206328868866
[INSTA] TNS: -1.1021857204696062e-07, WNS: -3.819404237326296e-10
[INSTA] Switching Power: 0.03733958303928375
[INFO] Epoch 175: Loss = 31.757556915283203
Load tensor requires grad: True
current runtime: wire: 49.20372939109802 gate LUT: 285.7534191608429
[INSTA] TNS: -1.1020413381856997e-07, WNS: -3.8193487261750647e-10
[INSTA] Switching Power: 0.03733833506703377
[INFO] Epoch 176: Loss = 31.75339698791504
Load tensor requires grad: True
current runtime: wire: 49.468199491500854 gate LUT: 287.2223069667816
[INSTA] TNS: -1.1019054113603488e-07, WNS: -3.819292382356565e-10
[INSTA] Switching Power: 0.037337228655815125
[INFO] Epoch 177: Loss = 31.749479293823242
Load tensor requires grad: True
current runtime: wire: 49.725783824920654 gate LUT: 288.73234272003174
[INSTA] TNS: -1.1017424128567654e-07, WNS: -3.819238814095627e-10
[INSTA] Switching Power: 0.037336140871047974
[INFO] Epoch 178: Loss = 31.744783401489258
Load tensor requires grad: True
current runtime: wire: 49.989863872528076 gate LUT: 290.2206211090088
[INSTA] TNS: -1.1016089729309897e-07, WNS: -3.8191882989480064e-10
[INSTA] Switching Power: 0.03733488917350769
[INFO] Epoch 179: Loss = 31.74094009399414
Load tensor requires grad: True
current runtime: wire: 50.253235816955566 gate LUT: 291.7099151611328
[INSTA] TNS: -1.1014886069915519e-07, WNS: -3.8191388940234106e-10
[INSTA] Switching Power: 0.037333592772483826
[INFO] Epoch 180: Loss = 31.737470626831055
Load tensor requires grad: True
current runtime: wire: 50.53615212440491 gate LUT: 293.36760330200195
[INSTA] TNS: -1.101354030197399e-07, WNS: -3.819090044210327e-10
[INSTA] Switching Power: 0.037332285195589066
[INFO] Epoch 181: Loss = 31.733592987060547
Load tensor requires grad: True
current runtime: wire: 50.80331063270569 gate LUT: 294.9068913459778
[INSTA] TNS: -1.1012247824737642e-07, WNS: -3.8190445250663174e-10
[INSTA] Switching Power: 0.03733105584979057
[INFO] Epoch 182: Loss = 31.729869842529297
Load tensor requires grad: True
current runtime: wire: 51.069488763809204 gate LUT: 296.3694565296173
[INSTA] TNS: -1.1010915557108092e-07, WNS: -3.818999283478064e-10
[INSTA] Switching Power: 0.03732973337173462
[INFO] Epoch 183: Loss = 31.726032257080078
Load tensor requires grad: True
current runtime: wire: 51.33943319320679 gate LUT: 298.0027220249176
[INSTA] TNS: -1.1009570499709298e-07, WNS: -3.818954874557079e-10
[INSTA] Switching Power: 0.03732836991548538
[INFO] Epoch 184: Loss = 31.72215461730957
Load tensor requires grad: True
current runtime: wire: 51.62601566314697 gate LUT: 299.74374890327454
[INSTA] TNS: -1.1008373945742278e-07, WNS: -3.818914073860924e-10
[INSTA] Switching Power: 0.0373268686234951
[INFO] Epoch 185: Loss = 31.718708038330078
Load tensor requires grad: True
current runtime: wire: 51.8922336101532 gate LUT: 301.3333692550659
[INSTA] TNS: -1.1007067257651215e-07, WNS: -3.818871607830232e-10
[INSTA] Switching Power: 0.03732547536492348
[INFO] Epoch 186: Loss = 31.714942932128906
Load tensor requires grad: True
current runtime: wire: 52.158921241760254 gate LUT: 302.89026618003845
[INSTA] TNS: -1.1005910494077398e-07, WNS: -3.8188335826916386e-10
[INSTA] Switching Power: 0.037323955446481705
[INFO] Epoch 187: Loss = 31.71160888671875
Load tensor requires grad: True
current runtime: wire: 52.418753147125244 gate LUT: 304.37782192230225
[INSTA] TNS: -1.1004625122268408e-07, WNS: -3.818794724885777e-10
[INSTA] Switching Power: 0.03732242435216904
[INFO] Epoch 188: Loss = 31.70790672302246
Load tensor requires grad: True
current runtime: wire: 52.68117070198059 gate LUT: 305.8829183578491
[INSTA] TNS: -1.1003480437921098e-07, WNS: -3.8187569773029395e-10
[INSTA] Switching Power: 0.03732104226946831
[INFO] Epoch 189: Loss = 31.704607009887695
Load tensor requires grad: True
current runtime: wire: 52.94898009300232 gate LUT: 307.3540015220642
[INSTA] TNS: -1.100236559636869e-07, WNS: -3.818720339943127e-10
[INSTA] Switching Power: 0.037319473922252655
[INFO] Epoch 190: Loss = 31.70139503479004
Load tensor requires grad: True
current runtime: wire: 53.21251654624939 gate LUT: 308.85970973968506
[INSTA] TNS: -1.1001318966918916e-07, WNS: -3.8186859230293635e-10
[INSTA] Switching Power: 0.03731800243258476
[INFO] Epoch 191: Loss = 31.698379516601562
Load tensor requires grad: True
current runtime: wire: 53.47326374053955 gate LUT: 310.3406708240509
[INSTA] TNS: -1.1000212651879337e-07, WNS: -3.8186520612271124e-10
[INSTA] Switching Power: 0.03731675446033478
[INFO] Epoch 192: Loss = 31.695192337036133
Load tensor requires grad: True
current runtime: wire: 53.73211336135864 gate LUT: 311.81822204589844
[INSTA] TNS: -1.0999123389865417e-07, WNS: -3.8186181994248614e-10
[INSTA] Switching Power: 0.03731563314795494
[INFO] Epoch 193: Loss = 31.692054748535156
Load tensor requires grad: True
current runtime: wire: 53.98607802391052 gate LUT: 313.30793809890747
[INSTA] TNS: -1.0998035548936969e-07, WNS: -3.8185862805129034e-10
[INSTA] Switching Power: 0.03731450438499451
[INFO] Epoch 194: Loss = 31.688919067382812
Load tensor requires grad: True
current runtime: wire: 54.26574969291687 gate LUT: 314.84496450424194
[INSTA] TNS: -1.0996978261346158e-07, WNS: -3.8185546391567016e-10
[INSTA] Switching Power: 0.037313349545001984
[INFO] Epoch 195: Loss = 31.685871124267578
Load tensor requires grad: True
current runtime: wire: 54.530654191970825 gate LUT: 316.3780345916748
[INSTA] TNS: -1.0995938026781005e-07, WNS: -3.818523830467768e-10
[INSTA] Switching Power: 0.03731220215559006
[INFO] Epoch 196: Loss = 31.68287467956543
Load tensor requires grad: True
current runtime: wire: 54.78859210014343 gate LUT: 317.83474922180176
[INSTA] TNS: -1.0995009347425366e-07, WNS: -3.818494964669128e-10
[INSTA] Switching Power: 0.03731115907430649
[INFO] Epoch 197: Loss = 31.680200576782227
Load tensor requires grad: True
current runtime: wire: 55.06686615943909 gate LUT: 319.49438190460205
[INSTA] TNS: -1.0994029508992753e-07, WNS: -3.8184658213147316e-10
[INSTA] Switching Power: 0.037310414016246796
[INFO] Epoch 198: Loss = 31.677377700805664
Load tensor requires grad: True
current runtime: wire: 55.32686734199524 gate LUT: 321.0048701763153
[INSTA] TNS: -1.099301272233788e-07, WNS: -3.818436400404579e-10
[INSTA] Switching Power: 0.037309709936380386
[INFO] Epoch 199: Loss = 31.67444610595703
Load tensor requires grad: True
current runtime: wire: 55.61775255203247 gate LUT: 322.87929344177246
[INSTA] TNS: -1.0992122412289973e-07, WNS: -3.818411142830769e-10
[INSTA] Switching Power: 0.03730896860361099
[INFO] Epoch 200: Loss = 31.67188262939453
Load tensor requires grad: True
current runtime: wire: 55.95553922653198 gate LUT: 324.98578333854675
[INSTA] TNS: -1.099123139169933e-07, WNS: -3.8183825545878847e-10
[INSTA] Switching Power: 0.03730795904994011
[INFO] Epoch 201: Loss = 31.669313430786133
Load tensor requires grad: True
current runtime: wire: 56.22371292114258 gate LUT: 326.5852360725403
[INSTA] TNS: -1.099018049899314e-07, WNS: -3.818358129681343e-10
[INSTA] Switching Power: 0.037306804209947586
[INFO] Epoch 202: Loss = 31.66628646850586
Load tensor requires grad: True
current runtime: wire: 56.513315200805664 gate LUT: 328.2607400417328
[INSTA] TNS: -1.0989315057940985e-07, WNS: -3.8183325945517765e-10
[INSTA] Switching Power: 0.03730547055602074
[INFO] Epoch 203: Loss = 31.66379165649414
Load tensor requires grad: True
current runtime: wire: 56.79494547843933 gate LUT: 329.9703347682953
[INSTA] TNS: -1.0988448195803358e-07, WNS: -3.8183073369779663e-10
[INSTA] Switching Power: 0.0373041033744812
[INFO] Epoch 204: Loss = 31.661296844482422
Load tensor requires grad: True
current runtime: wire: 57.05301594734192 gate LUT: 331.4905288219452
[INSTA] TNS: -1.0987601939405067e-07, WNS: -3.8182831896271807e-10
[INSTA] Switching Power: 0.03730285167694092
[INFO] Epoch 205: Loss = 31.658857345581055
Load tensor requires grad: True
current runtime: wire: 57.31618022918701 gate LUT: 332.97236490249634
[INSTA] TNS: -1.0986701681758859e-07, WNS: -3.81826015249942e-10
[INSTA] Switching Power: 0.037301741540431976
[INFO] Epoch 206: Loss = 31.65626335144043
Load tensor requires grad: True
current runtime: wire: 57.57468128204346 gate LUT: 334.47703742980957
[INSTA] TNS: -1.0985839082877646e-07, WNS: -3.818237115371659e-10
[INSTA] Switching Power: 0.03730059787631035
[INFO] Epoch 207: Loss = 31.653776168823242
Load tensor requires grad: True
current runtime: wire: 57.83722233772278 gate LUT: 336.00077199935913
[INSTA] TNS: -1.0985134224483772e-07, WNS: -3.8182149109111663e-10
[INSTA] Switching Power: 0.03729948028922081
[INFO] Epoch 208: Loss = 31.65174674987793
Load tensor requires grad: True
current runtime: wire: 58.098164081573486 gate LUT: 337.5026376247406
[INSTA] TNS: -1.0984237519551243e-07, WNS: -3.818193261562186e-10
[INSTA] Switching Power: 0.037298478186130524
[INFO] Epoch 209: Loss = 31.64916229248047
Load tensor requires grad: True
current runtime: wire: 58.35769605636597 gate LUT: 338.96603202819824
[INSTA] TNS: -1.0983365683614466e-07, WNS: -3.818171889768962e-10
[INSTA] Switching Power: 0.037297572940588
[INFO] Epoch 210: Loss = 31.646650314331055
Load tensor requires grad: True
current runtime: wire: 58.618069648742676 gate LUT: 340.44824838638306
[INSTA] TNS: -1.098258906040428e-07, WNS: -3.8181499628642257e-10
[INSTA] Switching Power: 0.03729672729969025
[INFO] Epoch 211: Loss = 31.644412994384766
Load tensor requires grad: True
current runtime: wire: 58.87960243225098 gate LUT: 341.92743825912476
[INSTA] TNS: -1.0981748488347876e-07, WNS: -3.818131366628563e-10
[INSTA] Switching Power: 0.03729580342769623
[INFO] Epoch 212: Loss = 31.641990661621094
Load tensor requires grad: True
current runtime: wire: 59.135077714920044 gate LUT: 343.3630495071411
[INSTA] TNS: -1.0980950548855617e-07, WNS: -3.8181102723910954e-10
[INSTA] Switching Power: 0.037294644862413406
[INFO] Epoch 213: Loss = 31.639690399169922
Load tensor requires grad: True
current runtime: wire: 59.42499542236328 gate LUT: 345.1369581222534
[INSTA] TNS: -1.0980305376051547e-07, WNS: -3.818090565932408e-10
[INSTA] Switching Power: 0.03729328513145447
[INFO] Epoch 214: Loss = 31.637832641601562
Load tensor requires grad: True
current runtime: wire: 59.716453552246094 gate LUT: 346.9251239299774
[INSTA] TNS: -1.0979599807114937e-07, WNS: -3.818074190142795e-10
[INSTA] Switching Power: 0.037291742861270905
[INFO] Epoch 215: Loss = 31.635799407958984
Load tensor requires grad: True
current runtime: wire: 59.976396322250366 gate LUT: 348.4379732608795
[INSTA] TNS: -1.0978770603742305e-07, WNS: -3.818054761239864e-10
[INSTA] Switching Power: 0.037290334701538086
[INFO] Epoch 216: Loss = 31.633411407470703
Load tensor requires grad: True
current runtime: wire: 60.23954796791077 gate LUT: 349.9484100341797
[INSTA] TNS: -1.0978089193258711e-07, WNS: -3.818034777225421e-10
[INSTA] Switching Power: 0.03728919103741646
[INFO] Epoch 217: Loss = 31.631446838378906
Load tensor requires grad: True
current runtime: wire: 60.50419473648071 gate LUT: 351.4736747741699
[INSTA] TNS: -1.0977496600617087e-07, WNS: -3.8180181238800515e-10
[INSTA] Switching Power: 0.0372881181538105
[INFO] Epoch 218: Loss = 31.629737854003906
Load tensor requires grad: True
current runtime: wire: 60.76331973075867 gate LUT: 352.9408030509949
[INSTA] TNS: -1.0976678055385491e-07, WNS: -3.81800091542317e-10
[INSTA] Switching Power: 0.037286996841430664
[INFO] Epoch 219: Loss = 31.62738037109375
Load tensor requires grad: True
current runtime: wire: 61.025394439697266 gate LUT: 354.44430470466614
[INSTA] TNS: -1.0976049225064344e-07, WNS: -3.817983151854776e-10
[INSTA] Switching Power: 0.03728580102324486
[INFO] Epoch 220: Loss = 31.625568389892578
Load tensor requires grad: True
current runtime: wire: 61.28754496574402 gate LUT: 355.93373131752014
[INSTA] TNS: -1.0975450237538098e-07, WNS: -3.817965665842138e-10
[INSTA] Switching Power: 0.03728479519486427
[INFO] Epoch 221: Loss = 31.623842239379883
Load tensor requires grad: True
current runtime: wire: 61.5615508556366 gate LUT: 357.67519879341125
[INSTA] TNS: -1.0974812170161385e-07, WNS: -3.8179506778313055e-10
[INSTA] Switching Power: 0.03728366643190384
[INFO] Epoch 222: Loss = 31.622005462646484
Load tensor requires grad: True
current runtime: wire: 61.835453271865845 gate LUT: 359.31563210487366
[INSTA] TNS: -1.0974140707276092e-07, WNS: -3.81793374693018e-10
[INSTA] Switching Power: 0.03728288412094116
[INFO] Epoch 223: Loss = 31.620071411132812
Load tensor requires grad: True
current runtime: wire: 62.10283160209656 gate LUT: 360.90163803100586
[INSTA] TNS: -1.0973481323617307e-07, WNS: -3.8179187589193475e-10
[INSTA] Switching Power: 0.037282295525074005
[INFO] Epoch 224: Loss = 31.61817169189453
Load tensor requires grad: True
current runtime: wire: 62.37794876098633 gate LUT: 362.4970762729645
[INSTA] TNS: -1.0972983943702275e-07, WNS: -3.817903215797003e-10
[INSTA] Switching Power: 0.03728155046701431
[INFO] Epoch 225: Loss = 31.616737365722656
Load tensor requires grad: True
current runtime: wire: 62.64169883728027 gate LUT: 364.09025478363037
[INSTA] TNS: -1.0972342323611883e-07, WNS: -3.817887672674658e-10
[INSTA] Switching Power: 0.03728064149618149
[INFO] Epoch 226: Loss = 31.614887237548828
Load tensor requires grad: True
current runtime: wire: 62.904461145401 gate LUT: 365.76964116096497
[INSTA] TNS: -1.0971704966777907e-07, WNS: -3.8178729622195817e-10
[INSTA] Switching Power: 0.03727951645851135
[INFO] Epoch 227: Loss = 31.613052368164062
Load tensor requires grad: True
current runtime: wire: 63.17077398300171 gate LUT: 367.348108291626
[INSTA] TNS: -1.0971050556918271e-07, WNS: -3.81785936198753e-10
[INSTA] Switching Power: 0.03727853670716286
[INFO] Epoch 228: Loss = 31.61116600036621
Load tensor requires grad: True
current runtime: wire: 63.450162172317505 gate LUT: 369.120046377182
[INSTA] TNS: -1.0970453701020233e-07, WNS: -3.8178440964209415e-10
[INSTA] Switching Power: 0.03727757930755615
[INFO] Epoch 229: Loss = 31.609447479248047
Load tensor requires grad: True
current runtime: wire: 63.74941086769104 gate LUT: 370.88446044921875
[INSTA] TNS: -1.0969860397835873e-07, WNS: -3.81783049618889e-10
[INSTA] Switching Power: 0.03727657347917557
[INFO] Epoch 230: Loss = 31.607738494873047
Load tensor requires grad: True
current runtime: wire: 64.02793717384338 gate LUT: 372.5521922111511
[INSTA] TNS: -1.0969276331707078e-07, WNS: -3.8178160632895697e-10
[INSTA] Switching Power: 0.037275537848472595
[INFO] Epoch 231: Loss = 31.606054306030273
Load tensor requires grad: True
current runtime: wire: 64.30828809738159 gate LUT: 374.1938920021057
[INSTA] TNS: -1.0968717845116771e-07, WNS: -3.8178032957247865e-10
[INSTA] Switching Power: 0.03727464750409126
[INFO] Epoch 232: Loss = 31.60444450378418
Load tensor requires grad: True
current runtime: wire: 64.57259798049927 gate LUT: 375.7786729335785
[INSTA] TNS: -1.0968079777740058e-07, WNS: -3.817790250604247e-10
[INSTA] Switching Power: 0.03727376461029053
[INFO] Epoch 233: Loss = 31.60260772705078
Load tensor requires grad: True
current runtime: wire: 64.83334350585938 gate LUT: 377.27271699905396
[INSTA] TNS: -1.0967495711611264e-07, WNS: -3.8177766503721955e-10
[INSTA] Switching Power: 0.037272755056619644
[INFO] Epoch 234: Loss = 31.600923538208008
Load tensor requires grad: True
current runtime: wire: 65.36931824684143 gate LUT: 378.7334232330322
[INSTA] TNS: -1.0966849117721722e-07, WNS: -3.8177638828074123e-10
[INSTA] Switching Power: 0.03727181628346443
[INFO] Epoch 235: Loss = 31.599061965942383
Load tensor requires grad: True
current runtime: wire: 65.62529301643372 gate LUT: 380.205762386322
[INSTA] TNS: -1.0966503793952143e-07, WNS: -3.817752780577166e-10
[INSTA] Switching Power: 0.03727095574140549
[INFO] Epoch 236: Loss = 31.598064422607422
Load tensor requires grad: True
current runtime: wire: 65.88058757781982 gate LUT: 381.6734538078308
[INSTA] TNS: -1.0965955965502872e-07, WNS: -3.8177391803451144e-10
[INSTA] Switching Power: 0.03726997599005699
[INFO] Epoch 237: Loss = 31.596487045288086
Load tensor requires grad: True
current runtime: wire: 66.13824462890625 gate LUT: 383.13098216056824
[INSTA] TNS: -1.0965506902493871e-07, WNS: -3.817727800559112e-10
[INSTA] Switching Power: 0.037268802523612976
[INFO] Epoch 238: Loss = 31.59519386291504
Load tensor requires grad: True
current runtime: wire: 66.39956140518188 gate LUT: 384.5959527492523
[INSTA] TNS: -1.0964902230625739e-07, WNS: -3.817715588105841e-10
[INSTA] Switching Power: 0.03726780414581299
[INFO] Epoch 239: Loss = 31.59345245361328
Load tensor requires grad: True
current runtime: wire: 66.65930938720703 gate LUT: 386.07394218444824
[INSTA] TNS: -1.0964398455826085e-07, WNS: -3.817704763431351e-10
[INSTA] Switching Power: 0.037266805768013
[INFO] Epoch 240: Loss = 31.591999053955078
Load tensor requires grad: True
current runtime: wire: 66.96049928665161 gate LUT: 387.95543146133423
[INSTA] TNS: -1.0963919550022183e-07, WNS: -3.817693661201105e-10
[INSTA] Switching Power: 0.03726566582918167
[INFO] Epoch 241: Loss = 31.590618133544922
Load tensor requires grad: True
current runtime: wire: 67.25894546508789 gate LUT: 389.72674894332886
[INSTA] TNS: -1.0963340457692539e-07, WNS: -3.817680338524809e-10
[INSTA] Switching Power: 0.03726454824209213
[INFO] Epoch 242: Loss = 31.588951110839844
Load tensor requires grad: True
current runtime: wire: 67.57738542556763 gate LUT: 391.6022882461548
[INSTA] TNS: -1.0962828866922791e-07, WNS: -3.8176700689618315e-10
[INSTA] Switching Power: 0.03726336359977722
[INFO] Epoch 243: Loss = 31.58747673034668
Load tensor requires grad: True
current runtime: wire: 67.8826072216034 gate LUT: 393.68247842788696
[INSTA] TNS: -1.0962425989191615e-07, WNS: -3.8176597993988537e-10
[INSTA] Switching Power: 0.03726217523217201
[INFO] Epoch 244: Loss = 31.586315155029297
Load tensor requires grad: True
current runtime: wire: 68.15230560302734 gate LUT: 395.26460886001587
[INSTA] TNS: -1.096195774152875e-07, WNS: -3.8176486971686074e-10
[INSTA] Switching Power: 0.03726082667708397
[INFO] Epoch 245: Loss = 31.5849666595459
Load tensor requires grad: True
current runtime: wire: 68.42952156066895 gate LUT: 396.93002009391785
[INSTA] TNS: -1.0961413465793157e-07, WNS: -3.817638982717142e-10
[INSTA] Switching Power: 0.03725918009877205
[INFO] Epoch 246: Loss = 31.58340072631836
Load tensor requires grad: True
current runtime: wire: 68.71203708648682 gate LUT: 398.68956899642944
[INSTA] TNS: -1.0961021956745753e-07, WNS: -3.817628158042652e-10
[INSTA] Switching Power: 0.03725739195942879
[INFO] Epoch 247: Loss = 31.5822696685791
Load tensor requires grad: True
current runtime: wire: 68.97873616218567 gate LUT: 400.4725749492645
[INSTA] TNS: -1.0960490470779405e-07, WNS: -3.817617333368162e-10
[INSTA] Switching Power: 0.03725585341453552
[INFO] Epoch 248: Loss = 31.580738067626953
Load tensor requires grad: True
current runtime: wire: 69.24543690681458 gate LUT: 402.06274795532227
[INSTA] TNS: -1.0960046381569555e-07, WNS: -3.8176081740282086e-10
[INSTA] Switching Power: 0.03725450485944748
[INFO] Epoch 249: Loss = 31.579458236694336
Load tensor requires grad: True
current runtime: wire: 69.51809763908386 gate LUT: 403.63750100135803
[INSTA] TNS: -1.0959568186308388e-07, WNS: -3.8175987371324993e-10
[INSTA] Switching Power: 0.03725332394242287
[INFO] Epoch 250: Loss = 31.578083038330078
Load tensor requires grad: True
current runtime: wire: 69.78138422966003 gate LUT: 405.2013921737671
[INSTA] TNS: -1.0959141860666932e-07, WNS: -3.817587357346497e-10
[INSTA] Switching Power: 0.037252284586429596
[INFO] Epoch 251: Loss = 31.576852798461914
Load tensor requires grad: True
current runtime: wire: 70.04289865493774 gate LUT: 406.7777280807495
[INSTA] TNS: -1.095861605904247e-07, WNS: -3.8175784755623e-10
[INSTA] Switching Power: 0.03725121170282364
[INFO] Epoch 252: Loss = 31.57533836364746
Load tensor requires grad: True
current runtime: wire: 70.30546402931213 gate LUT: 408.35854053497314
[INSTA] TNS: -1.0958115126413759e-07, WNS: -3.8175687611108344e-10
[INSTA] Switching Power: 0.03724994510412216
[INFO] Epoch 253: Loss = 31.573896408081055
Load tensor requires grad: True
current runtime: wire: 70.57215476036072 gate LUT: 409.9404640197754
[INSTA] TNS: -1.0957686669144096e-07, WNS: -3.8175598793266374e-10
[INSTA] Switching Power: 0.03724868968129158
[INFO] Epoch 254: Loss = 31.572662353515625
Load tensor requires grad: True
current runtime: wire: 70.83809232711792 gate LUT: 411.54928374290466
[INSTA] TNS: -1.0957313634207821e-07, WNS: -3.817550442430928e-10
[INSTA] Switching Power: 0.03724733740091324
[INFO] Epoch 255: Loss = 31.57158660888672
Load tensor requires grad: True
current runtime: wire: 71.10358095169067 gate LUT: 413.13035893440247
[INSTA] TNS: -1.0956863860656085e-07, WNS: -3.8175421157582434e-10
[INSTA] Switching Power: 0.037245966494083405
[INFO] Epoch 256: Loss = 31.570289611816406
Load tensor requires grad: True
current runtime: wire: 71.36780500411987 gate LUT: 414.70251202583313
[INSTA] TNS: -1.0956432561215479e-07, WNS: -3.817532401306778e-10
[INSTA] Switching Power: 0.03724481537938118
[INFO] Epoch 257: Loss = 31.569046020507812
Load tensor requires grad: True
current runtime: wire: 71.63093900680542 gate LUT: 416.3265471458435
[INSTA] TNS: -1.0956001972317608e-07, WNS: -3.817523519522581e-10
[INSTA] Switching Power: 0.03724392503499985
[INFO] Epoch 258: Loss = 31.567806243896484
Load tensor requires grad: True
current runtime: wire: 71.89529395103455 gate LUT: 417.8803970813751
[INSTA] TNS: -1.0955481855035032e-07, WNS: -3.81751491529414e-10
[INSTA] Switching Power: 0.03724305331707001
[INFO] Epoch 259: Loss = 31.566307067871094
Load tensor requires grad: True
current runtime: wire: 72.16241073608398 gate LUT: 419.4702236652374
[INSTA] TNS: -1.0955184848171484e-07, WNS: -3.817505755954187e-10
[INSTA] Switching Power: 0.037241991609334946
[INFO] Epoch 260: Loss = 31.565452575683594
Load tensor requires grad: True
current runtime: wire: 72.42994594573975 gate LUT: 421.03902530670166
[INSTA] TNS: -1.0954683205000038e-07, WNS: -3.8174979843930146e-10
[INSTA] Switching Power: 0.03724066540598869
[INFO] Epoch 261: Loss = 31.564006805419922
Load tensor requires grad: True
current runtime: wire: 72.69227623939514 gate LUT: 422.6350769996643
[INSTA] TNS: -1.0954319407119328e-07, WNS: -3.8174893801645737e-10
[INSTA] Switching Power: 0.03723939508199692
[INFO] Epoch 262: Loss = 31.562957763671875
Load tensor requires grad: True
current runtime: wire: 72.9552903175354 gate LUT: 424.2214961051941
[INSTA] TNS: -1.0953993268003615e-07, WNS: -3.817481053491889e-10
[INSTA] Switching Power: 0.037238214164972305
[INFO] Epoch 263: Loss = 31.56201934814453
Load tensor requires grad: True
current runtime: wire: 73.21607518196106 gate LUT: 425.79527854919434
[INSTA] TNS: -1.0953453255524437e-07, WNS: -3.817474114597985e-10
[INSTA] Switching Power: 0.03723714500665665
[INFO] Epoch 264: Loss = 31.560462951660156
Load tensor requires grad: True
current runtime: wire: 73.47916722297668 gate LUT: 427.4071056842804
[INSTA] TNS: -1.0953057483220618e-07, WNS: -3.8174660654810566e-10
[INSTA] Switching Power: 0.037235915660858154
[INFO] Epoch 265: Loss = 31.559322357177734
Load tensor requires grad: True
current runtime: wire: 73.79883646965027 gate LUT: 429.6815893650055
[INSTA] TNS: -1.0952557971677379e-07, WNS: -3.817458293919884e-10
[INSTA] Switching Power: 0.03723466768860817
[INFO] Epoch 266: Loss = 31.557884216308594
Load tensor requires grad: True
current runtime: wire: 74.11334824562073 gate LUT: 431.6060702800751
[INSTA] TNS: -1.0952282281095904e-07, WNS: -3.817450522358712e-10
[INSTA] Switching Power: 0.037233591079711914
[INFO] Epoch 267: Loss = 31.557086944580078
Load tensor requires grad: True
current runtime: wire: 74.38939571380615 gate LUT: 433.30631709098816
[INSTA] TNS: -1.0951804085834738e-07, WNS: -3.817441918130271e-10
[INSTA] Switching Power: 0.037232283502817154
[INFO] Epoch 268: Loss = 31.55571174621582
Load tensor requires grad: True
current runtime: wire: 74.66173934936523 gate LUT: 434.92791199684143
[INSTA] TNS: -1.0951484341603646e-07, WNS: -3.817434424124855e-10
[INSTA] Switching Power: 0.03723091632127762
[INFO] Epoch 269: Loss = 31.554790496826172
Load tensor requires grad: True
current runtime: wire: 74.9261064529419 gate LUT: 436.5299081802368
[INSTA] TNS: -1.0951143991633217e-07, WNS: -3.8174266525636824e-10
[INSTA] Switching Power: 0.03722960874438286
[INFO] Epoch 270: Loss = 31.553810119628906
Load tensor requires grad: True
current runtime: wire: 75.18845438957214 gate LUT: 438.1124768257141
[INSTA] TNS: -1.0950697770795159e-07, WNS: -3.817419158558266e-10
[INSTA] Switching Power: 0.037228502333164215
[INFO] Epoch 271: Loss = 31.55252456665039
Load tensor requires grad: True
current runtime: wire: 75.45174264907837 gate LUT: 439.7164816856384
[INSTA] TNS: -1.0950406448273498e-07, WNS: -3.8174122196643623e-10
[INSTA] Switching Power: 0.03722726181149483
[INFO] Epoch 272: Loss = 31.55168342590332
Load tensor requires grad: True
current runtime: wire: 75.71591973304749 gate LUT: 441.301260471344
[INSTA] TNS: -1.0949986517516663e-07, WNS: -3.8174058358819707e-10
[INSTA] Switching Power: 0.03722604736685753
[INFO] Epoch 273: Loss = 31.550474166870117
Load tensor requires grad: True
current runtime: wire: 75.98616647720337 gate LUT: 442.8920564651489
[INSTA] TNS: -1.0949635509405198e-07, WNS: -3.8173980643207983e-10
[INSTA] Switching Power: 0.03722476214170456
[INFO] Epoch 274: Loss = 31.549463272094727
Load tensor requires grad: True
current runtime: wire: 76.25971364974976 gate LUT: 444.86891174316406
[INSTA] TNS: -1.0949335660370707e-07, WNS: -3.8173897376481136e-10
[INSTA] Switching Power: 0.0372234508395195
[INFO] Epoch 275: Loss = 31.54859733581543
Load tensor requires grad: True
current runtime: wire: 76.53253054618835 gate LUT: 446.42340540885925
[INSTA] TNS: -1.094889938713095e-07, WNS: -3.817384741644503e-10
[INSTA] Switching Power: 0.03722235560417175
[INFO] Epoch 276: Loss = 31.547340393066406
Load tensor requires grad: True
current runtime: wire: 76.79983878135681 gate LUT: 448.01577711105347
[INSTA] TNS: -1.0948558326617785e-07, WNS: -3.8173772476390866e-10
[INSTA] Switching Power: 0.03722147271037102
[INFO] Epoch 277: Loss = 31.54636001586914
Load tensor requires grad: True
current runtime: wire: 77.07383155822754 gate LUT: 449.5867896080017
[INSTA] TNS: -1.0948230055873864e-07, WNS: -3.817370863856695e-10
[INSTA] Switching Power: 0.03722091764211655
[INFO] Epoch 278: Loss = 31.545412063598633
Load tensor requires grad: True
current runtime: wire: 77.34196043014526 gate LUT: 451.1567018032074
[INSTA] TNS: -1.0947897521873529e-07, WNS: -3.817363924962791e-10
[INSTA] Switching Power: 0.03722025454044342
[INFO] Epoch 279: Loss = 31.54445457458496
Load tensor requires grad: True
current runtime: wire: 77.62967252731323 gate LUT: 452.8928816318512
[INSTA] TNS: -1.0947547934847535e-07, WNS: -3.817356986068887e-10
[INSTA] Switching Power: 0.037219539284706116
[INFO] Epoch 280: Loss = 31.543447494506836
Load tensor requires grad: True
current runtime: wire: 77.92406964302063 gate LUT: 454.635009765625
[INSTA] TNS: -1.094717845262494e-07, WNS: -3.8173506022864956e-10
[INSTA] Switching Power: 0.03721875697374344
[INFO] Epoch 281: Loss = 31.542381286621094
Load tensor requires grad: True
current runtime: wire: 78.18800973892212 gate LUT: 456.2046129703522
[INSTA] TNS: -1.0946803286060458e-07, WNS: -3.817343940948348e-10
[INSTA] Switching Power: 0.03721794858574867
[INFO] Epoch 282: Loss = 31.541301727294922
Load tensor requires grad: True
current runtime: wire: 78.45116066932678 gate LUT: 457.83075070381165
[INSTA] TNS: -1.0946548911761056e-07, WNS: -3.8173383898332247e-10
[INSTA] Switching Power: 0.03721689060330391
[INFO] Epoch 283: Loss = 31.540569305419922
Load tensor requires grad: True
current runtime: wire: 78.71766185760498 gate LUT: 459.42359161376953
[INSTA] TNS: -1.0946237694042793e-07, WNS: -3.817331728495077e-10
[INSTA] Switching Power: 0.03721588850021362
[INFO] Epoch 284: Loss = 31.539670944213867
Load tensor requires grad: True
current runtime: wire: 78.98260760307312 gate LUT: 460.9780068397522
[INSTA] TNS: -1.0945960582375847e-07, WNS: -3.817325067156929e-10
[INSTA] Switching Power: 0.03721461817622185
[INFO] Epoch 285: Loss = 31.538875579833984
Load tensor requires grad: True
current runtime: wire: 79.24681305885315 gate LUT: 462.54982018470764
[INSTA] TNS: -1.0945513650995053e-07, WNS: -3.817318960930294e-10
[INSTA] Switching Power: 0.037213388830423355
[INFO] Epoch 286: Loss = 31.537586212158203
Load tensor requires grad: True
current runtime: wire: 79.50650906562805 gate LUT: 464.1348397731781
[INSTA] TNS: -1.094531469902904e-07, WNS: -3.8173128547036583e-10
[INSTA] Switching Power: 0.037211984395980835
[INFO] Epoch 287: Loss = 31.53701400756836
Load tensor requires grad: True
current runtime: wire: 79.7706151008606 gate LUT: 465.7150001525879
[INSTA] TNS: -1.0945031192477472e-07, WNS: -3.817307303588535e-10
[INSTA] Switching Power: 0.03721090033650398
[INFO] Epoch 288: Loss = 31.536195755004883
Load tensor requires grad: True
current runtime: wire: 80.03285646438599 gate LUT: 467.3001217842102
[INSTA] TNS: -1.0944717132588266e-07, WNS: -3.8173006422503875e-10
[INSTA] Switching Power: 0.03720983862876892
[INFO] Epoch 289: Loss = 31.53529167175293
Load tensor requires grad: True
current runtime: wire: 80.2978823184967 gate LUT: 468.87313413619995
[INSTA] TNS: -1.0944255279810022e-07, WNS: -3.8172956462467766e-10
[INSTA] Switching Power: 0.037208788096904755
[INFO] Epoch 290: Loss = 31.53396224975586
Load tensor requires grad: True
current runtime: wire: 80.56221508979797 gate LUT: 470.4380645751953
[INSTA] TNS: -1.0943939088292609e-07, WNS: -3.8172900951316535e-10
[INSTA] Switching Power: 0.03720790520310402
[INFO] Epoch 291: Loss = 31.533050537109375
Load tensor requires grad: True
current runtime: wire: 80.84077548980713 gate LUT: 472.21409702301025
[INSTA] TNS: -1.0943689687792357e-07, WNS: -3.817283711349262e-10
[INSTA] Switching Power: 0.037207216024398804
[INFO] Epoch 292: Loss = 31.532329559326172
Load tensor requires grad: True
current runtime: wire: 81.10436606407166 gate LUT: 473.78245401382446
[INSTA] TNS: -1.0943450945433142e-07, WNS: -3.8172778826783826e-10
[INSTA] Switching Power: 0.0372067391872406
[INFO] Epoch 293: Loss = 31.53164291381836
Load tensor requires grad: True
current runtime: wire: 81.36301708221436 gate LUT: 475.38096952438354
[INSTA] TNS: -1.0943075068325925e-07, WNS: -3.817271221340235e-10
[INSTA] Switching Power: 0.03720594942569733
[INFO] Epoch 294: Loss = 31.530559539794922
Load tensor requires grad: True
current runtime: wire: 81.62956047058105 gate LUT: 476.94407296180725
[INSTA] TNS: -1.0942842010308595e-07, WNS: -3.817266225336624e-10
[INSTA] Switching Power: 0.037205249071121216
[INFO] Epoch 295: Loss = 31.529888153076172
Load tensor requires grad: True
current runtime: wire: 81.88908219337463 gate LUT: 478.53579688072205
[INSTA] TNS: -1.0942503081423638e-07, WNS: -3.817260674221501e-10
[INSTA] Switching Power: 0.03720451146364212
[INFO] Epoch 296: Loss = 31.528911590576172
Load tensor requires grad: True
current runtime: wire: 82.14854550361633 gate LUT: 480.114057302475
[INSTA] TNS: -1.0942174810679717e-07, WNS: -3.8172559557736463e-10
[INSTA] Switching Power: 0.037203773856163025
[INFO] Epoch 297: Loss = 31.527965545654297
Load tensor requires grad: True
current runtime: wire: 82.41377210617065 gate LUT: 481.68534755706787
[INSTA] TNS: -1.0941923278551258e-07, WNS: -3.817250127102767e-10
[INSTA] Switching Power: 0.03720271587371826
[INFO] Epoch 298: Loss = 31.527240753173828
Load tensor requires grad: True
current runtime: wire: 82.6791045665741 gate LUT: 483.25809359550476
[INSTA] TNS: -1.0941742800696375e-07, WNS: -3.817245131099156e-10
[INSTA] Switching Power: 0.03720147907733917
[INFO] Epoch 299: Loss = 31.52672004699707
Load tensor requires grad: True
current runtime: wire: 82.94585585594177 gate LUT: 484.834513425827
[INSTA] TNS: -1.0941367634131893e-07, WNS: -3.8172401350955454e-10
[INSTA] Switching Power: 0.037200309336185455
[INFO] Epoch 300: Loss = 31.5256404876709
Load tensor requires grad: True
current runtime: wire: 83.21135091781616 gate LUT: 486.4057376384735
[INSTA] TNS: -1.0941070627268346e-07, WNS: -3.817234306424666e-10
[INSTA] Switching Power: 0.037199467420578
[INFO] Epoch 301: Loss = 31.524784088134766
Load tensor requires grad: True
current runtime: wire: 83.4788990020752 gate LUT: 487.95988297462463
[INSTA] TNS: -1.0940843964135638e-07, WNS: -3.8172282001980307e-10
[INSTA] Switching Power: 0.03719876706600189
[INFO] Epoch 302: Loss = 31.524131774902344
Load tensor requires grad: True
current runtime: wire: 83.73837566375732 gate LUT: 489.5632121562958
[INSTA] TNS: -1.09405888792935e-07, WNS: -3.817223481750176e-10
[INSTA] Switching Power: 0.037198081612586975
[INFO] Epoch 303: Loss = 31.52339744567871
Load tensor requires grad: True
current runtime: wire: 84.00746464729309 gate LUT: 491.14797282218933
[INSTA] TNS: -1.0940320294139383e-07, WNS: -3.8172193184138337e-10
[INSTA] Switching Power: 0.037197232246398926
[INFO] Epoch 304: Loss = 31.522621154785156
Load tensor requires grad: True
current runtime: wire: 84.27299928665161 gate LUT: 492.73003363609314
[INSTA] TNS: -1.0940054551156209e-07, WNS: -3.817213212187198e-10
[INSTA] Switching Power: 0.03719618171453476
[INFO] Epoch 305: Loss = 31.5218563079834
Load tensor requires grad: True
current runtime: wire: 84.5427463054657 gate LUT: 494.3248314857483
[INSTA] TNS: -1.0939670147536162e-07, WNS: -3.817207661072075e-10
[INSTA] Switching Power: 0.03719513490796089
[INFO] Epoch 306: Loss = 31.520748138427734
Load tensor requires grad: True
current runtime: wire: 84.80896520614624 gate LUT: 495.8938298225403
[INSTA] TNS: -1.0939517380847974e-07, WNS: -3.8172029426242204e-10
[INSTA] Switching Power: 0.03719383105635643
[INFO] Epoch 307: Loss = 31.520309448242188
Load tensor requires grad: True
current runtime: wire: 85.07634854316711 gate LUT: 497.4655559062958
[INSTA] TNS: -1.0939260164377629e-07, WNS: -3.817198779287878e-10
[INSTA] Switching Power: 0.03719247132539749
[INFO] Epoch 308: Loss = 31.519567489624023
Load tensor requires grad: True
current runtime: wire: 85.34286999702454 gate LUT: 499.0528070926666
[INSTA] TNS: -1.0938992289766247e-07, WNS: -3.8171937832842673e-10
[INSTA] Switching Power: 0.03719112649559975
[INFO] Epoch 309: Loss = 31.518795013427734
Load tensor requires grad: True
current runtime: wire: 85.60614061355591 gate LUT: 500.63945055007935
[INSTA] TNS: -1.0938911998437106e-07, WNS: -3.817189342392169e-10
[INSTA] Switching Power: 0.03718981891870499
[INFO] Epoch 310: Loss = 31.518564224243164
Load tensor requires grad: True
current runtime: wire: 85.87225294113159 gate LUT: 502.20640420913696
[INSTA] TNS: -1.0938620675915445e-07, WNS: -3.817184623944314e-10
[INSTA] Switching Power: 0.0371885746717453
[INFO] Epoch 311: Loss = 31.517724990844727
Load tensor requires grad: True
current runtime: wire: 86.1371693611145 gate LUT: 503.81742453575134
[INSTA] TNS: -1.0938263983462093e-07, WNS: -3.8171779626061664e-10
[INSTA] Switching Power: 0.03718743473291397
[INFO] Epoch 312: Loss = 31.51669692993164
Load tensor requires grad: True
current runtime: wire: 86.40035843849182 gate LUT: 505.3778703212738
[INSTA] TNS: -1.093801316187637e-07, WNS: -3.8171749094928487e-10
[INSTA] Switching Power: 0.03718603774905205
[INFO] Epoch 313: Loss = 31.515975952148438
Load tensor requires grad: True
current runtime: wire: 86.6659288406372 gate LUT: 506.96746492385864
[INSTA] TNS: -1.0937763761376118e-07, WNS: -3.817170191044994e-10
[INSTA] Switching Power: 0.03718455508351326
[INFO] Epoch 314: Loss = 31.515256881713867
Load tensor requires grad: True
current runtime: wire: 86.92582869529724 gate LUT: 508.54743003845215
[INSTA] TNS: -1.0937588967863121e-07, WNS: -3.817165195041383e-10
[INSTA] Switching Power: 0.03718280419707298
[INFO] Epoch 315: Loss = 31.514751434326172
Load tensor requires grad: True
current runtime: wire: 87.18902349472046 gate LUT: 510.1198744773865
[INSTA] TNS: -1.0937350225503906e-07, WNS: -3.817161309260797e-10
[INSTA] Switching Power: 0.037181586027145386
[INFO] Epoch 316: Loss = 31.51406478881836
Load tensor requires grad: True
current runtime: wire: 87.48771548271179 gate LUT: 511.97711396217346
[INSTA] TNS: -1.0937094430119032e-07, WNS: -3.8171568683686985e-10
[INSTA] Switching Power: 0.03718075901269913
[INFO] Epoch 317: Loss = 31.513328552246094
Load tensor requires grad: True
current runtime: wire: 87.74761056900024 gate LUT: 513.4992952346802
[INSTA] TNS: -1.0936894057067548e-07, WNS: -3.8171518723650877e-10
[INSTA] Switching Power: 0.03717982396483421
[INFO] Epoch 318: Loss = 31.512752532958984
Load tensor requires grad: True
current runtime: wire: 88.03841185569763 gate LUT: 515.1763243675232
[INSTA] TNS: -1.0936631866798052e-07, WNS: -3.8171482641402577e-10
[INSTA] Switching Power: 0.03717876970767975
[INFO] Epoch 319: Loss = 31.511995315551758
Load tensor requires grad: True
current runtime: wire: 88.31714510917664 gate LUT: 516.8317320346832
[INSTA] TNS: -1.093644783622949e-07, WNS: -3.817143268136647e-10
[INSTA] Switching Power: 0.03717774152755737
[INFO] Epoch 320: Loss = 31.511463165283203
Load tensor requires grad: True
current runtime: wire: 88.57858324050903 gate LUT: 518.3430924415588
[INSTA] TNS: -1.0936219752011311e-07, WNS: -3.8171388272445483e-10
[INSTA] Switching Power: 0.0371769480407238
[INFO] Epoch 321: Loss = 31.51080894470215
Load tensor requires grad: True
current runtime: wire: 88.83942866325378 gate LUT: 519.9278199672699
[INSTA] TNS: -1.0935893612895597e-07, WNS: -3.8171335536851814e-10
[INSTA] Switching Power: 0.03717632591724396
[INFO] Epoch 322: Loss = 31.50986671447754
Load tensor requires grad: True
current runtime: wire: 89.1031424999237 gate LUT: 521.4475517272949
[INSTA] TNS: -1.0935734451322787e-07, WNS: -3.817129667904595e-10
[INSTA] Switching Power: 0.03717591241002083
[INFO] Epoch 323: Loss = 31.509408950805664
Load tensor requires grad: True
current runtime: wire: 89.36459136009216 gate LUT: 523.0021841526031
[INSTA] TNS: -1.0935409022749809e-07, WNS: -3.8171249494567405e-10
[INSTA] Switching Power: 0.03717558830976486
[INFO] Epoch 324: Loss = 31.508472442626953
Load tensor requires grad: True
current runtime: wire: 89.62536644935608 gate LUT: 524.521689414978
[INSTA] TNS: -1.0935178096360687e-07, WNS: -3.8171210636761543e-10
[INSTA] Switching Power: 0.03717514127492905
[INFO] Epoch 325: Loss = 31.5078067779541
Load tensor requires grad: True
current runtime: wire: 89.88625478744507 gate LUT: 526.4539802074432
[INSTA] TNS: -1.0935028171843442e-07, WNS: -3.817116900339812e-10
[INSTA] Switching Power: 0.037174880504608154
[INFO] Epoch 326: Loss = 31.507375717163086
Load tensor requires grad: True
current runtime: wire: 90.1480119228363 gate LUT: 528.0279879570007
[INSTA] TNS: -1.0934796534911584e-07, WNS: -3.817113292114982e-10
[INSTA] Switching Power: 0.03717487305402756
[INFO] Epoch 327: Loss = 31.5067081451416
Load tensor requires grad: True
current runtime: wire: 90.69841051101685 gate LUT: 529.5327289104462
[INSTA] TNS: -1.0934519423244637e-07, WNS: -3.8171088512228835e-10
[INSTA] Switching Power: 0.03717456012964249
[INFO] Epoch 328: Loss = 31.505908966064453
Load tensor requires grad: True
current runtime: wire: 90.96321821212769 gate LUT: 531.1052253246307
[INSTA] TNS: -1.093430270771023e-07, WNS: -3.8171038552192726e-10
[INSTA] Switching Power: 0.03717406839132309
[INFO] Epoch 329: Loss = 31.50528335571289
Load tensor requires grad: True
current runtime: wire: 91.22693276405334 gate LUT: 532.6290140151978
[INSTA] TNS: -1.0934129335282705e-07, WNS: -3.817100802105955e-10
[INSTA] Switching Power: 0.03717335686087608
[INFO] Epoch 330: Loss = 31.504783630371094
Load tensor requires grad: True
current runtime: wire: 91.48470306396484 gate LUT: 534.1776893138885
[INSTA] TNS: -1.0933866434470474e-07, WNS: -3.8170963612138564e-10
[INSTA] Switching Power: 0.03717230260372162
[INFO] Epoch 331: Loss = 31.5040283203125
Load tensor requires grad: True
current runtime: wire: 91.7491524219513 gate LUT: 535.6831729412079
[INSTA] TNS: -1.0933658955991632e-07, WNS: -3.81709247543327e-10
[INSTA] Switching Power: 0.037171367555856705
[INFO] Epoch 332: Loss = 31.503429412841797
Load tensor requires grad: True
current runtime: wire: 92.00633406639099 gate LUT: 537.1947665214539
[INSTA] TNS: -1.0933468530538448e-07, WNS: -3.817088589652684e-10
[INSTA] Switching Power: 0.03717069327831268
[INFO] Epoch 333: Loss = 31.502880096435547
Load tensor requires grad: True
current runtime: wire: 92.26926279067993 gate LUT: 538.7602458000183
[INSTA] TNS: -1.0933310079508374e-07, WNS: -3.817084703872098e-10
[INSTA] Switching Power: 0.037170056253671646
[INFO] Epoch 334: Loss = 31.502422332763672
Load tensor requires grad: True
current runtime: wire: 92.53101229667664 gate LUT: 540.28444480896
[INSTA] TNS: -1.0933045757610671e-07, WNS: -3.8170802629799994e-10
[INSTA] Switching Power: 0.03716960549354553
[INFO] Epoch 335: Loss = 31.501663208007812
Load tensor requires grad: True
current runtime: wire: 92.79759812355042 gate LUT: 541.8557078838348
[INSTA] TNS: -1.0932916438832763e-07, WNS: -3.8170766547551693e-10
[INSTA] Switching Power: 0.03716937452554703
[INFO] Epoch 336: Loss = 31.501291275024414
Load tensor requires grad: True
current runtime: wire: 93.05515933036804 gate LUT: 543.3717482089996
[INSTA] TNS: -1.0932683380815433e-07, WNS: -3.817072768974583e-10
[INSTA] Switching Power: 0.03716883063316345
[INFO] Epoch 337: Loss = 31.50061798095703
Load tensor requires grad: True
current runtime: wire: 93.31413412094116 gate LUT: 544.9684205055237
[INSTA] TNS: -1.0932477323422063e-07, WNS: -3.817068605638241e-10
[INSTA] Switching Power: 0.037168193608522415
[INFO] Epoch 338: Loss = 31.500024795532227
Load tensor requires grad: True
current runtime: wire: 93.59417819976807 gate LUT: 546.5740947723389
[INSTA] TNS: -1.0932244265404734e-07, WNS: -3.8170644423018985e-10
[INSTA] Switching Power: 0.037167374044656754
[INFO] Epoch 339: Loss = 31.499351501464844
Load tensor requires grad: True
current runtime: wire: 93.85819149017334 gate LUT: 548.1183059215546
[INSTA] TNS: -1.0931984206763445e-07, WNS: -3.8170613891885807e-10
[INSTA] Switching Power: 0.03716673702001572
[INFO] Epoch 340: Loss = 31.49860382080078
Load tensor requires grad: True
current runtime: wire: 94.11878418922424 gate LUT: 549.6239066123962
[INSTA] TNS: -1.0931919547374491e-07, WNS: -3.817058336075263e-10
[INSTA] Switching Power: 0.03716603294014931
[INFO] Epoch 341: Loss = 31.498416900634766
Load tensor requires grad: True
current runtime: wire: 94.37695407867432 gate LUT: 551.1619334220886
[INSTA] TNS: -1.0931806571079505e-07, WNS: -3.817054450294677e-10
[INSTA] Switching Power: 0.03716572746634483
[INFO] Epoch 342: Loss = 31.498090744018555
Load tensor requires grad: True
current runtime: wire: 94.6371579170227 gate LUT: 552.6951715946198
[INSTA] TNS: -1.093157777631859e-07, WNS: -3.817050842069847e-10
[INSTA] Switching Power: 0.03716530278325081
[INFO] Epoch 343: Loss = 31.497432708740234
Load tensor requires grad: True
current runtime: wire: 94.89939308166504 gate LUT: 554.1929137706757
[INSTA] TNS: -1.0931303506822587e-07, WNS: -3.8170466787335045e-10
[INSTA] Switching Power: 0.03716493770480156
[INFO] Epoch 344: Loss = 31.496641159057617
Load tensor requires grad: True
current runtime: wire: 95.15654802322388 gate LUT: 555.7423892021179
[INSTA] TNS: -1.0931155713933549e-07, WNS: -3.8170427929529183e-10
[INSTA] Switching Power: 0.03716440498828888
[INFO] Epoch 345: Loss = 31.496217727661133
Load tensor requires grad: True
current runtime: wire: 95.41449427604675 gate LUT: 557.2677965164185
[INSTA] TNS: -1.093094113002735e-07, WNS: -3.817039184728088e-10
[INSTA] Switching Power: 0.03716335818171501
[INFO] Epoch 346: Loss = 31.49559783935547
Load tensor requires grad: True
current runtime: wire: 95.6714985370636 gate LUT: 558.8437647819519
[INSTA] TNS: -1.093076846814256e-07, WNS: -3.8170358540590144e-10
[INSTA] Switching Power: 0.037161923944950104
[INFO] Epoch 347: Loss = 31.495101928710938
Load tensor requires grad: True
current runtime: wire: 95.9247796535492 gate LUT: 560.3584687709808
[INSTA] TNS: -1.0930673255415968e-07, WNS: -3.817031413166916e-10
[INSTA] Switching Power: 0.03716062754392624
[INFO] Epoch 348: Loss = 31.494827270507812
Load tensor requires grad: True
current runtime: wire: 96.18462562561035 gate LUT: 562.2876298427582
[INSTA] TNS: -1.0930435223599488e-07, WNS: -3.817027804942086e-10
[INSTA] Switching Power: 0.03715965151786804
[INFO] Epoch 349: Loss = 31.494140625
Load tensor requires grad: True
current runtime: wire: 96.45464730262756 gate LUT: 563.8351893424988
[INSTA] TNS: -1.0930281746368564e-07, WNS: -3.817024751828768e-10
[INSTA] Switching Power: 0.03715921565890312
[INFO] Epoch 350: Loss = 31.493698120117188
Load tensor requires grad: True
current runtime: wire: 96.71428155899048 gate LUT: 565.324588060379
[INSTA] TNS: -1.093011476882566e-07, WNS: -3.8170216987154504e-10
[INSTA] Switching Power: 0.037158671766519547
[INFO] Epoch 351: Loss = 31.49321746826172
Load tensor requires grad: True
current runtime: wire: 96.97091436386108 gate LUT: 566.8214447498322
[INSTA] TNS: -1.0930003213616146e-07, WNS: -3.8170180904906204e-10
[INSTA] Switching Power: 0.03715837001800537
[INFO] Epoch 352: Loss = 31.492897033691406
Load tensor requires grad: True
current runtime: wire: 97.226811170578 gate LUT: 568.3109333515167
[INSTA] TNS: -1.092984831529975e-07, WNS: -3.8170147598215465e-10
[INSTA] Switching Power: 0.03715762868523598
[INFO] Epoch 353: Loss = 31.492450714111328
Load tensor requires grad: True
current runtime: wire: 97.48309016227722 gate LUT: 569.8336141109467
[INSTA] TNS: -1.0929732496833822e-07, WNS: -3.8170108740409603e-10
[INSTA] Switching Power: 0.03715697303414345
[INFO] Epoch 354: Loss = 31.492116928100586
Load tensor requires grad: True
current runtime: wire: 97.73881554603577 gate LUT: 571.339738368988
[INSTA] TNS: -1.0929654337132888e-07, WNS: -3.817006710704618e-10
[INSTA] Switching Power: 0.03715663030743599
[INFO] Epoch 355: Loss = 31.49188995361328
Load tensor requires grad: True
current runtime: wire: 98.00205326080322 gate LUT: 572.845988035202
[INSTA] TNS: -1.0929406357718108e-07, WNS: -3.8170042127028125e-10
[INSTA] Switching Power: 0.03715645894408226
[INFO] Epoch 356: Loss = 31.49117660522461
Load tensor requires grad: True
current runtime: wire: 98.26210522651672 gate LUT: 574.3926947116852
[INSTA] TNS: -1.092925003831624e-07, WNS: -3.817001437145251e-10
[INSTA] Switching Power: 0.03715601935982704
[INFO] Epoch 357: Loss = 31.490726470947266
Load tensor requires grad: True
current runtime: wire: 98.51250386238098 gate LUT: 575.8950951099396
[INSTA] TNS: -1.0929215932264924e-07, WNS: -3.816997828920421e-10
[INSTA] Switching Power: 0.03715525567531586
[INFO] Epoch 358: Loss = 31.49062728881836
Load tensor requires grad: True
current runtime: wire: 98.79236221313477 gate LUT: 577.8676047325134
[INSTA] TNS: -1.0928981453162123e-07, WNS: -3.8169953309186155e-10
[INSTA] Switching Power: 0.03715427219867706
[INFO] Epoch 359: Loss = 31.489952087402344
Load tensor requires grad: True
current runtime: wire: 99.07779145240784 gate LUT: 579.5312082767487
[INSTA] TNS: -1.0928802396392712e-07, WNS: -3.816991167582273e-10
[INSTA] Switching Power: 0.03715335577726364
[INFO] Epoch 360: Loss = 31.489437103271484
Load tensor requires grad: True
current runtime: wire: 99.33685898780823 gate LUT: 581.0450859069824
[INSTA] TNS: -1.0928656024589145e-07, WNS: -3.816988669580468e-10
[INSTA] Switching Power: 0.03715261444449425
[INFO] Epoch 361: Loss = 31.489013671875
Load tensor requires grad: True
current runtime: wire: 99.59177827835083 gate LUT: 582.5476186275482
[INSTA] TNS: -1.0928453519909453e-07, WNS: -3.816985061355638e-10
[INSTA] Switching Power: 0.037152234464883804
[INFO] Epoch 362: Loss = 31.48843002319336
Load tensor requires grad: True
current runtime: wire: 99.85202026367188 gate LUT: 584.0777382850647
[INSTA] TNS: -1.0928224014605803e-07, WNS: -3.816981730686564e-10
[INSTA] Switching Power: 0.037151917815208435
[INFO] Epoch 363: Loss = 31.487770080566406
Load tensor requires grad: True
current runtime: wire: 100.10829854011536 gate LUT: 585.5733613967896
[INSTA] TNS: -1.0928077642802236e-07, WNS: -3.8169778449059777e-10
[INSTA] Switching Power: 0.03715164214372635
[INFO] Epoch 364: Loss = 31.487348556518555
Load tensor requires grad: True
current runtime: wire: 100.36338591575623 gate LUT: 587.0523834228516
[INSTA] TNS: -1.0927868032695187e-07, WNS: -3.8169756244599284e-10
[INSTA] Switching Power: 0.03715134039521217
[INFO] Epoch 365: Loss = 31.48674201965332
Load tensor requires grad: True
current runtime: wire: 100.61796593666077 gate LUT: 588.5533735752106
[INSTA] TNS: -1.0927597315912863e-07, WNS: -3.8169722937908546e-10
[INSTA] Switching Power: 0.03715096414089203
[INFO] Epoch 366: Loss = 31.4859619140625
Load tensor requires grad: True
current runtime: wire: 100.87843680381775 gate LUT: 590.1176300048828
[INSTA] TNS: -1.0927535498694851e-07, WNS: -3.8169706284563176e-10
[INSTA] Switching Power: 0.03715065121650696
[INFO] Epoch 367: Loss = 31.48578643798828
Load tensor requires grad: True
current runtime: wire: 101.13407921791077 gate LUT: 591.645035982132
[INSTA] TNS: -1.0927403337746e-07, WNS: -3.8169664651199753e-10
[INSTA] Switching Power: 0.03715013712644577
[INFO] Epoch 368: Loss = 31.48540496826172
Load tensor requires grad: True
current runtime: wire: 101.39095187187195 gate LUT: 593.1672070026398
[INSTA] TNS: -1.0927264071369791e-07, WNS: -3.8169634120066576e-10
[INSTA] Switching Power: 0.037149496376514435
[INFO] Epoch 369: Loss = 31.485004425048828
Load tensor requires grad: True
current runtime: wire: 101.6460611820221 gate LUT: 594.6515488624573
[INSTA] TNS: -1.0927023197382368e-07, WNS: -3.8169598037818275e-10
[INSTA] Switching Power: 0.03714877739548683
[INFO] Epoch 370: Loss = 31.48430824279785
Load tensor requires grad: True
current runtime: wire: 101.90200805664062 gate LUT: 596.1342902183533
[INSTA] TNS: -1.0926969906677186e-07, WNS: -3.8169564731127537e-10
[INSTA] Switching Power: 0.03714843466877937
[INFO] Epoch 371: Loss = 31.484155654907227
Load tensor requires grad: True
current runtime: wire: 102.15776824951172 gate LUT: 597.6368312835693
[INSTA] TNS: -1.0926748217343629e-07, WNS: -3.816953419999436e-10
[INSTA] Switching Power: 0.03714834153652191
[INFO] Epoch 372: Loss = 31.483516693115234
Load tensor requires grad: True
current runtime: wire: 102.41884899139404 gate LUT: 599.1540195941925
[INSTA] TNS: -1.092658052925799e-07, WNS: -3.816950366886118e-10
[INSTA] Switching Power: 0.037148382514715195
[INFO] Epoch 373: Loss = 31.4830322265625
Load tensor requires grad: True
current runtime: wire: 102.67251324653625 gate LUT: 600.6559045314789
[INSTA] TNS: -1.092650165901432e-07, WNS: -3.816948423995825e-10
[INSTA] Switching Power: 0.03714814409613609
[INFO] Epoch 374: Loss = 31.482807159423828
Load tensor requires grad: True
current runtime: wire: 102.92771100997925 gate LUT: 602.1423819065094
[INSTA] TNS: -1.092617836206955e-07, WNS: -3.816944538215239e-10
[INSTA] Switching Power: 0.03714811056852341
[INFO] Epoch 375: Loss = 31.481874465942383
Load tensor requires grad: True
current runtime: wire: 103.18372178077698 gate LUT: 603.6603055000305
[INSTA] TNS: -1.0926116544851538e-07, WNS: -3.816941207546165e-10
[INSTA] Switching Power: 0.03714777156710625
[INFO] Epoch 376: Loss = 31.48169708251953
Load tensor requires grad: True
current runtime: wire: 103.44066572189331 gate LUT: 605.1625235080719
[INSTA] TNS: -1.0925942461881277e-07, WNS: -3.8169387095443597e-10
[INSTA] Switching Power: 0.037147291004657745
[INFO] Epoch 377: Loss = 31.48119354248047
Load tensor requires grad: True
current runtime: wire: 103.6979410648346 gate LUT: 606.6608431339264
[INSTA] TNS: -1.0925706561693005e-07, WNS: -3.816935933986798e-10
[INSTA] Switching Power: 0.037146635353565216
[INFO] Epoch 378: Loss = 31.480514526367188
Load tensor requires grad: True
current runtime: wire: 103.94835996627808 gate LUT: 608.1719434261322
[INSTA] TNS: -1.0925617033308299e-07, WNS: -3.8169328808734804e-10
[INSTA] Switching Power: 0.037146009504795074
[INFO] Epoch 379: Loss = 31.480257034301758
Load tensor requires grad: True
current runtime: wire: 104.20138216018677 gate LUT: 609.6970677375793
[INSTA] TNS: -1.0925522531124443e-07, WNS: -3.816930382871675e-10
[INSTA] Switching Power: 0.037145428359508514
[INFO] Epoch 380: Loss = 31.4799861907959
Load tensor requires grad: True
current runtime: wire: 104.45770072937012 gate LUT: 611.2041304111481
[INSTA] TNS: -1.0925351290325125e-07, WNS: -3.8169262195353326e-10
[INSTA] Switching Power: 0.03714491054415703
[INFO] Epoch 381: Loss = 31.4794921875
Load tensor requires grad: True
current runtime: wire: 104.70920324325562 gate LUT: 612.7274260520935
[INSTA] TNS: -1.0925168680842035e-07, WNS: -3.8169242766450395e-10
[INSTA] Switching Power: 0.03714461252093315
[INFO] Epoch 382: Loss = 31.478965759277344
Load tensor requires grad: True
current runtime: wire: 104.96702241897583 gate LUT: 614.2577993869781
[INSTA] TNS: -1.0924970439418757e-07, WNS: -3.816921778643234e-10
[INSTA] Switching Power: 0.0371442548930645
[INFO] Epoch 383: Loss = 31.478395462036133
Load tensor requires grad: True
current runtime: wire: 105.22011089324951 gate LUT: 615.7702271938324
[INSTA] TNS: -1.0924848936610942e-07, WNS: -3.81691844797416e-10
[INSTA] Switching Power: 0.037143830209970474
[INFO] Epoch 384: Loss = 31.478044509887695
Load tensor requires grad: True
current runtime: wire: 105.47466707229614 gate LUT: 617.2607569694519
[INSTA] TNS: -1.0924816251645098e-07, WNS: -3.816916227528111e-10
[INSTA] Switching Power: 0.037143267691135406
[INFO] Epoch 385: Loss = 31.477949142456055
Load tensor requires grad: True
current runtime: wire: 105.73155546188354 gate LUT: 618.7488532066345
[INSTA] TNS: -1.0924586035798711e-07, WNS: -3.816912341747525e-10
[INSTA] Switching Power: 0.03714287281036377
[INFO] Epoch 386: Loss = 31.47728729248047
Load tensor requires grad: True
current runtime: wire: 105.99059844017029 gate LUT: 620.2837188243866
[INSTA] TNS: -1.0924422610969486e-07, WNS: -3.816909288634207e-10
[INSTA] Switching Power: 0.037142589688301086
[INFO] Epoch 387: Loss = 31.476818084716797
Load tensor requires grad: True
current runtime: wire: 106.24812960624695 gate LUT: 621.7954363822937
[INSTA] TNS: -1.0924338766926667e-07, WNS: -3.8169067906324017e-10
[INSTA] Switching Power: 0.0371423177421093
[INFO] Epoch 388: Loss = 31.476573944091797
Load tensor requires grad: True
current runtime: wire: 106.50515294075012 gate LUT: 623.2771787643433
[INSTA] TNS: -1.0924164683956405e-07, WNS: -3.81690401507484e-10
[INSTA] Switching Power: 0.03714197129011154
[INFO] Epoch 389: Loss = 31.47607421875
Load tensor requires grad: True
current runtime: wire: 106.76328253746033 gate LUT: 624.7678430080414
[INSTA] TNS: -1.0924047444405005e-07, WNS: -3.816901794628791e-10
[INSTA] Switching Power: 0.03714146837592125
[INFO] Epoch 390: Loss = 31.47573471069336
Load tensor requires grad: True
current runtime: wire: 107.022705078125 gate LUT: 626.2600853443146
[INSTA] TNS: -1.0923977100674165e-07, WNS: -3.816898741515473e-10
[INSTA] Switching Power: 0.0371408686041832
[INFO] Epoch 391: Loss = 31.47553253173828
Load tensor requires grad: True
current runtime: wire: 107.27811813354492 gate LUT: 627.760582447052
[INSTA] TNS: -1.092388401957578e-07, WNS: -3.816896521069424e-10
[INSTA] Switching Power: 0.03713980317115784
[INFO] Epoch 392: Loss = 31.475265502929688
Load tensor requires grad: True
current runtime: wire: 107.53396916389465 gate LUT: 629.2510321140289
[INSTA] TNS: -1.0923690751951654e-07, WNS: -3.816894855734887e-10
[INSTA] Switching Power: 0.03713871166110039
[INFO] Epoch 393: Loss = 31.474706649780273
Load tensor requires grad: True
current runtime: wire: 107.78965091705322 gate LUT: 630.7400028705597
[INSTA] TNS: -1.0923533011464315e-07, WNS: -3.8168906923985446e-10
[INSTA] Switching Power: 0.03713759407401085
[INFO] Epoch 394: Loss = 31.474254608154297
Load tensor requires grad: True
current runtime: wire: 108.06842947006226 gate LUT: 632.5503616333008
[INSTA] TNS: -1.0923354665237639e-07, WNS: -3.81688958217552e-10
[INSTA] Switching Power: 0.03713660687208176
[INFO] Epoch 395: Loss = 31.473739624023438
Load tensor requires grad: True
current runtime: wire: 108.32946014404297 gate LUT: 634.0663073062897
[INSTA] TNS: -1.0923211135605015e-07, WNS: -3.8168854188391776e-10
[INSTA] Switching Power: 0.037135619670152664
[INFO] Epoch 396: Loss = 31.47332763671875
Load tensor requires grad: True
current runtime: wire: 108.59039258956909 gate LUT: 635.5662224292755
[INSTA] TNS: -1.0923083948455314e-07, WNS: -3.8168834759488846e-10
[INSTA] Switching Power: 0.037134893238544464
[INFO] Epoch 397: Loss = 31.472959518432617
Load tensor requires grad: True
current runtime: wire: 108.84792041778564 gate LUT: 637.0419833660126
[INSTA] TNS: -1.092289707571581e-07, WNS: -3.8168801452798107e-10
[INSTA] Switching Power: 0.037134695798158646
[INFO] Epoch 398: Loss = 31.47241973876953
Load tensor requires grad: True
current runtime: wire: 109.1049017906189 gate LUT: 638.5360281467438
[INSTA] TNS: -1.0922806836788368e-07, WNS: -3.816877369722249e-10
[INSTA] Switching Power: 0.03713442012667656
[INFO] Epoch 399: Loss = 31.47216033935547
Load tensor requires grad: True
current runtime: wire: 109.38208222389221 gate LUT: 640.1928951740265
[INSTA] TNS: -1.0922689597236968e-07, WNS: -3.8168748717204437e-10
[INSTA] Switching Power: 0.03713405504822731
[INFO] Epoch 400: Loss = 31.47182273864746
Load tensor requires grad: True
current runtime: wire: 109.6496856212616 gate LUT: 641.8006007671356
[INSTA] TNS: -1.0922498461241048e-07, WNS: -3.816872096162882e-10
[INSTA] Switching Power: 0.03713362291455269
[INFO] Epoch 401: Loss = 31.471271514892578
Load tensor requires grad: True
current runtime: wire: 109.91053509712219 gate LUT: 643.3535211086273
[INSTA] TNS: -1.0922501303411991e-07, WNS: -3.816870430828345e-10
[INSTA] Switching Power: 0.03713299334049225
[INFO] Epoch 402: Loss = 31.471281051635742
Load tensor requires grad: True
current runtime: wire: 110.16608428955078 gate LUT: 644.848069190979
[INSTA] TNS: -1.092244943379228e-07, WNS: -3.816868487938052e-10
[INSTA] Switching Power: 0.0371323861181736
[INFO] Epoch 403: Loss = 31.47113037109375
Load tensor requires grad: True
current runtime: wire: 110.42271852493286 gate LUT: 646.3297643661499
[INSTA] TNS: -1.0922211401975801e-07, WNS: -3.8168657123804905e-10
[INSTA] Switching Power: 0.0371316522359848
[INFO] Epoch 404: Loss = 31.470443725585938
Load tensor requires grad: True
current runtime: wire: 110.67830634117126 gate LUT: 647.8086695671082
[INSTA] TNS: -1.092205579311667e-07, WNS: -3.816862936822929e-10
[INSTA] Switching Power: 0.037130773067474365
[INFO] Epoch 405: Loss = 31.469995498657227
Load tensor requires grad: True
current runtime: wire: 110.93367195129395 gate LUT: 649.3184614181519
[INSTA] TNS: -1.0921830551069434e-07, WNS: -3.8168604388211236e-10
[INSTA] Switching Power: 0.03713032603263855
[INFO] Epoch 406: Loss = 31.46934700012207
Load tensor requires grad: True
current runtime: wire: 111.1895272731781 gate LUT: 650.8056149482727
[INSTA] TNS: -1.0921769444394158e-07, WNS: -3.8168568305962935e-10
[INSTA] Switching Power: 0.037130117416381836
[INFO] Epoch 407: Loss = 31.46917152404785
Load tensor requires grad: True
current runtime: wire: 111.44171166419983 gate LUT: 652.2765555381775
[INSTA] TNS: -1.0921660020812851e-07, WNS: -3.8168546101502443e-10
[INSTA] Switching Power: 0.037129804491996765
[INFO] Epoch 408: Loss = 31.468856811523438
Load tensor requires grad: True
current runtime: wire: 111.69842195510864 gate LUT: 653.755553483963
[INSTA] TNS: -1.0921585413825596e-07, WNS: -3.816852389704195e-10
[INSTA] Switching Power: 0.037129372358322144
[INFO] Epoch 409: Loss = 31.46864128112793
Load tensor requires grad: True
current runtime: wire: 111.95452332496643 gate LUT: 655.2437062263489
[INSTA] TNS: -1.0921459647761367e-07, WNS: -3.816850169258146e-10
[INSTA] Switching Power: 0.03712901100516319
[INFO] Epoch 410: Loss = 31.468278884887695
Load tensor requires grad: True
current runtime: wire: 112.21295118331909 gate LUT: 656.7275788784027
[INSTA] TNS: -1.0921349513637324e-07, WNS: -3.816847393700584e-10
[INSTA] Switching Power: 0.03712836280465126
[INFO] Epoch 411: Loss = 31.46796226501465
Load tensor requires grad: True
current runtime: wire: 112.46509003639221 gate LUT: 658.2206845283508
[INSTA] TNS: -1.0921215221060265e-07, WNS: -3.816845450810291e-10
[INSTA] Switching Power: 0.03712736442685127
[INFO] Epoch 412: Loss = 31.467573165893555
Load tensor requires grad: True
current runtime: wire: 112.7298219203949 gate LUT: 660.1173722743988
[INSTA] TNS: -1.0921010584752366e-07, WNS: -3.8168429528084857e-10
[INSTA] Switching Power: 0.03712603822350502
[INFO] Epoch 413: Loss = 31.466983795166016
Load tensor requires grad: True
current runtime: wire: 112.98388004302979 gate LUT: 661.6166625022888
[INSTA] TNS: -1.0920884108145401e-07, WNS: -3.8168410099181926e-10
[INSTA] Switching Power: 0.037124477326869965
[INFO] Epoch 414: Loss = 31.46661949157715
Load tensor requires grad: True
current runtime: wire: 113.23900985717773 gate LUT: 663.1259844303131
[INSTA] TNS: -1.092091110876936e-07, WNS: -3.816837679249119e-10
[INSTA] Switching Power: 0.03712296858429909
[INFO] Epoch 415: Loss = 31.466697692871094
Load tensor requires grad: True
current runtime: wire: 113.49600982666016 gate LUT: 664.6273021697998
[INSTA] TNS: -1.0920727788743534e-07, WNS: -3.8168357363588257e-10
[INSTA] Switching Power: 0.03712208569049835
[INFO] Epoch 416: Loss = 31.466169357299805
Load tensor requires grad: True
current runtime: wire: 113.74494767189026 gate LUT: 666.140216588974
[INSTA] TNS: -1.0920629733845999e-07, WNS: -3.8168321281339956e-10
[INSTA] Switching Power: 0.037121694535017014
[INFO] Epoch 417: Loss = 31.46588897705078
Load tensor requires grad: True
current runtime: wire: 114.00037813186646 gate LUT: 667.6187832355499
[INSTA] TNS: -1.092045351924753e-07, WNS: -3.816831295466727e-10
[INSTA] Switching Power: 0.03712150827050209
[INFO] Epoch 418: Loss = 31.46537971496582
Load tensor requires grad: True
current runtime: wire: 114.25958442687988 gate LUT: 669.0955364704132
[INSTA] TNS: -1.0920358306520939e-07, WNS: -3.8168282423534095e-10
[INSTA] Switching Power: 0.03712143003940582
[INFO] Epoch 419: Loss = 31.465106964111328
Load tensor requires grad: True
current runtime: wire: 114.51448559761047 gate LUT: 670.5746071338654
[INSTA] TNS: -1.0920295068217456e-07, WNS: -3.8168262994631164e-10
[INSTA] Switching Power: 0.037121184170246124
[INFO] Epoch 420: Loss = 31.464921951293945
Load tensor requires grad: True
current runtime: wire: 115.05329656600952 gate LUT: 672.0696337223053
[INSTA] TNS: -1.0920156512383983e-07, WNS: -3.816824079017067e-10
[INSTA] Switching Power: 0.03712059184908867
[INFO] Epoch 421: Loss = 31.464523315429688
Load tensor requires grad: True
current runtime: wire: 115.30910778045654 gate LUT: 673.5507805347443
[INSTA] TNS: -1.0919949033905141e-07, WNS: -3.816822136126774e-10
[INSTA] Switching Power: 0.03711983561515808
[INFO] Epoch 422: Loss = 31.463926315307617
Load tensor requires grad: True
current runtime: wire: 115.5665512084961 gate LUT: 675.0227837562561
[INSTA] TNS: -1.091972805511432e-07, WNS: -3.8168193605692124e-10
[INSTA] Switching Power: 0.037119075655937195
[INFO] Epoch 423: Loss = 31.463289260864258
Load tensor requires grad: True
current runtime: wire: 115.83797550201416 gate LUT: 676.5664856433868
[INSTA] TNS: -1.0919717396973283e-07, WNS: -3.816817140123163e-10
[INSTA] Switching Power: 0.03711826726794243
[INFO] Epoch 424: Loss = 31.463258743286133
Load tensor requires grad: True
current runtime: wire: 116.09817886352539 gate LUT: 678.0531215667725
[INSTA] TNS: -1.0919529813691042e-07, WNS: -3.8168154747886263e-10
[INSTA] Switching Power: 0.03711758553981781
[INFO] Epoch 425: Loss = 31.462718963623047
Load tensor requires grad: True
current runtime: wire: 116.35418248176575 gate LUT: 679.5427386760712
[INSTA] TNS: -1.0919438864220865e-07, WNS: -3.816812976786821e-10
[INSTA] Switching Power: 0.037117186933755875
[INFO] Epoch 426: Loss = 31.46245765686035
Load tensor requires grad: True
current runtime: wire: 116.61269235610962 gate LUT: 681.0399024486542
[INSTA] TNS: -1.0919395521113984e-07, WNS: -3.816811033896528e-10
[INSTA] Switching Power: 0.037116922438144684
[INFO] Epoch 427: Loss = 31.462329864501953
Load tensor requires grad: True
current runtime: wire: 116.86581945419312 gate LUT: 682.5361738204956
[INSTA] TNS: -1.0919262649622397e-07, WNS: -3.8168085358947224e-10
[INSTA] Switching Power: 0.03711649030447006
[INFO] Epoch 428: Loss = 31.46194839477539
Load tensor requires grad: True
current runtime: wire: 117.12104153633118 gate LUT: 684.0074977874756
[INSTA] TNS: -1.091918164775052e-07, WNS: -3.816805760337161e-10
[INSTA] Switching Power: 0.03711599484086037
[INFO] Epoch 429: Loss = 31.461715698242188
Load tensor requires grad: True
current runtime: wire: 117.38000583648682 gate LUT: 685.4943590164185
[INSTA] TNS: -1.0919135462472696e-07, WNS: -3.8168035398911115e-10
[INSTA] Switching Power: 0.037115585058927536
[INFO] Epoch 430: Loss = 31.46158218383789
Load tensor requires grad: True
current runtime: wire: 117.64129447937012 gate LUT: 686.9742910861969
[INSTA] TNS: -1.0918970616557999e-07, WNS: -3.816800486777794e-10
[INSTA] Switching Power: 0.037115346640348434
[INFO] Epoch 431: Loss = 31.46110725402832
Load tensor requires grad: True
current runtime: wire: 117.89734172821045 gate LUT: 688.4905979633331
[INSTA] TNS: -1.0918829218553583e-07, WNS: -3.816799098999013e-10
[INSTA] Switching Power: 0.03711516037583351
[INFO] Epoch 432: Loss = 31.46070098876953
Load tensor requires grad: True
current runtime: wire: 118.1537127494812 gate LUT: 689.9685173034668
[INSTA] TNS: -1.0918655135583322e-07, WNS: -3.816796878552964e-10
[INSTA] Switching Power: 0.037114791572093964
[INFO] Epoch 433: Loss = 31.4601993560791
Load tensor requires grad: True
current runtime: wire: 118.41008877754211 gate LUT: 691.4930448532104
[INSTA] TNS: -1.091855494905758e-07, WNS: -3.8167946581069145e-10
[INSTA] Switching Power: 0.037114184349775314
[INFO] Epoch 434: Loss = 31.45990753173828
Load tensor requires grad: True
current runtime: wire: 118.66387629508972 gate LUT: 692.9896385669708
[INSTA] TNS: -1.0918412840510427e-07, WNS: -3.816792160105109e-10
[INSTA] Switching Power: 0.03711381182074547
[INFO] Epoch 435: Loss = 31.459501266479492
Load tensor requires grad: True
current runtime: wire: 118.91969418525696 gate LUT: 694.46120429039
[INSTA] TNS: -1.0918343917865059e-07, WNS: -3.8167907723263284e-10
[INSTA] Switching Power: 0.03711354359984398
[INFO] Epoch 436: Loss = 31.459300994873047
Load tensor requires grad: True
current runtime: wire: 119.17222428321838 gate LUT: 695.9392960071564
[INSTA] TNS: -1.0918217441258093e-07, WNS: -3.816787996768767e-10
[INSTA] Switching Power: 0.03711320459842682
[INFO] Epoch 437: Loss = 31.458938598632812
Load tensor requires grad: True
current runtime: wire: 119.4313747882843 gate LUT: 697.4357056617737
[INSTA] TNS: -1.0918103754420372e-07, WNS: -3.8167854987669614e-10
[INSTA] Switching Power: 0.03711307421326637
[INFO] Epoch 438: Loss = 31.458608627319336
Load tensor requires grad: True
current runtime: wire: 119.68793940544128 gate LUT: 698.9204473495483
[INSTA] TNS: -1.091801351549293e-07, WNS: -3.8167838334324244e-10
[INSTA] Switching Power: 0.03711269423365593
[INFO] Epoch 439: Loss = 31.458349227905273
Load tensor requires grad: True
current runtime: wire: 119.94241046905518 gate LUT: 700.4170577526093
[INSTA] TNS: -1.0917830195467104e-07, WNS: -3.8167821680978875e-10
[INSTA] Switching Power: 0.03711250051856041
[INFO] Epoch 440: Loss = 31.457822799682617
Load tensor requires grad: True
current runtime: wire: 120.21676921844482 gate LUT: 702.0207145214081
[INSTA] TNS: -1.0917710824287497e-07, WNS: -3.816779947651838e-10
[INSTA] Switching Power: 0.037112411111593246
[INFO] Epoch 441: Loss = 31.457477569580078
Load tensor requires grad: True
current runtime: wire: 120.50244116783142 gate LUT: 703.7117857933044
[INSTA] TNS: -1.091760637450534e-07, WNS: -3.8167782823173013e-10
[INSTA] Switching Power: 0.037112362682819366
[INFO] Epoch 442: Loss = 31.457176208496094
Load tensor requires grad: True
current runtime: wire: 120.75753331184387 gate LUT: 705.2220063209534
[INSTA] TNS: -1.0917442949676115e-07, WNS: -3.81677550675974e-10
[INSTA] Switching Power: 0.037112247198820114
[INFO] Epoch 443: Loss = 31.456707000732422
Load tensor requires grad: True
current runtime: wire: 121.01037502288818 gate LUT: 706.7107973098755
[INSTA] TNS: -1.0917330683923865e-07, WNS: -3.816774396536715e-10
[INSTA] Switching Power: 0.037112168967723846
[INFO] Epoch 444: Loss = 31.456382751464844
Load tensor requires grad: True
current runtime: wire: 121.29903268814087 gate LUT: 708.2786955833435
[INSTA] TNS: -1.0917235471197273e-07, WNS: -3.8167718985349097e-10
[INSTA] Switching Power: 0.03711206838488579
[INFO] Epoch 445: Loss = 31.45610809326172
Load tensor requires grad: True
current runtime: wire: 121.55492281913757 gate LUT: 709.7812941074371
[INSTA] TNS: -1.091719070700492e-07, WNS: -3.8167699556446166e-10
[INSTA] Switching Power: 0.037112291902303696
[INFO] Epoch 446: Loss = 31.455978393554688
Load tensor requires grad: True
current runtime: wire: 121.81003832817078 gate LUT: 711.2471261024475
[INSTA] TNS: -1.0917047887915032e-07, WNS: -3.8167680127543235e-10
[INSTA] Switching Power: 0.0371125265955925
[INFO] Epoch 447: Loss = 31.45556640625
Load tensor requires grad: True
current runtime: wire: 122.06531429290771 gate LUT: 712.8946869373322
[INSTA] TNS: -1.0916964754414948e-07, WNS: -3.816765237196762e-10
[INSTA] Switching Power: 0.03711237758398056
[INFO] Epoch 448: Loss = 31.4553279876709
Load tensor requires grad: True
current runtime: wire: 122.31804203987122 gate LUT: 714.3851978778839
[INSTA] TNS: -1.0916777171132708e-07, WNS: -3.816763294306469e-10
[INSTA] Switching Power: 0.03711218386888504
[INFO] Epoch 449: Loss = 31.454788208007812
Load tensor requires grad: True
current runtime: wire: 122.57610273361206 gate LUT: 715.846155166626
[INSTA] TNS: -1.0916611614675276e-07, WNS: -3.816761351416176e-10
[INSTA] Switching Power: 0.03711162880063057
[INFO] Epoch 450: Loss = 31.45431137084961
Load tensor requires grad: True
current runtime: wire: 122.83181881904602 gate LUT: 717.3343300819397
[INSTA] TNS: -1.0916522796833306e-07, WNS: -3.8167591309701265e-10
[INSTA] Switching Power: 0.03711079806089401
[INFO] Epoch 451: Loss = 31.454055786132812
Load tensor requires grad: True
current runtime: wire: 123.08793020248413 gate LUT: 719.0886495113373
[INSTA] TNS: -1.0916478743183688e-07, WNS: -3.8167574656355896e-10
[INSTA] Switching Power: 0.03710983321070671
[INFO] Epoch 452: Loss = 31.45392608642578
Load tensor requires grad: True
current runtime: wire: 123.34470677375793 gate LUT: 720.5606160163879
[INSTA] TNS: -1.0916387793713511e-07, WNS: -3.816754412522272e-10
[INSTA] Switching Power: 0.03710883855819702
[INFO] Epoch 453: Loss = 31.453664779663086
Load tensor requires grad: True
current runtime: wire: 123.60161709785461 gate LUT: 722.0599367618561
[INSTA] TNS: -1.0916235027025323e-07, WNS: -3.816753024743491e-10
[INSTA] Switching Power: 0.037108130753040314
[INFO] Epoch 454: Loss = 31.45322608947754
Load tensor requires grad: True
current runtime: wire: 123.85422849655151 gate LUT: 723.5114006996155
[INSTA] TNS: -1.0916170367636369e-07, WNS: -3.8167499716301734e-10
[INSTA] Switching Power: 0.03710754215717316
[INFO] Epoch 455: Loss = 31.453039169311523
Load tensor requires grad: True
current runtime: wire: 124.11209440231323 gate LUT: 724.9924697875977
[INSTA] TNS: -1.0916079418166191e-07, WNS: -3.816748861407149e-10
[INSTA] Switching Power: 0.037107083946466446
[INFO] Epoch 456: Loss = 31.452777862548828
Load tensor requires grad: True
current runtime: wire: 124.37245178222656 gate LUT: 726.4647805690765
[INSTA] TNS: -1.0916021153661859e-07, WNS: -3.8167466409610995e-10
[INSTA] Switching Power: 0.037106383591890335
[INFO] Epoch 457: Loss = 31.452608108520508
Load tensor requires grad: True
current runtime: wire: 124.62671089172363 gate LUT: 727.9548592567444
[INSTA] TNS: -1.0915815096268489e-07, WNS: -3.816745530738075e-10
[INSTA] Switching Power: 0.03710562735795975
[INFO] Epoch 458: Loss = 31.452014923095703
Load tensor requires grad: True
current runtime: wire: 124.8812415599823 gate LUT: 729.433753490448
[INSTA] TNS: -1.0915759673935099e-07, WNS: -3.8167430327362695e-10
[INSTA] Switching Power: 0.037105269730091095
[INFO] Epoch 459: Loss = 31.451854705810547
Load tensor requires grad: True
current runtime: wire: 125.14659929275513 gate LUT: 730.9690947532654
[INSTA] TNS: -1.0915636039499077e-07, WNS: -3.816742477624757e-10
[INSTA] Switching Power: 0.037105217576026917
[INFO] Epoch 460: Loss = 31.451499938964844
Load tensor requires grad: True
current runtime: wire: 125.3974437713623 gate LUT: 732.4594659805298
[INSTA] TNS: -1.0915486825524567e-07, WNS: -3.8167397020671956e-10
[INSTA] Switching Power: 0.037105388939380646
[INFO] Epoch 461: Loss = 31.45107078552246
Load tensor requires grad: True
current runtime: wire: 125.65377426147461 gate LUT: 733.9333157539368
[INSTA] TNS: -1.0915475456840795e-07, WNS: -3.8167377591769025e-10
[INSTA] Switching Power: 0.037105582654476166
[INFO] Epoch 462: Loss = 31.45103645324707
Load tensor requires grad: True
current runtime: wire: 125.90462231636047 gate LUT: 735.4013130664825
[INSTA] TNS: -1.0915312742554306e-07, WNS: -3.816735538730853e-10
[INSTA] Switching Power: 0.03710555285215378
[INFO] Epoch 463: Loss = 31.4505672454834
Load tensor requires grad: True
current runtime: wire: 126.16624021530151 gate LUT: 736.881906747818
[INSTA] TNS: -1.0915192660831963e-07, WNS: -3.816733040729048e-10
[INSTA] Switching Power: 0.03710551559925079
[INFO] Epoch 464: Loss = 31.45022201538086
Load tensor requires grad: True
current runtime: wire: 126.42697024345398 gate LUT: 738.3542530536652
[INSTA] TNS: -1.09151159222165e-07, WNS: -3.816731930506023e-10
[INSTA] Switching Power: 0.037105441093444824
[INFO] Epoch 465: Loss = 31.450000762939453
Load tensor requires grad: True
current runtime: wire: 126.68011260032654 gate LUT: 739.8711490631104
[INSTA] TNS: -1.0915000814293307e-07, WNS: -3.816729710059974e-10
[INSTA] Switching Power: 0.03710527345538139
[INFO] Epoch 466: Loss = 31.449668884277344
Load tensor requires grad: True
current runtime: wire: 126.93584847450256 gate LUT: 741.3476884365082
[INSTA] TNS: -1.0914793335814466e-07, WNS: -3.8167285998369493e-10
[INSTA] Switching Power: 0.03710498660802841
[INFO] Epoch 467: Loss = 31.44906997680664
Load tensor requires grad: True
current runtime: wire: 127.18888688087463 gate LUT: 742.8323183059692
[INSTA] TNS: -1.0914729386968247e-07, WNS: -3.816726101835144e-10
[INSTA] Switching Power: 0.03710469231009483
[INFO] Epoch 468: Loss = 31.44888687133789
Load tensor requires grad: True
current runtime: wire: 127.44121718406677 gate LUT: 744.3092658519745
[INSTA] TNS: -1.091452617174582e-07, WNS: -3.8167252691678755e-10
[INSTA] Switching Power: 0.03710433840751648
[INFO] Epoch 469: Loss = 31.44830322265625
Load tensor requires grad: True
current runtime: wire: 127.69588422775269 gate LUT: 745.7898685932159
[INSTA] TNS: -1.0914497750036389e-07, WNS: -3.81672277116607e-10
[INSTA] Switching Power: 0.03710424154996872
[INFO] Epoch 470: Loss = 31.448219299316406
Load tensor requires grad: True
current runtime: wire: 127.95674633979797 gate LUT: 747.3229205608368
[INSTA] TNS: -1.091442385359187e-07, WNS: -3.8167213833872893e-10
[INSTA] Switching Power: 0.037104278802871704
[INFO] Epoch 471: Loss = 31.44800567626953
Load tensor requires grad: True
current runtime: wire: 128.2119104862213 gate LUT: 748.8313426971436
[INSTA] TNS: -1.0914296666442169e-07, WNS: -3.81671916294124e-10
[INSTA] Switching Power: 0.037104278802871704
[INFO] Epoch 472: Loss = 31.44763946533203
Load tensor requires grad: True
current runtime: wire: 128.464595079422 gate LUT: 750.3096532821655
[INSTA] TNS: -1.0914198611544634e-07, WNS: -3.816717497606703e-10
[INSTA] Switching Power: 0.03710425645112991
[INFO] Epoch 473: Loss = 31.447357177734375
Load tensor requires grad: True
current runtime: wire: 128.7280535697937 gate LUT: 751.8292508125305
[INSTA] TNS: -1.0914236980852365e-07, WNS: -3.816715832272166e-10
[INSTA] Switching Power: 0.037104252725839615
[INFO] Epoch 474: Loss = 31.447467803955078
Load tensor requires grad: True
current runtime: wire: 129.00780653953552 gate LUT: 753.374174118042
[INSTA] TNS: -1.0914080661450498e-07, WNS: -3.816713334270361e-10
[INSTA] Switching Power: 0.03710439056158066
[INFO] Epoch 475: Loss = 31.447017669677734
Load tensor requires grad: True
current runtime: wire: 129.27663850784302 gate LUT: 755.0681476593018
[INSTA] TNS: -1.0914082793078705e-07, WNS: -3.8167125016030923e-10
[INSTA] Switching Power: 0.03710430487990379
[INFO] Epoch 476: Loss = 31.447025299072266
Load tensor requires grad: True
current runtime: wire: 129.53756260871887 gate LUT: 756.5723087787628
[INSTA] TNS: -1.0913896630881936e-07, WNS: -3.816710558712799e-10
[INSTA] Switching Power: 0.03710389882326126
[INFO] Epoch 477: Loss = 31.446487426757812
Load tensor requires grad: True
current runtime: wire: 129.7940285205841 gate LUT: 758.0660259723663
[INSTA] TNS: -1.0913824866065625e-07, WNS: -3.816708060710994e-10
[INSTA] Switching Power: 0.03710327669978142
[INFO] Epoch 478: Loss = 31.44628143310547
Load tensor requires grad: True
current runtime: wire: 130.04998517036438 gate LUT: 759.5799984931946
[INSTA] TNS: -1.0913747416907427e-07, WNS: -3.8167072280437253e-10
[INSTA] Switching Power: 0.03710249066352844
[INFO] Epoch 479: Loss = 31.446056365966797
Load tensor requires grad: True
current runtime: wire: 130.31511974334717 gate LUT: 761.2084591388702
[INSTA] TNS: -1.0913610992702161e-07, WNS: -3.8167055627091884e-10
[INSTA] Switching Power: 0.03710164502263069
[INFO] Epoch 480: Loss = 31.44566535949707
Load tensor requires grad: True
current runtime: wire: 130.57140588760376 gate LUT: 762.7030832767487
[INSTA] TNS: -1.0913591808048295e-07, WNS: -3.816703342263139e-10
[INSTA] Switching Power: 0.0371009036898613
[INFO] Epoch 481: Loss = 31.445608139038086
Load tensor requires grad: True
current runtime: wire: 130.8281557559967 gate LUT: 764.2058968544006
[INSTA] TNS: -1.0913539938428585e-07, WNS: -3.8167019544843583e-10
[INSTA] Switching Power: 0.03710056096315384
[INFO] Epoch 482: Loss = 31.44546127319336
Load tensor requires grad: True
current runtime: wire: 131.10952520370483 gate LUT: 765.869681596756
[INSTA] TNS: -1.0913450410043879e-07, WNS: -3.816700011594065e-10
[INSTA] Switching Power: 0.03710049390792847
[INFO] Epoch 483: Loss = 31.445201873779297
Load tensor requires grad: True
current runtime: wire: 131.37916827201843 gate LUT: 767.4410073757172
[INSTA] TNS: -1.0913375092513888e-07, WNS: -3.8166986238152845e-10
[INSTA] Switching Power: 0.03710053861141205
[INFO] Epoch 484: Loss = 31.444984436035156
Load tensor requires grad: True
current runtime: wire: 131.62889528274536 gate LUT: 768.9258556365967
[INSTA] TNS: -1.0913259984590695e-07, WNS: -3.816696125813479e-10
[INSTA] Switching Power: 0.037101030349731445
[INFO] Epoch 485: Loss = 31.444652557373047
Load tensor requires grad: True
current runtime: wire: 131.888854265213 gate LUT: 770.4494478702545
[INSTA] TNS: -1.0913116454958072e-07, WNS: -3.8166950155904544e-10
[INSTA] Switching Power: 0.037101686000823975
[INFO] Epoch 486: Loss = 31.44424057006836
Load tensor requires grad: True
current runtime: wire: 132.1464421749115 gate LUT: 771.9492213726044
[INSTA] TNS: -1.0913107928445243e-07, WNS: -3.816692240032893e-10
[INSTA] Switching Power: 0.03710237890481949
[INFO] Epoch 487: Loss = 31.444215774536133
Load tensor requires grad: True
current runtime: wire: 132.40627360343933 gate LUT: 773.8384938240051
[INSTA] TNS: -1.091295587229979e-07, WNS: -3.816690852254112e-10
[INSTA] Switching Power: 0.03710263967514038
[INFO] Epoch 488: Loss = 31.443777084350586
Load tensor requires grad: True
current runtime: wire: 132.66365313529968 gate LUT: 775.3018486499786
[INSTA] TNS: -1.0912901160509136e-07, WNS: -3.8166902971426e-10
[INSTA] Switching Power: 0.03710252419114113
[INFO] Epoch 489: Loss = 31.443618774414062
Load tensor requires grad: True
current runtime: wire: 132.92649054527283 gate LUT: 776.810064792633
[INSTA] TNS: -1.0912746262192741e-07, WNS: -3.816688909363819e-10
[INSTA] Switching Power: 0.037102218717336655
[INFO] Epoch 490: Loss = 31.443174362182617
Load tensor requires grad: True
current runtime: wire: 133.18140387535095 gate LUT: 778.2724983692169
[INSTA] TNS: -1.0912814474295374e-07, WNS: -3.816687244029282e-10
[INSTA] Switching Power: 0.03710152208805084
[INFO] Epoch 491: Loss = 31.443368911743164
Load tensor requires grad: True
current runtime: wire: 133.4362280368805 gate LUT: 779.7394351959229
[INSTA] TNS: -1.0912723524825196e-07, WNS: -3.8166847460274766e-10
[INSTA] Switching Power: 0.03710130974650383
[INFO] Epoch 492: Loss = 31.44310760498047
Load tensor requires grad: True
current runtime: wire: 133.6891462802887 gate LUT: 781.2161567211151
[INSTA] TNS: -1.0912607706359267e-07, WNS: -3.816683358248696e-10
[INSTA] Switching Power: 0.03710129112005234
[INFO] Epoch 493: Loss = 31.442773818969727
Load tensor requires grad: True
current runtime: wire: 133.94805216789246 gate LUT: 782.7006454467773
[INSTA] TNS: -1.0912562231624179e-07, WNS: -3.8166811378026466e-10
Library: asap7sc7p5t_28_SL_1x_220121a
Cell: NAND2xp5_ASAP7_75t_SL
Arc sense: negative_unate
Arc type: combinational
B ^ -> Y v
Pi model C2=0.07 Rpi=0.07 C1=1.41, Ceff=1.47
P = 1.00 V = 0.70 T = 25.00
------- input_net_transition = 15.71
|       total_output_net_capacitance = 1.47
|        1.44     2.88
v      --------------------
10.00 | 10.26     15.98
20.00 | 11.90     18.16
Table value = 11.33
PVT scale factor = 1.00
Delay = 11.33

------- input_net_transition = 15.71
|       total_output_net_capacitance = 1.47
|        1.44     2.88
v      --------------------
10.00 | 17.28     29.91
20.00 | 19.80     31.84
Table value = 18.99
PVT scale factor = 1.00
Slew = 18.99
Driver waveform slew = 18.95

.............................................

B v -> Y ^
Pi model C2=0.07 Rpi=0.07 C1=1.40, Ceff=1.47
P = 1.00 V = 0.70 T = 25.00
------- input_net_transition = 21.58
|       total_output_net_capacitance = 1.47
|        1.44     2.88
v      --------------------
20.00 | 13.78     20.24
40.00 | 17.43     25.13
Table value = 14.20
PVT scale factor = 1.00
Delay = 14.20

------- input_net_transition = 21.58
|       total_output_net_capacitance = 1.47
|        1.44     2.88
v      --------------------
20.00 | 20.03     33.24
40.00 | 25.68     38.04
Table value = 20.72
PVT scale factor = 1.00
Slew = 20.72
Driver waveform slew = 20.64

.............................................

function: reduceToPi
[PI-DBG] input126/Y starting at driver node input126/Y
init values: y1=0 y2=0 y3=0 dcap=0 rd=0
[PI-DBG] input126/Y node input126/Y gnd_cap=0 coup_cap=0 coup_fac=0 pin_cap=0 total_cap=15.9 resistance=1.74e-15
[PI-DBG] input126/Y node net126:1 gnd_cap=8.68e-16 coup_cap=0 coup_fac=0 pin_cap=8.68e-16 total_cap=339 resistance=1.74e-15
[PI-DBG] input126/Y node net126:0 gnd_cap=8.68e-16 coup_cap=0 coup_fac=0 pin_cap=8.68e-16 total_cap=339 resistance=1.74e-15
[PI-DBG] input126/Y node i43/i244/B1 gnd_cap=0 coup_cap=0 coup_fac=3.49e-16 pin_cap=3.49e-16 total_cap=15.9 resistance=1.74e-15
[PI-DBG] input126/Y y1=3.48504e-16 y2=0 y3=0 c1=0 c2=0 rpi=0 rd=355.336
r/y1/y2/y3: 15.9 / 3.49e-16 / 0 / 0
[PI-DBG] input126/Y y1=1.21642e-15 y2=-1.92506e-30 y3=1.06336e-44 c1=3.48504e-16 c2=8.67915e-16 rpi=15.85 rd=355.336
r/y1/y2/y3: 324 / 1.22e-15 / -1.93e-30 / 1.06e-44
[PI-DBG] input126/Y y1=2.08433e-15 y2=-4.80801e-28 y3=1.90048e-40 c1=1.21637e-15 c2=8.67963e-16 rpi=324.963 rd=355.336
r/y1/y2/y3: 15.9 / 2.08e-15 / -4.81e-28 / 1.9e-40
[PI-DBG] input126/Y y1=2.08433e-15 y2=-5.4966e-28 y3=2.24091e-40 c1=1.34823e-15 c2=7.36106e-16 rpi=302.39 rd=355.336
function: reduceToPi
[PI-DBG] input126/Y final y1=2.08433e-15 y2=-5.4966e-28 y3=2.24091e-40 c1=1.34823e-15 c2=7.36106e-16 rpi=302.39 rd=355.336
function: reduceToPi
[PI-DBG] input126/Y starting at driver node input126/Y
init values: y1=0 y2=0 y3=0 dcap=0 rd=0
[PI-DBG] input126/Y node input126/Y gnd_cap=0 coup_cap=0 coup_fac=0 pin_cap=0 total_cap=15.9 resistance=302
[PI-DBG] input126/Y node net126:1 gnd_cap=8.68e-16 coup_cap=0 coup_fac=0 pin_cap=8.68e-16 total_cap=339 resistance=302
[PI-DBG] input126/Y node net126:0 gnd_cap=8.68e-16 coup_cap=0 coup_fac=0 pin_cap=8.68e-16 total_cap=339 resistance=302
[PI-DBG] input126/Y node i43/i244/B1 gnd_cap=0 coup_cap=0 coup_fac=4.34e-16 pin_cap=4.34e-16 total_cap=15.9 resistance=302
[PI-DBG] input126/Y y1=4.34175e-16 y2=0 y3=0 c1=0 c2=0 rpi=0 rd=355.336
r/y1/y2/y3: 15.9 / 4.34e-16 / 0 / 0
[PI-DBG] input126/Y y1=1.30209e-15 y2=-2.98785e-30 y3=2.05614e-44 c1=4.34175e-16 c2=8.67915e-16 rpi=15.85 rd=355.336
r/y1/y2/y3: 324 / 1.3e-15 / -2.99e-30 / 2.06e-44
[PI-DBG] input126/Y y1=2.17e-15 y2=-5.51692e-28 y3=2.33764e-40 c1=1.30201e-15 c2=8.67991e-16 rpi=325.436 rd=355.336
r/y1/y2/y3: 15.9 / 2.17e-15 / -5.52e-28 / 2.34e-40
[PI-DBG] input126/Y y1=2.17e-15 y2=-6.26329e-28 y3=2.74282e-40 c1=1.43024e-15 c2=7.3977e-16 rpi=306.187 rd=355.336
function: reduceToPi
[PI-DBG] input126/Y final y1=2.17e-15 y2=-6.26329e-28 y3=2.74282e-40 c1=1.43024e-15 c2=7.3977e-16 rpi=306.187 rd=355.336
function: reduceToPi
[PI-DBG] input126/Y starting at driver node input126/Y
init values: y1=0 y2=0 y3=0 dcap=0 rd=0
[PI-DBG] input126/Y node input126/Y gnd_cap=0 coup_cap=0 coup_fac=0 pin_cap=0 total_cap=15.9 resistance=306
[PI-DBG] input126/Y node net126:1 gnd_cap=8.68e-16 coup_cap=0 coup_fac=0 pin_cap=8.68e-16 total_cap=339 resistance=306
[PI-DBG] input126/Y node net126:0 gnd_cap=8.68e-16 coup_cap=0 coup_fac=0 pin_cap=8.68e-16 total_cap=339 resistance=306
[PI-DBG] input126/Y node i43/i244/B1 gnd_cap=0 coup_cap=0 coup_fac=3.15e-16 pin_cap=3.15e-16 total_cap=15.9 resistance=306
[PI-DBG] input126/Y y1=3.14576e-16 y2=0 y3=0 c1=0 c2=0 rpi=0 rd=355.336
r/y1/y2/y3: 15.9 / 3.15e-16 / 0 / 0
[PI-DBG] input126/Y y1=1.18249e-15 y2=-1.56849e-30 y3=7.82051e-45 c1=3.14576e-16 c2=8.67915e-16 rpi=15.85 rd=355.336
r/y1/y2/y3: 324 / 1.18e-15 / -1.57e-30 / 7.82e-45
[PI-DBG] input126/Y y1=2.05041e-15 y2=-4.54103e-28 y3=1.74392e-40 c1=1.18245e-15 c2=8.67954e-16 rpi=324.779 rd=355.336
r/y1/y2/y3: 15.9 / 2.05e-15 / -4.54e-28 / 1.74e-40
[PI-DBG] input126/Y y1=2.05041e-15 y2=-5.20739e-28 y3=2.06073e-40 c1=1.31589e-15 c2=7.34516e-16 rpi=300.733 rd=355.336
function: reduceToPi
[PI-DBG] input126/Y final y1=2.05041e-15 y2=-5.20739e-28 y3=2.06073e-40 c1=1.31589e-15 c2=7.34516e-16 rpi=300.733 rd=355.336
function: reduceToPi
[PI-DBG] input126/Y starting at driver node input126/Y
init values: y1=0 y2=0 y3=0 dcap=0 rd=0
[PI-DBG] input126/Y node input126/Y gnd_cap=0 coup_cap=0 coup_fac=0 pin_cap=0 total_cap=15.9 resistance=301
[PI-DBG] input126/Y node net126:1 gnd_cap=8.68e-16 coup_cap=0 coup_fac=0 pin_cap=8.68e-16 total_cap=339 resistance=301
[PI-DBG] input126/Y node net126:0 gnd_cap=8.68e-16 coup_cap=0 coup_fac=0 pin_cap=8.68e-16 total_cap=339 resistance=301
[PI-DBG] input126/Y node i43/i244/B1 gnd_cap=0 coup_cap=0 coup_fac=4.33e-16 pin_cap=4.33e-16 total_cap=15.9 resistance=301
[PI-DBG] input126/Y y1=4.3254e-16 y2=0 y3=0 c1=0 c2=0 rpi=0 rd=355.336
r/y1/y2/y3: 15.9 / 4.33e-16 / 0 / 0
[PI-DBG] input126/Y y1=1.30045e-15 y2=-2.96539e-30 y3=2.033e-44 c1=4.3254e-16 c2=8.67915e-16 rpi=15.85 rd=355.336
r/y1/y2/y3: 324 / 1.3e-15 / -2.97e-30 / 2.03e-44
[PI-DBG] input126/Y y1=2.16837e-15 y2=-5.50293e-28 y3=2.32872e-40 c1=1.30038e-15 c2=8.67991e-16 rpi=325.427 rd=355.336
r/y1/y2/y3: 15.9 / 2.17e-15 / -5.5e-28 / 2.33e-40
[PI-DBG] input126/Y y1=2.16837e-15 y2=-6.24817e-28 y3=2.73259e-40 c1=1.42867e-15 c2=7.39704e-16 rpi=306.12 rd=355.336
function: reduceToPi
[PI-DBG] input126/Y final y1=2.16837e-15 y2=-6.24817e-28 y3=2.73259e-40 c1=1.42867e-15 c2=7.39704e-16 rpi=306.12 rd=355.336
tns max -75.40
Group                  Internal  Switching    Leakage      Total
                          Power      Power      Power      Power (Watts)
----------------------------------------------------------------
Sequential             6.95e-03   2.78e-03   1.83e-07   9.73e-03  13.1%
Combinational          3.05e-02   3.39e-02   1.12e-04   6.45e-02  86.9%
Clock                  0.00e+00   0.00e+00   0.00e+00   0.00e+00   0.0%
Macro                  0.00e+00   0.00e+00   0.00e+00   0.00e+00   0.0%
Pad                    0.00e+00   0.00e+00   0.00e+00   0.00e+00   0.0%
----------------------------------------------------------------
Total                  3.75e-02   3.67e-02   1.12e-04   7.43e-02 100.0%
                          50.5%      49.4%       0.2%
max slew

Pin                                    Limit    Slew   Slack
------------------------------------------------------------
i84/SE                                  0.32    0.62   -0.30 (VIOLATED)
i85/SE                                  0.32    0.62   -0.30 (VIOLATED)
i83/SE                                  0.32    0.62   -0.30 (VIOLATED)
i176/SE                                 0.32    0.62   -0.30 (VIOLATED)
i145/SE                                 0.32    0.62   -0.30 (VIOLATED)
i178/SE                                 0.32    0.62   -0.30 (VIOLATED)
i112/SE                                 0.32    0.62   -0.30 (VIOLATED)
i109/SE                                 0.32    0.62   -0.30 (VIOLATED)
i115/SE                                 0.32    0.62   -0.30 (VIOLATED)
i78/SE                                  0.32    0.62   -0.30 (VIOLATED)
i79/SE                                  0.32    0.62   -0.30 (VIOLATED)
i175/SE                                 0.32    0.62   -0.30 (VIOLATED)
i80/SE                                  0.32    0.62   -0.30 (VIOLATED)
i177/SE                                 0.32    0.62   -0.30 (VIOLATED)
i82/SE                                  0.32    0.62   -0.30 (VIOLATED)
i81/SE                                  0.32    0.62   -0.30 (VIOLATED)
i116/SE                                 0.32    0.62   -0.30 (VIOLATED)
i111/SE                                 0.32    0.62   -0.30 (VIOLATED)
i114/SE                                 0.32    0.62   -0.30 (VIOLATED)
i113/SE                                 0.32    0.61   -0.29 (VIOLATED)
i110/SE                                 0.32    0.61   -0.29 (VIOLATED)
i164/SE                                 0.32    0.61   -0.29 (VIOLATED)
i77/SE                                  0.32    0.61   -0.29 (VIOLATED)
i169/SE                                 0.32    0.61   -0.29 (VIOLATED)
i168/SE                                 0.32    0.61   -0.29 (VIOLATED)
i76/SE                                  0.32    0.61   -0.29 (VIOLATED)
i171/SE                                 0.32    0.61   -0.29 (VIOLATED)
i166/SE                                 0.32    0.61   -0.29 (VIOLATED)
i167/SE                                 0.32    0.61   -0.29 (VIOLATED)
i74/SE                                  0.32    0.61   -0.29 (VIOLATED)
i75/SE                                  0.32    0.61   -0.29 (VIOLATED)
i144/SE                                 0.32    0.61   -0.29 (VIOLATED)
i143/SE                                 0.32    0.61   -0.29 (VIOLATED)
i174/SE                                 0.32    0.61   -0.29 (VIOLATED)
i142/SE                                 0.32    0.61   -0.29 (VIOLATED)
i146/SE                                 0.32    0.61   -0.29 (VIOLATED)
i141/SE                                 0.32    0.61   -0.29 (VIOLATED)
i173/SE                                 0.32    0.61   -0.29 (VIOLATED)
i172/SE                                 0.32    0.61   -0.29 (VIOLATED)
i139/SE                                 0.32    0.60   -0.28 (VIOLATED)
i140/SE                                 0.32    0.60   -0.28 (VIOLATED)
i137/SE                                 0.32    0.60   -0.28 (VIOLATED)
i103/SE                                 0.32    0.60   -0.28 (VIOLATED)
i102/SE                                 0.32    0.60   -0.28 (VIOLATED)
i107/SE                                 0.32    0.60   -0.28 (VIOLATED)
i73/SE                                  0.32    0.60   -0.28 (VIOLATED)
i104/SE                                 0.32    0.60   -0.28 (VIOLATED)
i108/SE                                 0.32    0.60   -0.28 (VIOLATED)
i1321/SE                                0.32    0.60   -0.28 (VIOLATED)
i106/SE                                 0.32    0.60   -0.28 (VIOLATED)
i70/SE                                  0.32    0.60   -0.28 (VIOLATED)
i133/SE                                 0.32    0.60   -0.28 (VIOLATED)
i170/SE                                 0.32    0.60   -0.28 (VIOLATED)
i165/SE                                 0.32    0.60   -0.28 (VIOLATED)
i138/SE                                 0.32    0.60   -0.28 (VIOLATED)
i163/SE                                 0.32    0.60   -0.28 (VIOLATED)
i71/SE                                  0.32    0.59   -0.27 (VIOLATED)
i72/SE                                  0.32    0.59   -0.27 (VIOLATED)
i134/SE                                 0.32    0.59   -0.27 (VIOLATED)
i132/SE                                 0.32    0.59   -0.27 (VIOLATED)
i131/SE                                 0.32    0.59   -0.27 (VIOLATED)
i105/SE                                 0.32    0.58   -0.26 (VIOLATED)
i135/SE                                 0.32    0.58   -0.26 (VIOLATED)
i136/SE                                 0.32    0.57   -0.25 (VIOLATED)
i743/A1                                 0.32    0.48   -0.16 (VIOLATED)
i672/A1                                 0.32    0.48   -0.16 (VIOLATED)
i747/A1                                 0.32    0.48   -0.16 (VIOLATED)
i748/A1                                 0.32    0.48   -0.16 (VIOLATED)
i739/A1                                 0.32    0.48   -0.16 (VIOLATED)
i740/A1                                 0.32    0.48   -0.16 (VIOLATED)
i680/A1                                 0.32    0.48   -0.16 (VIOLATED)
i746/A1                                 0.32    0.48   -0.16 (VIOLATED)
i738/A1                                 0.32    0.48   -0.16 (VIOLATED)
i776/A1                                 0.32    0.48   -0.16 (VIOLATED)
i749/A1                                 0.32    0.48   -0.16 (VIOLATED)
i744/A1                                 0.32    0.48   -0.16 (VIOLATED)
i655/A1                                 0.32    0.48   -0.16 (VIOLATED)
i742/A1                                 0.32    0.48   -0.16 (VIOLATED)
i666/A1                                 0.32    0.48   -0.16 (VIOLATED)
i659/A1                                 0.32    0.48   -0.16 (VIOLATED)
i762/A1                                 0.32    0.48   -0.16 (VIOLATED)
i682/A1                                 0.32    0.48   -0.16 (VIOLATED)
i741/A1                                 0.32    0.48   -0.16 (VIOLATED)
i656/A1                                 0.32    0.48   -0.16 (VIOLATED)
i679/A1                                 0.32    0.48   -0.16 (VIOLATED)
i779/A1                                 0.32    0.48   -0.16 (VIOLATED)
i780/A1                                 0.32    0.48   -0.16 (VIOLATED)
i763/A1                                 0.32    0.48   -0.16 (VIOLATED)
i676/A1                                 0.32    0.48   -0.16 (VIOLATED)
i764/A1                                 0.32    0.48   -0.16 (VIOLATED)
i658/A1                                 0.32    0.48   -0.16 (VIOLATED)
i681/A1                                 0.32    0.48   -0.16 (VIOLATED)
i781/A1                                 0.32    0.48   -0.16 (VIOLATED)
i778/A1                                 0.32    0.48   -0.16 (VIOLATED)
i118/SE                                 0.32    0.48   -0.16 (VIOLATED)
i745/A1                                 0.32    0.48   -0.16 (VIOLATED)
i669/A1                                 0.32    0.47   -0.15 (VIOLATED)
i663/A1                                 0.32    0.47   -0.15 (VIOLATED)
i752/A1                                 0.32    0.47   -0.15 (VIOLATED)
i43/i251/A1                             0.32    0.47   -0.15 (VIOLATED)
i753/A1                                 0.32    0.47   -0.15 (VIOLATED)
i761/A1                                 0.32    0.47   -0.15 (VIOLATED)
i755/A1                                 0.32    0.47   -0.15 (VIOLATED)
i760/A1                                 0.32    0.47   -0.15 (VIOLATED)
i754/A1                                 0.32    0.47   -0.15 (VIOLATED)
i750/A1                                 0.32    0.47   -0.15 (VIOLATED)
i782/A1                                 0.32    0.47   -0.15 (VIOLATED)
i660/A1                                 0.32    0.47   -0.15 (VIOLATED)
i759/A1                                 0.32    0.47   -0.15 (VIOLATED)
i758/A1                                 0.32    0.47   -0.15 (VIOLATED)
i677/A1                                 0.32    0.47   -0.15 (VIOLATED)
i767/A1                                 0.32    0.47   -0.15 (VIOLATED)
i670/A1                                 0.32    0.47   -0.15 (VIOLATED)
i43/i110/SE                             0.32    0.47   -0.15 (VIOLATED)
i43/i95/SE                              0.32    0.47   -0.15 (VIOLATED)
i674/A1                                 0.32    0.47   -0.15 (VIOLATED)
i43/i196/A1                             0.32    0.47   -0.15 (VIOLATED)
i772/A1                                 0.32    0.47   -0.15 (VIOLATED)
i43/i252/A1                             0.32    0.47   -0.15 (VIOLATED)
i751/A1                                 0.32    0.47   -0.15 (VIOLATED)
i770/A1                                 0.32    0.47   -0.15 (VIOLATED)
i756/A1                                 0.32    0.46   -0.14 (VIOLATED)
i768/A1                                 0.32    0.46   -0.14 (VIOLATED)
i757/A1                                 0.32    0.46   -0.14 (VIOLATED)
i765/A1                                 0.32    0.46   -0.14 (VIOLATED)
i43/i111/SE                             0.32    0.46   -0.14 (VIOLATED)
i769/A1                                 0.32    0.46   -0.14 (VIOLATED)
i43/i76/SE                              0.32    0.46   -0.14 (VIOLATED)
i43/i198/A1                             0.32    0.46   -0.14 (VIOLATED)
i43/i174/SE                             0.32    0.46   -0.14 (VIOLATED)
i43/i260/A1                             0.32    0.46   -0.14 (VIOLATED)
i43/i103/SE                             0.32    0.46   -0.14 (VIOLATED)
i43/i202/A1                             0.32    0.46   -0.14 (VIOLATED)
i43/i259/A1                             0.32    0.46   -0.14 (VIOLATED)
i43/i102/SE                             0.32    0.46   -0.14 (VIOLATED)
i43/i107/SE                             0.32    0.46   -0.14 (VIOLATED)
i43/i180/A1                             0.32    0.46   -0.14 (VIOLATED)
i766/A1                                 0.32    0.46   -0.14 (VIOLATED)
i43/i171/SE                             0.32    0.46   -0.14 (VIOLATED)
i43/i257/A1                             0.32    0.46   -0.14 (VIOLATED)
i43/i201/A1                             0.32    0.46   -0.14 (VIOLATED)
i43/i214/A1                             0.32    0.46   -0.14 (VIOLATED)
i43/i108/SE                             0.32    0.46   -0.14 (VIOLATED)
i43/i113/SE                             0.32    0.46   -0.14 (VIOLATED)
i43/i172/SE                             0.32    0.46   -0.14 (VIOLATED)
i43/i179/A1                             0.32    0.46   -0.14 (VIOLATED)
i43/i45/i9/C                            0.32    0.45   -0.13 (VIOLATED)
i43/i45/i10/C                           0.32    0.45   -0.13 (VIOLATED)
i43/i45/i14/D                           0.32    0.45   -0.13 (VIOLATED)
i43/i96/SE                              0.32    0.45   -0.13 (VIOLATED)
i43/i192/A2                             0.32    0.45   -0.13 (VIOLATED)
i43/i159/SE                             0.32    0.45   -0.13 (VIOLATED)
i43/i127/SE                             0.32    0.45   -0.13 (VIOLATED)
i43/i45/i12/D                           0.32    0.45   -0.13 (VIOLATED)
i43/i166/SE                             0.32    0.45   -0.13 (VIOLATED)
i43/i177/SE                             0.32    0.45   -0.13 (VIOLATED)
i43/i164/SE                             0.32    0.44   -0.12 (VIOLATED)
i43/i134/SE                             0.32    0.44   -0.12 (VIOLATED)
i43/i45/i34/A                           0.32    0.44   -0.12 (VIOLATED)
i43/i45/i35/A                           0.32    0.44   -0.12 (VIOLATED)
i43/i112/SE                             0.32    0.44   -0.12 (VIOLATED)
i43/i175/SE                             0.32    0.44   -0.12 (VIOLATED)
i43/i45/i11/C                           0.32    0.44   -0.12 (VIOLATED)
i43/i45/i8/C                            0.32    0.44   -0.12 (VIOLATED)
i773/A1                                 0.32    0.44   -0.12 (VIOLATED)
i777/A1                                 0.32    0.44   -0.12 (VIOLATED)
i43/i88/SE                              0.32    0.44   -0.12 (VIOLATED)
i671/A1                                 0.32    0.44   -0.12 (VIOLATED)
i665/A1                                 0.32    0.44   -0.12 (VIOLATED)
i43/i247/A1                             0.32    0.44   -0.12 (VIOLATED)
i771/A1                                 0.32    0.44   -0.12 (VIOLATED)
i43/i45/i33/A                           0.32    0.44   -0.12 (VIOLATED)
i775/A1                                 0.32    0.44   -0.12 (VIOLATED)
i43/i120/SE                             0.32    0.44   -0.12 (VIOLATED)
i774/A1                                 0.32    0.44   -0.12 (VIOLATED)
i43/i152/SE                             0.32    0.44   -0.12 (VIOLATED)
i43/i87/SE                              0.32    0.44   -0.12 (VIOLATED)
i43/i246/A1                             0.32    0.44   -0.12 (VIOLATED)
i43/i53/SE                              0.32    0.44   -0.12 (VIOLATED)
i43/i85/SE                              0.32    0.44   -0.12 (VIOLATED)
i43/i151/SE                             0.32    0.44   -0.12 (VIOLATED)
i43/i86/SE                              0.32    0.43   -0.11 (VIOLATED)
i43/i245/A1                             0.32    0.43   -0.11 (VIOLATED)
i43/i243/A1                             0.32    0.43   -0.11 (VIOLATED)
i43/i83/SE                              0.32    0.43   -0.11 (VIOLATED)
i43/i119/SE                             0.32    0.43   -0.11 (VIOLATED)
i43/i194/A1                             0.32    0.43   -0.11 (VIOLATED)
i43/i117/SE                             0.32    0.43   -0.11 (VIOLATED)
i43/i149/SE                             0.32    0.43   -0.11 (VIOLATED)
i43/i244/A1                             0.32    0.43   -0.11 (VIOLATED)
i43/i150/SE                             0.32    0.43   -0.11 (VIOLATED)
i43/i118/SE                             0.32    0.43   -0.11 (VIOLATED)
i43/i167/SE                             0.32    0.43   -0.11 (VIOLATED)
i43/i45/i23/A                           0.32    0.43   -0.11 (VIOLATED)
i43/i176/SE                             0.32    0.43   -0.11 (VIOLATED)
i43/i132/SE                             0.32    0.43   -0.11 (VIOLATED)
i43/i181/A1                             0.32    0.43   -0.11 (VIOLATED)
i43/i191/A1                             0.32    0.43   -0.11 (VIOLATED)
i43/i193/A1                             0.32    0.43   -0.11 (VIOLATED)
i43/i266/A1                             0.32    0.43   -0.11 (VIOLATED)
i43/i89/SE                              0.32    0.42   -0.10 (VIOLATED)
i43/i145/SE                             0.32    0.42   -0.10 (VIOLATED)
i43/i248/A1                             0.32    0.42   -0.10 (VIOLATED)
i122/SE                                 0.32    0.42   -0.10 (VIOLATED)
i121/SE                                 0.32    0.42   -0.10 (VIOLATED)
i152/SE                                 0.32    0.42   -0.10 (VIOLATED)
i120/SE                                 0.32    0.42   -0.10 (VIOLATED)
i153/SE                                 0.32    0.42   -0.10 (VIOLATED)
i123/SE                                 0.32    0.42   -0.10 (VIOLATED)
i154/SE                                 0.32    0.42   -0.10 (VIOLATED)
i43/i115/SE                             0.32    0.42   -0.10 (VIOLATED)
i151/SE                                 0.32    0.42   -0.10 (VIOLATED)
i43/i147/SE                             0.32    0.42   -0.10 (VIOLATED)
i119/SE                                 0.32    0.42   -0.10 (VIOLATED)
i150/SE                                 0.32    0.42   -0.10 (VIOLATED)
i117/SE                                 0.32    0.42   -0.10 (VIOLATED)
i1322/SE                                0.32    0.42   -0.10 (VIOLATED)
i43/i178/A1                             0.32    0.41   -0.09 (VIOLATED)
i43/i121/SE                             0.32    0.41   -0.09 (VIOLATED)
i43/i148/SE                             0.32    0.41   -0.09 (VIOLATED)
i43/i153/SE                             0.32    0.41   -0.09 (VIOLATED)
i149/SE                                 0.32    0.40   -0.08 (VIOLATED)
i43/i143/SE                             0.32    0.40   -0.08 (VIOLATED)
i43/i116/SE                             0.32    0.40   -0.08 (VIOLATED)
i43/i158/SE                             0.32    0.39   -0.07 (VIOLATED)
i43/i254/A1                             0.32    0.39   -0.07 (VIOLATED)
i43/i161/SE                             0.32    0.39   -0.07 (VIOLATED)
i43/i253/A1                             0.32    0.38   -0.06 (VIOLATED)
i43/i156/SE                             0.32    0.38   -0.06 (VIOLATED)
i43/i160/SE                             0.32    0.38   -0.06 (VIOLATED)
i91/SE                                  0.32    0.38   -0.06 (VIOLATED)
i90/SE                                  0.32    0.38   -0.06 (VIOLATED)
i92/SE                                  0.32    0.38   -0.06 (VIOLATED)
i93/SE                                  0.32    0.38   -0.06 (VIOLATED)
i184/SE                                 0.32    0.38   -0.06 (VIOLATED)
i89/SE                                  0.32    0.38   -0.06 (VIOLATED)
i87/SE                                  0.32    0.38   -0.06 (VIOLATED)
i86/SE                                  0.32    0.38   -0.06 (VIOLATED)
i88/SE                                  0.32    0.38   -0.06 (VIOLATED)
i148/SE                                 0.32    0.37   -0.05 (VIOLATED)
i185/SE                                 0.32    0.36   -0.04 (VIOLATED)
i727/A1                                 0.32    0.36   -0.04 (VIOLATED)
i43/i249/A1                             0.32    0.36   -0.04 (VIOLATED)
i147/SE                                 0.32    0.36   -0.04 (VIOLATED)
i43/i195/A1                             0.32    0.36   -0.04 (VIOLATED)
i707/A1                                 0.32    0.36   -0.04 (VIOLATED)
i710/A1                                 0.32    0.36   -0.04 (VIOLATED)
i684/A1                                 0.32    0.36   -0.04 (VIOLATED)
i703/A1                                 0.32    0.36   -0.04 (VIOLATED)
i687/A1                                 0.32    0.36   -0.04 (VIOLATED)
i706/A1                                 0.32    0.36   -0.04 (VIOLATED)
i688/A1                                 0.32    0.35   -0.03 (VIOLATED)
i704/A1                                 0.32    0.35   -0.03 (VIOLATED)
i705/A1                                 0.32    0.35   -0.03 (VIOLATED)
i689/A1                                 0.32    0.35   -0.03 (VIOLATED)
i183/SE                                 0.32    0.35   -0.03 (VIOLATED)
i685/A1                                 0.32    0.35   -0.03 (VIOLATED)
i686/A1                                 0.32    0.35   -0.03 (VIOLATED)
i709/A1                                 0.32    0.35   -0.03 (VIOLATED)
i657/A1                                 0.32    0.35   -0.03 (VIOLATED)
i180/SE                                 0.32    0.35   -0.03 (VIOLATED)
i683/A1                                 0.32    0.35   -0.03 (VIOLATED)
i182/SE                                 0.32    0.35   -0.03 (VIOLATED)
i43/i203/A1                             0.32    0.35   -0.03 (VIOLATED)
i708/A1                                 0.32    0.35   -0.03 (VIOLATED)
i43/i204/A1                             0.32    0.35   -0.03 (VIOLATED)
i43/i146/SE                             0.32    0.35   -0.03 (VIOLATED)
i696/A1                                 0.32    0.35   -0.03 (VIOLATED)
i690/A1                                 0.32    0.35   -0.03 (VIOLATED)
i695/A1                                 0.32    0.35   -0.03 (VIOLATED)
i691/A1                                 0.32    0.35   -0.03 (VIOLATED)
i43/i155/SE                             0.32    0.35   -0.03 (VIOLATED)
i694/A1                                 0.32    0.35   -0.03 (VIOLATED)
i700/A1                                 0.32    0.35   -0.03 (VIOLATED)
i702/A1                                 0.32    0.35   -0.03 (VIOLATED)
i673/A1                                 0.32    0.35   -0.03 (VIOLATED)
i697/A1                                 0.32    0.35   -0.03 (VIOLATED)
i693/A1                                 0.32    0.35   -0.03 (VIOLATED)
i701/A1                                 0.32    0.35   -0.03 (VIOLATED)
i43/i168/SE                             0.32    0.35   -0.03 (VIOLATED)
i692/A1                                 0.32    0.35   -0.03 (VIOLATED)
i661/A1                                 0.32    0.35   -0.03 (VIOLATED)
i43/i157/SE                             0.32    0.35   -0.03 (VIOLATED)
i43/i169/SE                             0.32    0.35   -0.03 (VIOLATED)
i699/A1                                 0.32    0.35   -0.03 (VIOLATED)
i43/i165/SE                             0.32    0.35   -0.03 (VIOLATED)
i43/i61/SE                              0.32    0.35   -0.03 (VIOLATED)
i43/i123/SE                             0.32    0.35   -0.03 (VIOLATED)
i43/i93/SE                              0.32    0.35   -0.03 (VIOLATED)
i43/i154/SE                             0.32    0.35   -0.03 (VIOLATED)
i43/i125/SE                             0.32    0.35   -0.03 (VIOLATED)
i43/i250/A1                             0.32    0.34   -0.02 (VIOLATED)
i43/i91/SE                              0.32    0.34   -0.02 (VIOLATED)
i667/A1                                 0.32    0.34   -0.02 (VIOLATED)
i698/A1                                 0.32    0.34   -0.02 (VIOLATED)
i43/i163/SE                             0.32    0.33   -0.01 (VIOLATED)
i43/i258/A1                             0.32    0.33   -0.01 (VIOLATED)
i43/i135/SE                             0.32    0.33   -0.01 (VIOLATED)
i711/A1                                 0.32    0.32   -0.00 (VIOLATED)
i43/i109/SE                             0.32    0.32   -0.00 (VIOLATED)
i43/i200/A2                             0.32    0.32   -0.00 (VIOLATED)
i717/A1                                 0.32    0.32   -0.00 (VIOLATED)
i714/A1                                 0.32    0.32   -0.00 (VIOLATED)
i712/A1                                 0.32    0.32   -0.00 (VIOLATED)
i715/A1                                 0.32    0.32   -0.00 (VIOLATED)
i716/A1                                 0.32    0.32   -0.00 (VIOLATED)
i713/A1                                 0.32    0.32   -0.00 (VIOLATED)

[INFO RSZ-0100] Repair move sequence: UnbufferMove VTSwapSpeed SizeUpMove 
[INFO RSZ-0094] Found 863 endpoints with setup violations.
[INFO RSZ-0099] Repairing 863 out of 863 (100.00%) violating endpoints...
   Iter   | Removed | Resized | Inserted | Cloned |  Pin  |   Area   |    WNS   |   TNS      |  Viol  | Worst
          | Buffers |  Gates  | Buffers  |  Gates | Swaps |          |          |            | Endpts | Endpt
--------------------------------------------------------------------------------------------------------------
        0 |       0 |       0 |        0 |      0 |     0 |    +0.0% |   -0.173 |      -75.4 |    863 | i84/SE
function: reduceToPi
[PI-DBG] input126/Y starting at driver node input126/Y
init values: y1=0 y2=0 y3=0 dcap=0 rd=0
[PI-DBG] input126/Y node input126/Y gnd_cap=0 coup_cap=0 coup_fac=0 pin_cap=0 total_cap=15.9 resistance=1.74e-15
[PI-DBG] input126/Y node net126:1 gnd_cap=8.68e-16 coup_cap=0 coup_fac=0 pin_cap=8.68e-16 total_cap=339 resistance=1.74e-15
[PI-DBG] input126/Y node net126:0 gnd_cap=8.68e-16 coup_cap=0 coup_fac=0 pin_cap=8.68e-16 total_cap=339 resistance=1.74e-15
[PI-DBG] input126/Y node i43/i244/B1 gnd_cap=0 coup_cap=0 coup_fac=4.78e-16 pin_cap=4.78e-16 total_cap=15.9 resistance=1.74e-15
[PI-DBG] input126/Y y1=4.78046e-16 y2=0 y3=0 c1=0 c2=0 rpi=0 rd=355.336
r/y1/y2/y3: 15.9 / 4.78e-16 / 0 / 0
[PI-DBG] input126/Y y1=1.34596e-15 y2=-3.62217e-30 y3=2.74453e-44 c1=4.78046e-16 c2=8.67915e-16 rpi=15.85 rd=355.336
r/y1/y2/y3: 324 / 1.35e-15 / -3.62e-30 / 2.74e-44
[PI-DBG] input126/Y y1=2.21388e-15 y2=-5.89924e-28 y3=2.58577e-40 c1=1.34587e-15 c2=8.68007e-16 rpi=325.68 rd=355.336
r/y1/y2/y3: 15.9 / 2.21e-15 / -5.9e-28 / 2.59e-40
[PI-DBG] input126/Y y1=2.21388e-15 y2=-6.67609e-28 y3=3.02704e-40 c1=1.4724e-15 c2=7.41473e-16 rpi=307.942 rd=355.336
function: reduceToPi
[PI-DBG] input126/Y final y1=2.21388e-15 y2=-6.67609e-28 y3=3.02704e-40 c1=1.4724e-15 c2=7.41473e-16 rpi=307.942 rd=355.336
function: reduceToPi
[PI-DBG] input126/Y starting at driver node input126/Y
init values: y1=0 y2=0 y3=0 dcap=0 rd=0
[PI-DBG] input126/Y node input126/Y gnd_cap=0 coup_cap=0 coup_fac=0 pin_cap=0 total_cap=15.9 resistance=308
[PI-DBG] input126/Y node net126:1 gnd_cap=8.68e-16 coup_cap=0 coup_fac=0 pin_cap=8.68e-16 total_cap=339 resistance=308
[PI-DBG] input126/Y node net126:0 gnd_cap=8.68e-16 coup_cap=0 coup_fac=0 pin_cap=8.68e-16 total_cap=339 resistance=308
[PI-DBG] input126/Y node i43/i244/B1 gnd_cap=0 coup_cap=0 coup_fac=5.97e-16 pin_cap=5.97e-16 total_cap=15.9 resistance=308
[PI-DBG] input126/Y y1=5.9695e-16 y2=0 y3=0 c1=0 c2=0 rpi=0 rd=355.336
r/y1/y2/y3: 15.9 / 5.97e-16 / 0 / 0
[PI-DBG] input126/Y y1=1.46486e-15 y2=-5.64814e-30 y3=5.34407e-44 c1=5.9695e-16 c2=8.67915e-16 rpi=15.85 rd=355.336
r/y1/y2/y3: 324 / 1.46e-15 / -5.65e-30 / 5.34e-44
[PI-DBG] input126/Y y1=2.33278e-15 y2=-7.00115e-28 y3=3.34644e-40 c1=1.46473e-15 c2=8.68054e-16 rpi=326.33 rd=355.336
r/y1/y2/y3: 15.9 / 2.33e-15 / -7e-28 / 3.35e-40
[PI-DBG] input126/Y y1=2.33278e-15 y2=-7.86369e-28 y3=3.89606e-40 c1=1.58718e-15 c2=7.45596e-16 rpi=312.156 rd=355.336
function: reduceToPi
[PI-DBG] input126/Y final y1=2.33278e-15 y2=-7.86369e-28 y3=3.89606e-40 c1=1.58718e-15 c2=7.45596e-16 rpi=312.156 rd=355.336
function: reduceToPi
[PI-DBG] input126/Y starting at driver node input126/Y
init values: y1=0 y2=0 y3=0 dcap=0 rd=0
[PI-DBG] input126/Y node input126/Y gnd_cap=0 coup_cap=0 coup_fac=0 pin_cap=0 total_cap=15.9 resistance=312
[PI-DBG] input126/Y node net126:1 gnd_cap=8.68e-16 coup_cap=0 coup_fac=0 pin_cap=8.68e-16 total_cap=339 resistance=312
[PI-DBG] input126/Y node net126:0 gnd_cap=8.68e-16 coup_cap=0 coup_fac=0 pin_cap=8.68e-16 total_cap=339 resistance=312
[PI-DBG] input126/Y node i43/i244/B1 gnd_cap=0 coup_cap=0 coup_fac=4.25e-16 pin_cap=4.25e-16 total_cap=15.9 resistance=312
[PI-DBG] input126/Y y1=4.25327e-16 y2=0 y3=0 c1=0 c2=0 rpi=0 rd=355.336
r/y1/y2/y3: 15.9 / 4.25e-16 / 0 / 0
[PI-DBG] input126/Y y1=1.29324e-15 y2=-2.86731e-30 y3=1.93298e-44 c1=4.25327e-16 c2=8.67915e-16 rpi=15.85 rd=355.336
r/y1/y2/y3: 324 / 1.29e-15 / -2.87e-30 / 1.93e-44
[PI-DBG] input126/Y y1=2.16116e-15 y2=-5.4414e-28 y3=2.28963e-40 c1=1.29317e-15 c2=8.67988e-16 rpi=325.387 rd=355.336
r/y1/y2/y3: 15.9 / 2.16e-15 / -5.44e-28 / 2.29e-40
[PI-DBG] input126/Y y1=2.16116e-15 y2=-6.18169e-28 y3=2.68777e-40 c1=1.42174e-15 c2=7.39413e-16 rpi=305.819 rd=355.336
function: reduceToPi
[PI-DBG] input126/Y final y1=2.16116e-15 y2=-6.18169e-28 y3=2.68777e-40 c1=1.42174e-15 c2=7.39413e-16 rpi=305.819 rd=355.336
function: reduceToPi
[PI-DBG] input126/Y starting at driver node input126/Y
init values: y1=0 y2=0 y3=0 dcap=0 rd=0
[PI-DBG] input126/Y node input126/Y gnd_cap=0 coup_cap=0 coup_fac=0 pin_cap=0 total_cap=15.9 resistance=306
[PI-DBG] input126/Y node net126:1 gnd_cap=8.68e-16 coup_cap=0 coup_fac=0 pin_cap=8.68e-16 total_cap=339 resistance=306
[PI-DBG] input126/Y node net126:0 gnd_cap=8.68e-16 coup_cap=0 coup_fac=0 pin_cap=8.68e-16 total_cap=339 resistance=306
[PI-DBG] input126/Y node i43/i244/B1 gnd_cap=0 coup_cap=0 coup_fac=5.94e-16 pin_cap=5.94e-16 total_cap=15.9 resistance=306
[PI-DBG] input126/Y y1=5.94029e-16 y2=0 y3=0 c1=0 c2=0 rpi=0 rd=355.336
r/y1/y2/y3: 15.9 / 5.94e-16 / 0 / 0
[PI-DBG] input126/Y y1=1.46194e-15 y2=-5.593e-30 y3=5.26601e-44 c1=5.94029e-16 c2=8.67915e-16 rpi=15.85 rd=355.336
r/y1/y2/y3: 324 / 1.46e-15 / -5.59e-30 / 5.27e-44
[PI-DBG] input126/Y y1=2.32986e-15 y2=-6.97293e-28 y3=3.32614e-40 c1=1.46181e-15 c2=8.68052e-16 rpi=326.314 rd=355.336
r/y1/y2/y3: 15.9 / 2.33e-15 / -6.97e-28 / 3.33e-40
[PI-DBG] input126/Y y1=2.32986e-15 y2=-7.83331e-28 y3=3.87291e-40 c1=1.58436e-15 c2=7.45503e-16 rpi=312.061 rd=355.336
function: reduceToPi
[PI-DBG] input126/Y final y1=2.32986e-15 y2=-7.83331e-28 y3=3.87291e-40 c1=1.58436e-15 c2=7.45503e-16 rpi=312.061 rd=355.336
function: reduceToPi
[PI-DBG] input126/Y starting at driver node input126/Y
init values: y1=0 y2=0 y3=0 dcap=0 rd=0
[PI-DBG] input126/Y node input126/Y gnd_cap=0 coup_cap=0 coup_fac=0 pin_cap=0 total_cap=15.9 resistance=1.75e-15
[PI-DBG] input126/Y node net126:1 gnd_cap=8.76e-16 coup_cap=0 coup_fac=0 pin_cap=8.76e-16 total_cap=343 resistance=1.75e-15
[PI-DBG] input126/Y node net126:0 gnd_cap=8.76e-16 coup_cap=0 coup_fac=0 pin_cap=8.76e-16 total_cap=343 resistance=1.75e-15
[PI-DBG] input126/Y node i43/i244/B1 gnd_cap=0 coup_cap=0 coup_fac=9.58e-16 pin_cap=9.58e-16 total_cap=15.9 resistance=1.75e-15
[PI-DBG] input126/Y y1=9.57646e-16 y2=0 y3=0 c1=0 c2=0 rpi=0 rd=358.47
r/y1/y2/y3: 15.9 / 9.58e-16 / 0 / 0
[PI-DBG] input126/Y y1=1.83397e-15 y2=-1.45358e-29 y3=2.20635e-43 c1=9.57646e-16 c2=8.76321e-16 rpi=15.85 rd=358.47
r/y1/y2/y3: 327 / 1.83e-15 / -1.45e-29 / 2.21e-43
[PI-DBG] input126/Y y1=2.71029e-15 y2=-1.11361e-27 y3=6.76301e-40 c1=1.83368e-15 c2=8.76607e-16 rpi=331.195 rd=358.47
r/y1/y2/y3: 15.9 / 2.71e-15 / -1.11e-27 / 6.76e-40
[PI-DBG] input126/Y y1=2.71029e-15 y2=-1.23004e-27 y3=7.76979e-40 c1=1.94727e-15 c2=7.63019e-16 rpi=324.389 rd=358.47
function: reduceToPi
[PI-DBG] input126/Y final y1=2.71029e-15 y2=-1.23004e-27 y3=7.76979e-40 c1=1.94727e-15 c2=7.63019e-16 rpi=324.389 rd=358.47
function: reduceToPi
[PI-DBG] input126/Y starting at driver node input126/Y
init values: y1=0 y2=0 y3=0 dcap=0 rd=0
[PI-DBG] input126/Y node input126/Y gnd_cap=0 coup_cap=0 coup_fac=0 pin_cap=0 total_cap=15.9 resistance=324
[PI-DBG] input126/Y node net126:1 gnd_cap=8.76e-16 coup_cap=0 coup_fac=0 pin_cap=8.76e-16 total_cap=343 resistance=324
[PI-DBG] input126/Y node net126:0 gnd_cap=8.76e-16 coup_cap=0 coup_fac=0 pin_cap=8.76e-16 total_cap=343 resistance=324
[PI-DBG] input126/Y node i43/i244/B1 gnd_cap=0 coup_cap=0 coup_fac=1.08e-15 pin_cap=1.08e-15 total_cap=15.9 resistance=324
[PI-DBG] input126/Y y1=1.08226e-15 y2=0 y3=0 c1=0 c2=0 rpi=0 rd=358.47
r/y1/y2/y3: 15.9 / 1.08e-15 / 0 / 0
[PI-DBG] input126/Y y1=1.95858e-15 y2=-1.85649e-29 y3=3.18459e-43 c1=1.08226e-15 c2=8.76321e-16 rpi=15.85 rd=358.47
r/y1/y2/y3: 327 / 1.96e-15 / -1.86e-29 / 3.18e-43
[PI-DBG] input126/Y y1=2.8349e-15 y2=-1.27207e-27 y3=8.26332e-40 c1=1.95824e-15 c2=8.76659e-16 rpi=331.724 rd=358.47
r/y1/y2/y3: 15.9 / 2.83e-15 / -1.27e-27 / 8.26e-40
[PI-DBG] input126/Y y1=2.8349e-15 y2=-1.39945e-27 y3=9.46372e-40 c1=2.06944e-15 c2=7.65461e-16 rpi=326.777 rd=358.47
function: reduceToPi
[PI-DBG] input126/Y final y1=2.8349e-15 y2=-1.39945e-27 y3=9.46372e-40 c1=2.06944e-15 c2=7.65461e-16 rpi=326.777 rd=358.47
function: reduceToPi
[PI-DBG] input126/Y starting at driver node input126/Y
init values: y1=0 y2=0 y3=0 dcap=0 rd=0
[PI-DBG] input126/Y node input126/Y gnd_cap=0 coup_cap=0 coup_fac=0 pin_cap=0 total_cap=15.9 resistance=327
[PI-DBG] input126/Y node net126:1 gnd_cap=8.76e-16 coup_cap=0 coup_fac=0 pin_cap=8.76e-16 total_cap=343 resistance=327
[PI-DBG] input126/Y node net126:0 gnd_cap=8.76e-16 coup_cap=0 coup_fac=0 pin_cap=8.76e-16 total_cap=343 resistance=327
[PI-DBG] input126/Y node i43/i244/B1 gnd_cap=0 coup_cap=0 coup_fac=9.54e-16 pin_cap=9.54e-16 total_cap=15.9 resistance=327
[PI-DBG] input126/Y y1=9.5388e-16 y2=0 y3=0 c1=0 c2=0 rpi=0 rd=358.47
r/y1/y2/y3: 15.9 / 9.54e-16 / 0 / 0
[PI-DBG] input126/Y y1=1.8302e-15 y2=-1.44217e-29 y3=2.18042e-43 c1=9.5388e-16 c2=8.76321e-16 rpi=15.85 rd=358.47
r/y1/y2/y3: 327 / 1.83e-15 / -1.44e-29 / 2.18e-43
[PI-DBG] input126/Y y1=2.70652e-15 y2=-1.10898e-27 y3=6.72076e-40 c1=1.82992e-15 c2=8.76605e-16 rpi=331.179 rd=358.47
r/y1/y2/y3: 15.9 / 2.71e-15 / -1.11e-27 / 6.72e-40
[PI-DBG] input126/Y y1=2.70652e-15 y2=-1.22509e-27 y3=7.72204e-40 c1=1.94358e-15 c2=7.6294e-16 rpi=324.311 rd=358.47
function: reduceToPi
[PI-DBG] input126/Y final y1=2.70652e-15 y2=-1.22509e-27 y3=7.72204e-40 c1=1.94358e-15 c2=7.6294e-16 rpi=324.311 rd=358.47
function: reduceToPi
[PI-DBG] input126/Y starting at driver node input126/Y
init values: y1=0 y2=0 y3=0 dcap=0 rd=0
[PI-DBG] input126/Y node input126/Y gnd_cap=0 coup_cap=0 coup_fac=0 pin_cap=0 total_cap=15.9 resistance=324
[PI-DBG] input126/Y node net126:1 gnd_cap=8.76e-16 coup_cap=0 coup_fac=0 pin_cap=8.76e-16 total_cap=343 resistance=324
[PI-DBG] input126/Y node net126:0 gnd_cap=8.76e-16 coup_cap=0 coup_fac=0 pin_cap=8.76e-16 total_cap=343 resistance=324
[PI-DBG] input126/Y node i43/i244/B1 gnd_cap=0 coup_cap=0 coup_fac=1.08e-15 pin_cap=1.08e-15 total_cap=15.9 resistance=324
[PI-DBG] input126/Y y1=1.08306e-15 y2=0 y3=0 c1=0 c2=0 rpi=0 rd=358.47
r/y1/y2/y3: 15.9 / 1.08e-15 / 0 / 0
[PI-DBG] input126/Y y1=1.95938e-15 y2=-1.85924e-29 y3=3.19166e-43 c1=1.08306e-15 c2=8.76321e-16 rpi=15.85 rd=358.47
r/y1/y2/y3: 327 / 1.96e-15 / -1.86e-29 / 3.19e-43
[PI-DBG] input126/Y y1=2.8357e-15 y2=-1.27312e-27 y3=8.27361e-40 c1=1.95904e-15 c2=8.76659e-16 rpi=331.728 rd=358.47
r/y1/y2/y3: 15.9 / 2.84e-15 / -1.27e-27 / 8.27e-40
[PI-DBG] input126/Y y1=2.8357e-15 y2=-1.40057e-27 y3=9.47533e-40 c1=2.07023e-15 c2=7.65476e-16 rpi=326.791 rd=358.47
function: reduceToPi
[PI-DBG] input126/Y final y1=2.8357e-15 y2=-1.40057e-27 y3=9.47533e-40 c1=2.07023e-15 c2=7.65476e-16 rpi=326.791 rd=358.47
function: reduceToPi
[PI-DBG] input126/Y starting at driver node input126/Y
init values: y1=0 y2=0 y3=0 dcap=0 rd=0
[PI-DBG] input126/Y node input126/Y gnd_cap=0 coup_cap=0 coup_fac=0 pin_cap=0 total_cap=15.9 resistance=1.74e-15
[PI-DBG] input126/Y node net126:1 gnd_cap=8.68e-16 coup_cap=0 coup_fac=0 pin_cap=8.68e-16 total_cap=339 resistance=1.74e-15
[PI-DBG] input126/Y node net126:0 gnd_cap=8.68e-16 coup_cap=0 coup_fac=0 pin_cap=8.68e-16 total_cap=339 resistance=1.74e-15
[PI-DBG] input126/Y node i43/i244/B1 gnd_cap=0 coup_cap=0 coup_fac=3.49e-16 pin_cap=3.49e-16 total_cap=15.9 resistance=1.74e-15
[PI-DBG] input126/Y y1=3.48504e-16 y2=0 y3=0 c1=0 c2=0 rpi=0 rd=355.336
r/y1/y2/y3: 15.9 / 3.49e-16 / 0 / 0
[PI-DBG] input126/Y y1=1.21642e-15 y2=-1.92506e-30 y3=1.06336e-44 c1=3.48504e-16 c2=8.67915e-16 rpi=15.85 rd=355.336
r/y1/y2/y3: 324 / 1.22e-15 / -1.93e-30 / 1.06e-44
[PI-DBG] input126/Y y1=2.08433e-15 y2=-4.80801e-28 y3=1.90048e-40 c1=1.21637e-15 c2=8.67963e-16 rpi=324.963 rd=355.336
r/y1/y2/y3: 15.9 / 2.08e-15 / -4.81e-28 / 1.9e-40
[PI-DBG] input126/Y y1=2.08433e-15 y2=-5.4966e-28 y3=2.24091e-40 c1=1.34823e-15 c2=7.36106e-16 rpi=302.39 rd=355.336
function: reduceToPi
[PI-DBG] input126/Y final y1=2.08433e-15 y2=-5.4966e-28 y3=2.24091e-40 c1=1.34823e-15 c2=7.36106e-16 rpi=302.39 rd=355.336
function: reduceToPi
[PI-DBG] input126/Y starting at driver node input126/Y
init values: y1=0 y2=0 y3=0 dcap=0 rd=0
[PI-DBG] input126/Y node input126/Y gnd_cap=0 coup_cap=0 coup_fac=0 pin_cap=0 total_cap=15.9 resistance=302
[PI-DBG] input126/Y node net126:1 gnd_cap=8.68e-16 coup_cap=0 coup_fac=0 pin_cap=8.68e-16 total_cap=339 resistance=302
[PI-DBG] input126/Y node net126:0 gnd_cap=8.68e-16 coup_cap=0 coup_fac=0 pin_cap=8.68e-16 total_cap=339 resistance=302
[PI-DBG] input126/Y node i43/i244/B1 gnd_cap=0 coup_cap=0 coup_fac=4.34e-16 pin_cap=4.34e-16 total_cap=15.9 resistance=302
[PI-DBG] input126/Y y1=4.34175e-16 y2=0 y3=0 c1=0 c2=0 rpi=0 rd=355.336
r/y1/y2/y3: 15.9 / 4.34e-16 / 0 / 0
[PI-DBG] input126/Y y1=1.30209e-15 y2=-2.98785e-30 y3=2.05614e-44 c1=4.34175e-16 c2=8.67915e-16 rpi=15.85 rd=355.336
r/y1/y2/y3: 324 / 1.3e-15 / -2.99e-30 / 2.06e-44
[PI-DBG] input126/Y y1=2.17e-15 y2=-5.51692e-28 y3=2.33764e-40 c1=1.30201e-15 c2=8.67991e-16 rpi=325.436 rd=355.336
r/y1/y2/y3: 15.9 / 2.17e-15 / -5.52e-28 / 2.34e-40
[PI-DBG] input126/Y y1=2.17e-15 y2=-6.26329e-28 y3=2.74282e-40 c1=1.43024e-15 c2=7.3977e-16 rpi=306.187 rd=355.336
function: reduceToPi
[PI-DBG] input126/Y final y1=2.17e-15 y2=-6.26329e-28 y3=2.74282e-40 c1=1.43024e-15 c2=7.3977e-16 rpi=306.187 rd=355.336
function: reduceToPi
[PI-DBG] input126/Y starting at driver node input126/Y
init values: y1=0 y2=0 y3=0 dcap=0 rd=0
[PI-DBG] input126/Y node input126/Y gnd_cap=0 coup_cap=0 coup_fac=0 pin_cap=0 total_cap=15.9 resistance=306
[PI-DBG] input126/Y node net126:1 gnd_cap=8.68e-16 coup_cap=0 coup_fac=0 pin_cap=8.68e-16 total_cap=339 resistance=306
[PI-DBG] input126/Y node net126:0 gnd_cap=8.68e-16 coup_cap=0 coup_fac=0 pin_cap=8.68e-16 total_cap=339 resistance=306
[PI-DBG] input126/Y node i43/i244/B1 gnd_cap=0 coup_cap=0 coup_fac=3.15e-16 pin_cap=3.15e-16 total_cap=15.9 resistance=306
[PI-DBG] input126/Y y1=3.14576e-16 y2=0 y3=0 c1=0 c2=0 rpi=0 rd=355.336
r/y1/y2/y3: 15.9 / 3.15e-16 / 0 / 0
[PI-DBG] input126/Y y1=1.18249e-15 y2=-1.56849e-30 y3=7.82051e-45 c1=3.14576e-16 c2=8.67915e-16 rpi=15.85 rd=355.336
r/y1/y2/y3: 324 / 1.18e-15 / -1.57e-30 / 7.82e-45
[PI-DBG] input126/Y y1=2.05041e-15 y2=-4.54103e-28 y3=1.74392e-40 c1=1.18245e-15 c2=8.67954e-16 rpi=324.779 rd=355.336
r/y1/y2/y3: 15.9 / 2.05e-15 / -4.54e-28 / 1.74e-40
[PI-DBG] input126/Y y1=2.05041e-15 y2=-5.20739e-28 y3=2.06073e-40 c1=1.31589e-15 c2=7.34516e-16 rpi=300.733 rd=355.336
function: reduceToPi
[PI-DBG] input126/Y final y1=2.05041e-15 y2=-5.20739e-28 y3=2.06073e-40 c1=1.31589e-15 c2=7.34516e-16 rpi=300.733 rd=355.336
function: reduceToPi
[PI-DBG] input126/Y starting at driver node input126/Y
init values: y1=0 y2=0 y3=0 dcap=0 rd=0
[PI-DBG] input126/Y node input126/Y gnd_cap=0 coup_cap=0 coup_fac=0 pin_cap=0 total_cap=15.9 resistance=301
[PI-DBG] input126/Y node net126:1 gnd_cap=8.68e-16 coup_cap=0 coup_fac=0 pin_cap=8.68e-16 total_cap=339 resistance=301
[PI-DBG] input126/Y node net126:0 gnd_cap=8.68e-16 coup_cap=0 coup_fac=0 pin_cap=8.68e-16 total_cap=339 resistance=301
[PI-DBG] input126/Y node i43/i244/B1 gnd_cap=0 coup_cap=0 coup_fac=4.33e-16 pin_cap=4.33e-16 total_cap=15.9 resistance=301
[PI-DBG] input126/Y y1=4.3254e-16 y2=0 y3=0 c1=0 c2=0 rpi=0 rd=355.336
r/y1/y2/y3: 15.9 / 4.33e-16 / 0 / 0
[PI-DBG] input126/Y y1=1.30045e-15 y2=-2.96539e-30 y3=2.033e-44 c1=4.3254e-16 c2=8.67915e-16 rpi=15.85 rd=355.336
r/y1/y2/y3: 324 / 1.3e-15 / -2.97e-30 / 2.03e-44
[PI-DBG] input126/Y y1=2.16837e-15 y2=-5.50293e-28 y3=2.32872e-40 c1=1.30038e-15 c2=8.67991e-16 rpi=325.427 rd=355.336
r/y1/y2/y3: 15.9 / 2.17e-15 / -5.5e-28 / 2.33e-40
[PI-DBG] input126/Y y1=2.16837e-15 y2=-6.24817e-28 y3=2.73259e-40 c1=1.42867e-15 c2=7.39704e-16 rpi=306.12 rd=355.336
function: reduceToPi
[PI-DBG] input126/Y final y1=2.16837e-15 y2=-6.24817e-28 y3=2.73259e-40 c1=1.42867e-15 c2=7.39704e-16 rpi=306.12 rd=355.336
    2300* |       0 |    1363 |        0 |      0 |     0 |    +1.2% |   -0.164 |      -54.1 |    578 | i43/i95/SE
    final |       0 |    1375 |        0 |      0 |     0 |    +1.2% |   -0.164 |      -54.1 |    578 | i43/i95/SE
--------------------------------------------------------------------------------------------------------------
[INFO RSZ-0051] Resized 1375 instances: 422 up, 0 up match, 0 down, 953 VT
[WARNING RSZ-0062] Unable to repair all setup violations.
Placement Analysis
---------------------------------
total displacement       1204.7 u
average displacement        0.1 u
max displacement            1.8 u
original HPWL           42299.9 u
legalized HPWL          44204.6 u
delta HPWL                    5 %

function: reduceToPi
[PI-DBG] input126/Y starting at driver node input126/Y
init values: y1=0 y2=0 y3=0 dcap=0 rd=0
[PI-DBG] input126/Y node input126/Y gnd_cap=0 coup_cap=0 coup_fac=0 pin_cap=0 total_cap=15.9 resistance=1.74e-15
[PI-DBG] input126/Y node net126:1 gnd_cap=8.68e-16 coup_cap=0 coup_fac=0 pin_cap=8.68e-16 total_cap=339 resistance=1.74e-15
[PI-DBG] input126/Y node net126:0 gnd_cap=8.68e-16 coup_cap=0 coup_fac=0 pin_cap=8.68e-16 total_cap=339 resistance=1.74e-15
[PI-DBG] input126/Y node i43/i244/B1 gnd_cap=0 coup_cap=0 coup_fac=3.49e-16 pin_cap=3.49e-16 total_cap=15.9 resistance=1.74e-15
[PI-DBG] input126/Y y1=3.48504e-16 y2=0 y3=0 c1=0 c2=0 rpi=0 rd=355.336
r/y1/y2/y3: 15.9 / 3.49e-16 / 0 / 0
[PI-DBG] input126/Y y1=1.21642e-15 y2=-1.92506e-30 y3=1.06336e-44 c1=3.48504e-16 c2=8.67915e-16 rpi=15.85 rd=355.336
r/y1/y2/y3: 324 / 1.22e-15 / -1.93e-30 / 1.06e-44
[PI-DBG] input126/Y y1=2.08433e-15 y2=-4.80801e-28 y3=1.90048e-40 c1=1.21637e-15 c2=8.67963e-16 rpi=324.963 rd=355.336
r/y1/y2/y3: 15.9 / 2.08e-15 / -4.81e-28 / 1.9e-40
[PI-DBG] input126/Y y1=2.08433e-15 y2=-5.4966e-28 y3=2.24091e-40 c1=1.34823e-15 c2=7.36106e-16 rpi=302.39 rd=355.336
function: reduceToPi
[PI-DBG] input126/Y final y1=2.08433e-15 y2=-5.4966e-28 y3=2.24091e-40 c1=1.34823e-15 c2=7.36106e-16 rpi=302.39 rd=355.336
function: reduceToPi
[PI-DBG] input126/Y starting at driver node input126/Y
init values: y1=0 y2=0 y3=0 dcap=0 rd=0
[PI-DBG] input126/Y node input126/Y gnd_cap=0 coup_cap=0 coup_fac=0 pin_cap=0 total_cap=15.9 resistance=302
[PI-DBG] input126/Y node net126:1 gnd_cap=8.68e-16 coup_cap=0 coup_fac=0 pin_cap=8.68e-16 total_cap=339 resistance=302
[PI-DBG] input126/Y node net126:0 gnd_cap=8.68e-16 coup_cap=0 coup_fac=0 pin_cap=8.68e-16 total_cap=339 resistance=302
[PI-DBG] input126/Y node i43/i244/B1 gnd_cap=0 coup_cap=0 coup_fac=4.34e-16 pin_cap=4.34e-16 total_cap=15.9 resistance=302
[PI-DBG] input126/Y y1=4.34175e-16 y2=0 y3=0 c1=0 c2=0 rpi=0 rd=355.336
r/y1/y2/y3: 15.9 / 4.34e-16 / 0 / 0
[PI-DBG] input126/Y y1=1.30209e-15 y2=-2.98785e-30 y3=2.05614e-44 c1=4.34175e-16 c2=8.67915e-16 rpi=15.85 rd=355.336
r/y1/y2/y3: 324 / 1.3e-15 / -2.99e-30 / 2.06e-44
[PI-DBG] input126/Y y1=2.17e-15 y2=-5.51692e-28 y3=2.33764e-40 c1=1.30201e-15 c2=8.67991e-16 rpi=325.436 rd=355.336
r/y1/y2/y3: 15.9 / 2.17e-15 / -5.52e-28 / 2.34e-40
[PI-DBG] input126/Y y1=2.17e-15 y2=-6.26329e-28 y3=2.74282e-40 c1=1.43024e-15 c2=7.3977e-16 rpi=306.187 rd=355.336
function: reduceToPi
[PI-DBG] input126/Y final y1=2.17e-15 y2=-6.26329e-28 y3=2.74282e-40 c1=1.43024e-15 c2=7.3977e-16 rpi=306.187 rd=355.336
function: reduceToPi
[PI-DBG] input126/Y starting at driver node input126/Y
init values: y1=0 y2=0 y3=0 dcap=0 rd=0
[PI-DBG] input126/Y node input126/Y gnd_cap=0 coup_cap=0 coup_fac=0 pin_cap=0 total_cap=15.9 resistance=306
[PI-DBG] input126/Y node net126:1 gnd_cap=8.68e-16 coup_cap=0 coup_fac=0 pin_cap=8.68e-16 total_cap=339 resistance=306
[PI-DBG] input126/Y node net126:0 gnd_cap=8.68e-16 coup_cap=0 coup_fac=0 pin_cap=8.68e-16 total_cap=339 resistance=306
[PI-DBG] input126/Y node i43/i244/B1 gnd_cap=0 coup_cap=0 coup_fac=3.15e-16 pin_cap=3.15e-16 total_cap=15.9 resistance=306
[PI-DBG] input126/Y y1=3.14576e-16 y2=0 y3=0 c1=0 c2=0 rpi=0 rd=355.336
r/y1/y2/y3: 15.9 / 3.15e-16 / 0 / 0
[PI-DBG] input126/Y y1=1.18249e-15 y2=-1.56849e-30 y3=7.82051e-45 c1=3.14576e-16 c2=8.67915e-16 rpi=15.85 rd=355.336
r/y1/y2/y3: 324 / 1.18e-15 / -1.57e-30 / 7.82e-45
[PI-DBG] input126/Y y1=2.05041e-15 y2=-4.54103e-28 y3=1.74392e-40 c1=1.18245e-15 c2=8.67954e-16 rpi=324.779 rd=355.336
r/y1/y2/y3: 15.9 / 2.05e-15 / -4.54e-28 / 1.74e-40
[PI-DBG] input126/Y y1=2.05041e-15 y2=-5.20739e-28 y3=2.06073e-40 c1=1.31589e-15 c2=7.34516e-16 rpi=300.733 rd=355.336
function: reduceToPi
[PI-DBG] input126/Y final y1=2.05041e-15 y2=-5.20739e-28 y3=2.06073e-40 c1=1.31589e-15 c2=7.34516e-16 rpi=300.733 rd=355.336
function: reduceToPi
[PI-DBG] input126/Y starting at driver node input126/Y
init values: y1=0 y2=0 y3=0 dcap=0 rd=0
[PI-DBG] input126/Y node input126/Y gnd_cap=0 coup_cap=0 coup_fac=0 pin_cap=0 total_cap=15.9 resistance=301
[PI-DBG] input126/Y node net126:1 gnd_cap=8.68e-16 coup_cap=0 coup_fac=0 pin_cap=8.68e-16 total_cap=339 resistance=301
[PI-DBG] input126/Y node net126:0 gnd_cap=8.68e-16 coup_cap=0 coup_fac=0 pin_cap=8.68e-16 total_cap=339 resistance=301
[PI-DBG] input126/Y node i43/i244/B1 gnd_cap=0 coup_cap=0 coup_fac=4.33e-16 pin_cap=4.33e-16 total_cap=15.9 resistance=301
[PI-DBG] input126/Y y1=4.3254e-16 y2=0 y3=0 c1=0 c2=0 rpi=0 rd=355.336
r/y1/y2/y3: 15.9 / 4.33e-16 / 0 / 0
[PI-DBG] input126/Y y1=1.30045e-15 y2=-2.96539e-30 y3=2.033e-44 c1=4.3254e-16 c2=8.67915e-16 rpi=15.85 rd=355.336
r/y1/y2/y3: 324 / 1.3e-15 / -2.97e-30 / 2.03e-44
[PI-DBG] input126/Y y1=2.16837e-15 y2=-5.50293e-28 y3=2.32872e-40 c1=1.30038e-15 c2=8.67991e-16 rpi=325.427 rd=355.336
r/y1/y2/y3: 15.9 / 2.17e-15 / -5.5e-28 / 2.33e-40
[PI-DBG] input126/Y y1=2.16837e-15 y2=-6.24817e-28 y3=2.73259e-40 c1=1.42867e-15 c2=7.39704e-16 rpi=306.12 rd=355.336
function: reduceToPi
[PI-DBG] input126/Y final y1=2.16837e-15 y2=-6.24817e-28 y3=2.73259e-40 c1=1.42867e-15 c2=7.39704e-16 rpi=306.12 rd=355.336
 time 1ns
 capacitance 1pF
 resistance 1kohm
 voltage 1v
 current 1mA
 power 1pW
 distance 1um
tns max -71.07
wns max -0.24
Group                  Internal  Switching    Leakage      Total
                          Power      Power      Power      Power (Watts)
----------------------------------------------------------------
Sequential             9.44e-03   2.83e-03   7.57e-06   1.23e-02  15.6%
Combinational          3.09e-02   3.54e-02   1.13e-04   6.64e-02  84.4%
Clock                  0.00e+00   0.00e+00   0.00e+00   0.00e+00   0.0%
Macro                  0.00e+00   0.00e+00   0.00e+00   0.00e+00   0.0%
Pad                    0.00e+00   0.00e+00   0.00e+00   0.00e+00   0.0%
----------------------------------------------------------------
Total                  4.03e-02   3.82e-02   1.21e-04   7.86e-02 100.0%
                          51.3%      48.6%       0.2%
[INSTA] Switching Power: 0.03710157424211502
[INFO] Epoch 494: Loss = 31.442642211914062
Load tensor requires grad: True
current runtime: wire: 134.20957398414612 gate LUT: 784.1931943893433
[INSTA] TNS: -1.0912453518585608e-07, WNS: -3.816679750023866e-10
[INSTA] Switching Power: 0.03710193186998367
[INFO] Epoch 495: Loss = 31.44232940673828
Load tensor requires grad: True
current runtime: wire: 134.46553945541382 gate LUT: 785.6700532436371
[INSTA] TNS: -1.0912408043850519e-07, WNS: -3.8166772520220604e-10
[INSTA] Switching Power: 0.03710164129734039
[INFO] Epoch 496: Loss = 31.44219970703125
Load tensor requires grad: True
current runtime: wire: 134.72323775291443 gate LUT: 787.1423795223236
[INSTA] TNS: -1.0912305015153834e-07, WNS: -3.816676696910548e-10
[INSTA] Switching Power: 0.03710095211863518
[INFO] Epoch 497: Loss = 31.4419002532959
Load tensor requires grad: True
current runtime: wire: 134.9821708202362 gate LUT: 788.6225485801697
[INSTA] TNS: -1.0912116721328857e-07, WNS: -3.816674754020255e-10
[INSTA] Switching Power: 0.03709997981786728
[INFO] Epoch 498: Loss = 31.441360473632812
Load tensor requires grad: True
current runtime: wire: 135.24112200737 gate LUT: 790.0988039970398
[INSTA] TNS: -1.0912062009538204e-07, WNS: -3.816673088685718e-10
[INSTA] Switching Power: 0.03709904104471207
[INFO] Epoch 499: Loss = 31.44120216369629
[INFO] remove_parasitics -all
[INFO] estimate_parasitics -placement
[INFO] repair_timing -setup -skip_gate_cloning -skip_pin_swap -skip_buffering
[INFO] resize
[INFO] detailed_placement
[INFO] write_def  -> /home/johnnyhuang/ISPD26-Contest/output/aes_cipher_top/TCP_250_UTIL_0.40/contest.def
[INFO] write_verilog -> /home/johnnyhuang/ISPD26-Contest/output/aes_cipher_top/TCP_250_UTIL_0.40/contest.v
