ep_name,ep_max_rise_slack,ep_max_fall_slack,ep_max_rise_arrival,ep_max_fall_arrival,sp_name,launch_clock_latency,clock_latency_mean,clock_latency_std,path_required,path_arrival,path_slack,path_num_points,path_crpr,ep_ck_name,rise_fall
i100/D,0.162670,0.155587,0.062982,0.070674,i43/i176/CLK,0.000000,0.000000,0.000000,0.225651,0.062982,0.162670,4,0.0,i100/CLK,rise
i100/D,0.162670,0.155587,0.062982,0.070674,i43/i176/CLK,0.000000,0.000000,0.000000,0.226261,0.070674,0.155587,4,0.0,i100/CLK,fall
i100/SE,0.018563,-0.017018,0.203170,0.191864,i1550/CLK,0.000000,0.000000,0.000000,0.221734,0.203170,0.018563,4,0.0,i100/CLK,rise
i100/SE,0.018563,-0.017018,0.203170,0.191864,i1550/CLK,0.000000,0.000000,0.000000,0.174846,0.191864,-0.017018,4,0.0,i100/CLK,fall
i100/SI,-0.098646,-0.097204,0.331850,0.328124,i184/CLK,0.000000,0.000000,0.000000,0.233204,0.331850,-0.098646,30,0.0,i100/CLK,rise
i100/SI,-0.098646,-0.097204,0.331850,0.328124,i184/CLK,0.000000,0.000000,0.000000,0.230920,0.328124,-0.097204,30,0.0,i100/CLK,fall
i101/D,0.163475,0.156009,0.061966,0.069767,i43/i177/CLK,0.000000,0.000000,0.000000,0.225440,0.061966,0.163475,4,0.0,i101/CLK,rise
i101/D,0.163475,0.156009,0.061966,0.069767,i43/i177/CLK,0.000000,0.000000,0.000000,0.225776,0.069767,0.156009,4,0.0,i101/CLK,fall
i101/SE,0.017513,-0.018247,0.204195,0.192861,i1550/CLK,0.000000,0.000000,0.000000,0.221708,0.204195,0.017513,4,0.0,i101/CLK,rise
i101/SE,0.017513,-0.018247,0.204195,0.192861,i1550/CLK,0.000000,0.000000,0.000000,0.174615,0.192861,-0.018247,4,0.0,i101/CLK,fall
i101/SI,-0.072956,-0.065368,0.304366,0.297784,i1321/CLK,0.000000,0.000000,0.000000,0.231411,0.304366,-0.072956,32,0.0,i101/CLK,rise
i101/SI,-0.072956,-0.065368,0.304366,0.297784,i1321/CLK,0.000000,0.000000,0.000000,0.232415,0.297784,-0.065368,32,0.0,i101/CLK,fall
i102/D,0.132503,0.132890,0.094391,0.095836,i43/i66/CLK,0.000000,0.000000,0.000000,0.226895,0.094391,0.132503,4,0.0,i102/CLK,rise
i102/D,0.132503,0.132890,0.094391,0.095836,i43/i66/CLK,0.000000,0.000000,0.000000,0.228726,0.095836,0.132890,4,0.0,i102/CLK,fall
i102/SE,-0.135923,-0.201104,0.353265,0.338593,i1550/CLK,0.000000,0.000000,0.000000,0.217342,0.353265,-0.135923,4,0.0,i102/CLK,rise
i102/SE,-0.135923,-0.201104,0.353265,0.338593,i1550/CLK,0.000000,0.000000,0.000000,0.137489,0.338593,-0.201104,4,0.0,i102/CLK,fall
i102/SI,-0.100560,-0.088481,0.332298,0.320734,i111/CLK,0.000000,0.000000,0.000000,0.231737,0.332298,-0.100560,32,0.0,i102/CLK,rise
i102/SI,-0.100560,-0.088481,0.332298,0.320734,i111/CLK,0.000000,0.000000,0.000000,0.232253,0.320734,-0.088481,32,0.0,i102/CLK,fall
i103/D,0.115869,0.120965,0.111314,0.111214,i43/i67/CLK,0.000000,0.000000,0.000000,0.227184,0.111314,0.115869,4,0.0,i103/CLK,rise
i103/D,0.115869,0.120965,0.111314,0.111214,i43/i67/CLK,0.000000,0.000000,0.000000,0.232179,0.111214,0.120965,4,0.0,i103/CLK,fall
i103/SE,-0.135967,-0.201157,0.353308,0.338635,i1550/CLK,0.000000,0.000000,0.000000,0.217341,0.353308,-0.135967,4,0.0,i103/CLK,rise
i103/SE,-0.135967,-0.201157,0.353308,0.338635,i1550/CLK,0.000000,0.000000,0.000000,0.137478,0.338635,-0.201157,4,0.0,i103/CLK,fall
i103/SI,-0.113683,-0.113321,0.344666,0.345319,i111/CLK,0.000000,0.000000,0.000000,0.230984,0.344666,-0.113683,34,0.0,i103/CLK,rise
i103/SI,-0.113683,-0.113321,0.344666,0.345319,i111/CLK,0.000000,0.000000,0.000000,0.231998,0.345319,-0.113321,34,0.0,i103/CLK,fall
i104/D,0.122811,0.126032,0.104573,0.104956,i43/i69/CLK,0.000000,0.000000,0.000000,0.227384,0.104573,0.122811,4,0.0,i104/CLK,rise
i104/D,0.122811,0.126032,0.104573,0.104956,i43/i69/CLK,0.000000,0.000000,0.000000,0.230988,0.104956,0.126032,4,0.0,i104/CLK,fall
i104/SE,-0.135750,-0.200895,0.353097,0.338428,i1550/CLK,0.000000,0.000000,0.000000,0.217347,0.353097,-0.135750,4,0.0,i104/CLK,rise
i104/SE,-0.135750,-0.200895,0.353097,0.338428,i1550/CLK,0.000000,0.000000,0.000000,0.137533,0.338428,-0.200895,4,0.0,i104/CLK,fall
i104/SI,-0.109177,-0.110500,0.340807,0.342112,i111/CLK,0.000000,0.000000,0.000000,0.231631,0.340807,-0.109177,34,0.0,i104/CLK,rise
i104/SI,-0.109177,-0.110500,0.340807,0.342112,i111/CLK,0.000000,0.000000,0.000000,0.231613,0.342112,-0.110500,34,0.0,i104/CLK,fall
i105/D,0.158170,0.156790,0.068104,0.069942,i43/i70/CLK,0.000000,0.000000,0.000000,0.226275,0.068104,0.158170,4,0.0,i105/CLK,rise
i105/D,0.158170,0.156790,0.068104,0.069942,i43/i70/CLK,0.000000,0.000000,0.000000,0.226731,0.069942,0.156790,4,0.0,i105/CLK,fall
i105/SE,-0.129134,-0.192913,0.346685,0.332139,i1550/CLK,0.000000,0.000000,0.000000,0.217551,0.346685,-0.129134,4,0.0,i105/CLK,rise
i105/SE,-0.129134,-0.192913,0.346685,0.332139,i1550/CLK,0.000000,0.000000,0.000000,0.139227,0.332139,-0.192913,4,0.0,i105/CLK,fall
i105/SI,-0.112590,-0.119142,0.345833,0.348971,i111/CLK,0.000000,0.000000,0.000000,0.233243,0.345833,-0.112590,34,0.0,i105/CLK,rise
i105/SI,-0.112590,-0.119142,0.345833,0.348971,i111/CLK,0.000000,0.000000,0.000000,0.229830,0.348971,-0.119142,34,0.0,i105/CLK,fall
i106/D,0.145787,0.144885,0.080692,0.082620,i43/i71/CLK,0.000000,0.000000,0.000000,0.226478,0.080692,0.145787,4,0.0,i106/CLK,rise
i106/D,0.145787,0.144885,0.080692,0.082620,i43/i71/CLK,0.000000,0.000000,0.000000,0.227504,0.082620,0.144885,4,0.0,i106/CLK,fall
i106/SE,-0.135528,-0.200626,0.352882,0.338217,i1550/CLK,0.000000,0.000000,0.000000,0.217354,0.352882,-0.135528,4,0.0,i106/CLK,rise
i106/SE,-0.135528,-0.200626,0.352882,0.338217,i1550/CLK,0.000000,0.000000,0.000000,0.137590,0.338217,-0.200626,4,0.0,i106/CLK,fall
i106/SI,-0.070786,-0.069088,0.301742,0.302327,i111/CLK,0.000000,0.000000,0.000000,0.230956,0.301742,-0.070786,34,0.0,i106/CLK,rise
i106/SI,-0.070786,-0.069088,0.301742,0.302327,i111/CLK,0.000000,0.000000,0.000000,0.233239,0.302327,-0.069088,34,0.0,i106/CLK,fall
i107/D,0.128315,0.130752,0.099160,0.099878,i43/i72/CLK,0.000000,0.000000,0.000000,0.227475,0.099160,0.128315,4,0.0,i107/CLK,rise
i107/D,0.128315,0.130752,0.099160,0.099878,i43/i72/CLK,0.000000,0.000000,0.000000,0.230630,0.099878,0.130752,4,0.0,i107/CLK,fall
i107/SE,-0.135839,-0.201002,0.353183,0.338513,i1550/CLK,0.000000,0.000000,0.000000,0.217345,0.353183,-0.135839,4,0.0,i107/CLK,rise
i107/SE,-0.135839,-0.201002,0.353183,0.338513,i1550/CLK,0.000000,0.000000,0.000000,0.137511,0.338513,-0.201002,4,0.0,i107/CLK,fall
i107/SI,-0.106924,-0.105505,0.337865,0.337876,i111/CLK,0.000000,0.000000,0.000000,0.230941,0.337865,-0.106924,32,0.0,i107/CLK,rise
i107/SI,-0.106924,-0.105505,0.337865,0.337876,i111/CLK,0.000000,0.000000,0.000000,0.232371,0.337876,-0.105505,32,0.0,i107/CLK,fall
i108/D,0.128916,0.131125,0.098587,0.099343,i43/i73/CLK,0.000000,0.000000,0.000000,0.227503,0.098587,0.128916,4,0.0,i108/CLK,rise
i108/D,0.128916,0.131125,0.098587,0.099343,i43/i73/CLK,0.000000,0.000000,0.000000,0.230468,0.099343,0.131125,4,0.0,i108/CLK,fall
i108/SE,-0.135753,-0.200898,0.353100,0.338431,i1550/CLK,0.000000,0.000000,0.000000,0.217347,0.353100,-0.135753,4,0.0,i108/CLK,rise
i108/SE,-0.135753,-0.200898,0.353100,0.338431,i1550/CLK,0.000000,0.000000,0.000000,0.137533,0.338431,-0.200898,4,0.0,i108/CLK,fall
i108/SI,-0.096243,-0.087480,0.327218,0.320254,i194/CLK,0.000000,0.000000,0.000000,0.230976,0.327218,-0.096243,32,0.0,i108/CLK,rise
i108/SI,-0.096243,-0.087480,0.327218,0.320254,i194/CLK,0.000000,0.000000,0.000000,0.232774,0.320254,-0.087480,32,0.0,i108/CLK,fall
i109/D,0.143760,0.143255,0.082794,0.084684,i43/i98/CLK,0.000000,0.000000,0.000000,0.226554,0.082794,0.143760,4,0.0,i109/CLK,rise
i109/D,0.143760,0.143255,0.082794,0.084684,i43/i98/CLK,0.000000,0.000000,0.000000,0.227939,0.084684,0.143255,4,0.0,i109/CLK,fall
i109/SE,-0.138776,-0.204554,0.356030,0.341310,i1550/CLK,0.000000,0.000000,0.000000,0.217254,0.356030,-0.138776,4,0.0,i109/CLK,rise
i109/SE,-0.138776,-0.204554,0.356030,0.341310,i1550/CLK,0.000000,0.000000,0.000000,0.136755,0.341310,-0.204554,4,0.0,i109/CLK,fall
i109/SI,-0.071383,-0.071846,0.304643,0.302634,i80/CLK,0.000000,0.000000,0.000000,0.233260,0.304643,-0.071383,36,0.0,i109/CLK,rise
i109/SI,-0.071383,-0.071846,0.304643,0.302634,i80/CLK,0.000000,0.000000,0.000000,0.230788,0.302634,-0.071846,36,0.0,i109/CLK,fall
i110/D,0.127699,0.129042,0.099591,0.100855,i43/i99/CLK,0.000000,0.000000,0.000000,0.227290,0.099591,0.127699,4,0.0,i110/CLK,rise
i110/D,0.127699,0.129042,0.099591,0.100855,i43/i99/CLK,0.000000,0.000000,0.000000,0.229897,0.100855,0.129042,4,0.0,i110/CLK,fall
i110/SE,-0.137073,-0.202495,0.354380,0.339688,i1550/CLK,0.000000,0.000000,0.000000,0.217307,0.354380,-0.137073,4,0.0,i110/CLK,rise
i110/SE,-0.137073,-0.202495,0.354380,0.339688,i1550/CLK,0.000000,0.000000,0.000000,0.137193,0.339688,-0.202495,4,0.0,i110/CLK,fall
i110/SI,-0.067897,-0.074844,0.301170,0.304489,i157/CLK,0.000000,0.000000,0.000000,0.233273,0.301170,-0.067897,36,0.0,i110/CLK,rise
i110/SI,-0.067897,-0.074844,0.301170,0.304489,i157/CLK,0.000000,0.000000,0.000000,0.229645,0.304489,-0.074844,34,0.0,i110/CLK,fall
i111/D,0.145891,0.143851,0.080077,0.082667,i43/i100/CLK,0.000000,0.000000,0.000000,0.225968,0.080077,0.145891,4,0.0,i111/CLK,rise
i111/D,0.145891,0.143851,0.080077,0.082667,i43/i100/CLK,0.000000,0.000000,0.000000,0.226518,0.082667,0.143851,4,0.0,i111/CLK,fall
i111/SE,-0.137434,-0.202923,0.354730,0.340024,i1550/CLK,0.000000,0.000000,0.000000,0.217295,0.354730,-0.137434,4,0.0,i111/CLK,rise
i111/SE,-0.137434,-0.202923,0.354730,0.340024,i1550/CLK,0.000000,0.000000,0.000000,0.137101,0.340024,-0.202923,4,0.0,i111/CLK,fall
i111/SI,-0.078752,-0.086181,0.312021,0.316456,i168/CLK,0.000000,0.000000,0.000000,0.233268,0.312021,-0.078752,32,0.0,i111/CLK,rise
i111/SI,-0.078752,-0.086181,0.312021,0.316456,i168/CLK,0.000000,0.000000,0.000000,0.230275,0.316456,-0.086181,32,0.0,i111/CLK,fall
i112/D,0.125482,0.127398,0.102013,0.102963,i43/i101/CLK,0.000000,0.000000,0.000000,0.227496,0.102013,0.125482,4,0.0,i112/CLK,rise
i112/D,0.125482,0.127398,0.102013,0.102963,i43/i101/CLK,0.000000,0.000000,0.000000,0.230361,0.102963,0.127398,4,0.0,i112/CLK,fall
i112/SE,-0.138875,-0.204688,0.356126,0.341415,i1550/CLK,0.000000,0.000000,0.000000,0.217251,0.356126,-0.138875,4,0.0,i112/CLK,rise
i112/SE,-0.138875,-0.204688,0.356126,0.341415,i1550/CLK,0.000000,0.000000,0.000000,0.136727,0.341415,-0.204688,4,0.0,i112/CLK,fall
i112/SI,-0.070500,-0.075273,0.303579,0.306050,i157/CLK,0.000000,0.000000,0.000000,0.233080,0.303579,-0.070500,34,0.0,i112/CLK,rise
i112/SI,-0.070500,-0.075273,0.303579,0.306050,i157/CLK,0.000000,0.000000,0.000000,0.230776,0.306050,-0.075273,34,0.0,i112/CLK,fall
i113/D,0.152571,0.150245,0.073343,0.075999,i43/i102/CLK,0.000000,0.000000,0.000000,0.225914,0.073343,0.152571,4,0.0,i113/CLK,rise
i113/D,0.152571,0.150245,0.073343,0.075999,i43/i102/CLK,0.000000,0.000000,0.000000,0.226244,0.075999,0.150245,4,0.0,i113/CLK,fall
i113/SE,-0.137999,-0.203613,0.355277,0.340568,i1550/CLK,0.000000,0.000000,0.000000,0.217278,0.355277,-0.137999,4,0.0,i113/CLK,rise
i113/SE,-0.137999,-0.203613,0.355277,0.340568,i1550/CLK,0.000000,0.000000,0.000000,0.136955,0.340568,-0.203613,4,0.0,i113/CLK,fall
i113/SI,-0.075857,-0.083024,0.309130,0.312604,i168/CLK,0.000000,0.000000,0.000000,0.233273,0.309130,-0.075857,34,0.0,i113/CLK,rise
i113/SI,-0.075857,-0.083024,0.309130,0.312604,i168/CLK,0.000000,0.000000,0.000000,0.229580,0.312604,-0.083024,34,0.0,i113/CLK,fall
i114/D,0.150704,0.148825,0.075392,0.077802,i43/i103/CLK,0.000000,0.000000,0.000000,0.226096,0.075392,0.150704,4,0.0,i114/CLK,rise
i114/D,0.150704,0.148825,0.075392,0.077802,i43/i103/CLK,0.000000,0.000000,0.000000,0.226627,0.077802,0.148825,4,0.0,i114/CLK,fall
i114/SE,-0.138427,-0.204132,0.355692,0.340977,i1550/CLK,0.000000,0.000000,0.000000,0.217265,0.355692,-0.138427,4,0.0,i114/CLK,rise
i114/SE,-0.138427,-0.204132,0.355692,0.340977,i1550/CLK,0.000000,0.000000,0.000000,0.136845,0.340977,-0.204132,4,0.0,i114/CLK,fall
i114/SI,-0.055702,-0.055623,0.288854,0.286079,i168/CLK,0.000000,0.000000,0.000000,0.233152,0.288854,-0.055702,34,0.0,i114/CLK,rise
i114/SI,-0.055702,-0.055623,0.288854,0.286079,i168/CLK,0.000000,0.000000,0.000000,0.230456,0.286079,-0.055623,28,0.0,i114/CLK,fall
i115/D,0.140227,0.139689,0.086351,0.088349,i43/i104/CLK,0.000000,0.000000,0.000000,0.226578,0.086351,0.140227,4,0.0,i115/CLK,rise
i115/D,0.140227,0.139689,0.086351,0.088349,i43/i104/CLK,0.000000,0.000000,0.000000,0.228038,0.088349,0.139689,4,0.0,i115/CLK,fall
i115/SE,-0.137449,-0.202941,0.354744,0.340038,i1550/CLK,0.000000,0.000000,0.000000,0.217295,0.354744,-0.137449,4,0.0,i115/CLK,rise
i115/SE,-0.137449,-0.202941,0.354744,0.340038,i1550/CLK,0.000000,0.000000,0.000000,0.137097,0.340038,-0.202941,4,0.0,i115/CLK,fall
i115/SI,-0.057099,-0.057500,0.290033,0.288945,i157/CLK,0.000000,0.000000,0.000000,0.232933,0.290033,-0.057099,36,0.0,i115/CLK,rise
i115/SI,-0.057099,-0.057500,0.290033,0.288945,i157/CLK,0.000000,0.000000,0.000000,0.231445,0.288945,-0.057500,36,0.0,i115/CLK,fall
i116/D,0.140890,0.140500,0.085735,0.087579,i43/i105/CLK,0.000000,0.000000,0.000000,0.226625,0.085735,0.140890,4,0.0,i116/CLK,rise
i116/D,0.140890,0.140500,0.085735,0.087579,i43/i105/CLK,0.000000,0.000000,0.000000,0.228079,0.087579,0.140500,4,0.0,i116/CLK,fall
i116/SE,-0.137372,-0.202847,0.354670,0.339964,i1550/CLK,0.000000,0.000000,0.000000,0.217297,0.354670,-0.137372,4,0.0,i116/CLK,rise
i116/SE,-0.137372,-0.202847,0.354670,0.339964,i1550/CLK,0.000000,0.000000,0.000000,0.137116,0.339964,-0.202847,4,0.0,i116/CLK,fall
i116/SI,-0.090765,-0.087426,0.324030,0.317929,i168/CLK,0.000000,0.000000,0.000000,0.233265,0.324030,-0.090765,32,0.0,i116/CLK,rise
i116/SI,-0.090765,-0.087426,0.324030,0.317929,i168/CLK,0.000000,0.000000,0.000000,0.230503,0.317929,-0.087426,32,0.0,i116/CLK,fall
i117/D,0.135010,0.134725,0.091652,0.093443,i43/i130/CLK,0.000000,0.000000,0.000000,0.226663,0.091652,0.135010,4,0.0,i117/CLK,rise
i117/D,0.135010,0.134725,0.091652,0.093443,i43/i130/CLK,0.000000,0.000000,0.000000,0.228168,0.093443,0.134725,4,0.0,i117/CLK,fall
i117/SE,-0.049858,-0.097819,0.269756,0.256782,i1550/CLK,0.000000,0.000000,0.000000,0.219898,0.269756,-0.049858,4,0.0,i117/CLK,rise
i117/SE,-0.049858,-0.097819,0.269756,0.256782,i1550/CLK,0.000000,0.000000,0.000000,0.158963,0.256782,-0.097819,4,0.0,i117/CLK,fall
i117/SI,-0.070267,-0.066588,0.303511,0.297290,i125/CLK,0.000000,0.000000,0.000000,0.233244,0.303511,-0.070267,32,0.0,i117/CLK,rise
i117/SI,-0.070267,-0.066588,0.303511,0.297290,i125/CLK,0.000000,0.000000,0.000000,0.230701,0.297290,-0.066588,32,0.0,i117/CLK,fall
i118/D,0.152114,0.149910,0.073853,0.076457,i43/i132/CLK,0.000000,0.000000,0.000000,0.225966,0.073853,0.152114,4,0.0,i118/CLK,rise
i118/D,0.152114,0.149910,0.073853,0.076457,i43/i132/CLK,0.000000,0.000000,0.000000,0.226367,0.076457,0.149910,4,0.0,i118/CLK,fall
i118/SE,-0.076622,-0.129764,0.295748,0.282197,i1550/CLK,0.000000,0.000000,0.000000,0.219126,0.295748,-0.076622,4,0.0,i118/CLK,rise
i118/SE,-0.076622,-0.129764,0.295748,0.282197,i1550/CLK,0.000000,0.000000,0.000000,0.152432,0.282197,-0.129764,4,0.0,i118/CLK,fall
i118/SI,-0.073872,-0.065364,0.304853,0.297675,i133/CLK,0.000000,0.000000,0.000000,0.230981,0.304853,-0.073872,38,0.0,i118/CLK,rise
i118/SI,-0.073872,-0.065364,0.304853,0.297675,i133/CLK,0.000000,0.000000,0.000000,0.232312,0.297675,-0.065364,38,0.0,i118/CLK,fall
i119/D,0.138383,0.138291,0.088384,0.090080,i43/i133/CLK,0.000000,0.000000,0.000000,0.226767,0.088384,0.138383,4,0.0,i119/CLK,rise
i119/D,0.138383,0.138291,0.088384,0.090080,i43/i133/CLK,0.000000,0.000000,0.000000,0.228372,0.090080,0.138291,4,0.0,i119/CLK,fall
i119/SE,-0.051130,-0.099334,0.270992,0.257990,i1550/CLK,0.000000,0.000000,0.000000,0.219863,0.270992,-0.051130,4,0.0,i119/CLK,rise
i119/SE,-0.051130,-0.099334,0.270992,0.257990,i1550/CLK,0.000000,0.000000,0.000000,0.158656,0.257990,-0.099334,4,0.0,i119/CLK,fall
i119/SI,-0.067678,-0.065609,0.300950,0.295714,i135/CLK,0.000000,0.000000,0.000000,0.233272,0.300950,-0.067678,32,0.0,i119/CLK,rise
i119/SI,-0.067678,-0.065609,0.300950,0.295714,i135/CLK,0.000000,0.000000,0.000000,0.230105,0.295714,-0.065609,36,0.0,i119/CLK,fall
i120/D,0.149380,0.147395,0.076701,0.079204,i43/i134/CLK,0.000000,0.000000,0.000000,0.226082,0.076701,0.149380,4,0.0,i120/CLK,rise
i120/D,0.149380,0.147395,0.076701,0.079204,i43/i134/CLK,0.000000,0.000000,0.000000,0.226599,0.079204,0.147395,4,0.0,i120/CLK,fall
i120/SE,-0.054034,-0.102793,0.273813,0.260746,i1550/CLK,0.000000,0.000000,0.000000,0.219779,0.273813,-0.054034,4,0.0,i120/CLK,rise
i120/SE,-0.054034,-0.102793,0.273813,0.260746,i1550/CLK,0.000000,0.000000,0.000000,0.157953,0.260746,-0.102793,4,0.0,i120/CLK,fall
i120/SI,-0.073788,-0.069509,0.306852,0.300677,i125/CLK,0.000000,0.000000,0.000000,0.233064,0.306852,-0.073788,32,0.0,i120/CLK,rise
i120/SI,-0.073788,-0.069509,0.306852,0.300677,i125/CLK,0.000000,0.000000,0.000000,0.231168,0.300677,-0.069509,32,0.0,i120/CLK,fall
i121/D,0.149889,0.148298,0.076330,0.078569,i43/i135/CLK,0.000000,0.000000,0.000000,0.226219,0.076330,0.149889,4,0.0,i121/CLK,rise
i121/D,0.149889,0.148298,0.076330,0.078569,i43/i135/CLK,0.000000,0.000000,0.000000,0.226867,0.078569,0.148298,4,0.0,i121/CLK,fall
i121/SE,-0.053922,-0.102660,0.273705,0.260640,i1550/CLK,0.000000,0.000000,0.000000,0.219783,0.273705,-0.053922,4,0.0,i121/CLK,rise
i121/SE,-0.053922,-0.102660,0.273705,0.260640,i1550/CLK,0.000000,0.000000,0.000000,0.157980,0.260640,-0.102660,4,0.0,i121/CLK,fall
i121/SI,-0.066757,-0.059030,0.299929,0.290037,i135/CLK,0.000000,0.000000,0.000000,0.233173,0.299929,-0.066757,36,0.0,i121/CLK,rise
i121/SI,-0.066757,-0.059030,0.299929,0.290037,i135/CLK,0.000000,0.000000,0.000000,0.231006,0.290037,-0.059030,34,0.0,i121/CLK,fall
i122/D,0.153723,0.151023,0.072099,0.074870,i43/i136/CLK,0.000000,0.000000,0.000000,0.225821,0.072099,0.153723,4,0.0,i122/CLK,rise
i122/D,0.153723,0.151023,0.072099,0.074870,i43/i136/CLK,0.000000,0.000000,0.000000,0.225893,0.074870,0.151023,4,0.0,i122/CLK,fall
i122/SE,-0.053908,-0.102643,0.273691,0.260627,i1550/CLK,0.000000,0.000000,0.000000,0.219783,0.273691,-0.053908,4,0.0,i122/CLK,rise
i122/SE,-0.053908,-0.102643,0.273691,0.260627,i1550/CLK,0.000000,0.000000,0.000000,0.157984,0.260627,-0.102643,4,0.0,i122/CLK,fall
i122/SI,-0.060943,-0.060017,0.293177,0.291790,i127/CLK,0.000000,0.000000,0.000000,0.232234,0.293177,-0.060943,32,0.0,i122/CLK,rise
i122/SI,-0.060943,-0.060017,0.293177,0.291790,i127/CLK,0.000000,0.000000,0.000000,0.231773,0.291790,-0.060017,32,0.0,i122/CLK,fall
i123/D,0.153261,0.150798,0.072642,0.075263,i43/i137/CLK,0.000000,0.000000,0.000000,0.225902,0.072642,0.153261,4,0.0,i123/CLK,rise
i123/D,0.153261,0.150798,0.072642,0.075263,i43/i137/CLK,0.000000,0.000000,0.000000,0.226062,0.075263,0.150798,4,0.0,i123/CLK,fall
i123/SE,-0.053057,-0.101629,0.272864,0.259819,i1550/CLK,0.000000,0.000000,0.000000,0.219807,0.272864,-0.053057,4,0.0,i123/CLK,rise
i123/SE,-0.053057,-0.101629,0.272864,0.259819,i1550/CLK,0.000000,0.000000,0.000000,0.158190,0.259819,-0.101629,4,0.0,i123/CLK,fall
i123/SI,-0.088862,-0.083658,0.321485,0.315034,i176/CLK,0.000000,0.000000,0.000000,0.232623,0.321485,-0.088862,32,0.0,i123/CLK,rise
i123/SI,-0.088862,-0.083658,0.321485,0.315034,i176/CLK,0.000000,0.000000,0.000000,0.231376,0.315034,-0.083658,32,0.0,i123/CLK,fall
i124/D,0.174151,0.173844,0.050404,0.054507,i43/i162/CLK,0.000000,0.000000,0.000000,0.224555,0.050404,0.174151,4,0.0,i124/CLK,rise
i124/D,0.174151,0.173844,0.050404,0.054507,i43/i162/CLK,0.000000,0.000000,0.000000,0.228351,0.054507,0.173844,4,0.0,i124/CLK,fall
i124/SE,0.021784,-0.013253,0.200030,0.188806,i1550/CLK,0.000000,0.000000,0.000000,0.221813,0.200030,0.021784,4,0.0,i124/CLK,rise
i124/SE,0.021784,-0.013253,0.200030,0.188806,i1550/CLK,0.000000,0.000000,0.000000,0.175553,0.188806,-0.013253,4,0.0,i124/CLK,fall
i124/SI,-0.066232,-0.062804,0.299491,0.293265,i1321/CLK,0.000000,0.000000,0.000000,0.233259,0.299491,-0.066232,32,0.0,i124/CLK,rise
i124/SI,-0.066232,-0.062804,0.299491,0.293265,i1321/CLK,0.000000,0.000000,0.000000,0.230461,0.293265,-0.062804,32,0.0,i124/CLK,fall
i125/D,0.164456,0.157924,0.060898,0.067709,i43/i164/CLK,0.000000,0.000000,0.000000,0.225353,0.060898,0.164456,4,0.0,i125/CLK,rise
i125/D,0.164456,0.157924,0.060898,0.067709,i43/i164/CLK,0.000000,0.000000,0.000000,0.225633,0.067709,0.157924,4,0.0,i125/CLK,fall
i125/SE,0.023589,-0.011144,0.198268,0.187091,i1550/CLK,0.000000,0.000000,0.000000,0.221857,0.198268,0.023589,4,0.0,i125/CLK,rise
i125/SE,0.023589,-0.011144,0.198268,0.187091,i1550/CLK,0.000000,0.000000,0.000000,0.175947,0.187091,-0.011144,4,0.0,i125/CLK,fall
i125/SI,-0.064856,-0.061735,0.298131,0.292034,i141/CLK,0.000000,0.000000,0.000000,0.233275,0.298131,-0.064856,38,0.0,i125/CLK,rise
i125/SI,-0.064856,-0.061735,0.298131,0.292034,i141/CLK,0.000000,0.000000,0.000000,0.230299,0.292034,-0.061735,38,0.0,i125/CLK,fall
i126/D,0.173846,0.176283,0.050832,0.052550,i214/CLK,0.000000,0.000000,0.000000,0.224677,0.050832,0.173846,4,0.0,i126/CLK,rise
i126/D,0.173846,0.176283,0.050832,0.052550,i214/CLK,0.000000,0.000000,0.000000,0.228832,0.052550,0.176283,4,0.0,i126/CLK,fall
i126/SE,0.023135,-0.011674,0.198711,0.187522,i1550/CLK,0.000000,0.000000,0.000000,0.221846,0.198711,0.023135,4,0.0,i126/CLK,rise
i126/SE,0.023135,-0.011674,0.198711,0.187522,i1550/CLK,0.000000,0.000000,0.000000,0.175848,0.187522,-0.011674,4,0.0,i126/CLK,fall
i126/SI,-0.071611,-0.067816,0.304852,0.298887,i1321/CLK,0.000000,0.000000,0.000000,0.233241,0.304852,-0.071611,32,0.0,i126/CLK,rise
i126/SI,-0.071611,-0.067816,0.304852,0.298887,i1321/CLK,0.000000,0.000000,0.000000,0.231072,0.298887,-0.067816,32,0.0,i126/CLK,fall
i127/D,0.168103,0.163835,0.056836,0.062489,i43/i166/CLK,0.000000,0.000000,0.000000,0.224939,0.056836,0.168103,4,0.0,i127/CLK,rise
i127/D,0.168103,0.163835,0.056836,0.062489,i43/i166/CLK,0.000000,0.000000,0.000000,0.226324,0.062489,0.163835,4,0.0,i127/CLK,fall
i127/SE,0.026602,-0.007627,0.195328,0.184228,i1550/CLK,0.000000,0.000000,0.000000,0.221930,0.195328,0.026602,4,0.0,i127/CLK,rise
i127/SE,0.026602,-0.007627,0.195328,0.184228,i1550/CLK,0.000000,0.000000,0.000000,0.176601,0.184228,-0.007627,4,0.0,i127/CLK,fall
i127/SI,-0.071102,-0.070521,0.304371,0.301053,i184/CLK,0.000000,0.000000,0.000000,0.233269,0.304371,-0.071102,32,0.0,i127/CLK,rise
i127/SI,-0.071102,-0.070521,0.304371,0.301053,i184/CLK,0.000000,0.000000,0.000000,0.230533,0.301053,-0.070521,34,0.0,i127/CLK,fall
i128/D,0.167859,0.162683,0.057204,0.063076,i43/i167/CLK,0.000000,0.000000,0.000000,0.225064,0.057204,0.167859,4,0.0,i128/CLK,rise
i128/D,0.167859,0.162683,0.057204,0.063076,i43/i167/CLK,0.000000,0.000000,0.000000,0.225759,0.063076,0.162683,4,0.0,i128/CLK,fall
i128/SE,0.027350,-0.006756,0.194598,0.183518,i1550/CLK,0.000000,0.000000,0.000000,0.221948,0.194598,0.027350,4,0.0,i128/CLK,rise
i128/SE,0.027350,-0.006756,0.194598,0.183518,i1550/CLK,0.000000,0.000000,0.000000,0.176762,0.183518,-0.006756,4,0.0,i128/CLK,fall
i128/SI,-0.079919,-0.072565,0.313160,0.303481,i141/CLK,0.000000,0.000000,0.000000,0.233241,0.313160,-0.079919,36,0.0,i128/CLK,rise
i128/SI,-0.079919,-0.072565,0.313160,0.303481,i141/CLK,0.000000,0.000000,0.000000,0.230915,0.303481,-0.072565,36,0.0,i128/CLK,fall
i129/D,0.169349,0.170371,0.055577,0.057708,i217/CLK,0.000000,0.000000,0.000000,0.224926,0.055577,0.169349,4,0.0,i129/CLK,rise
i129/D,0.169349,0.170371,0.055577,0.057708,i217/CLK,0.000000,0.000000,0.000000,0.228080,0.057708,0.170371,4,0.0,i129/CLK,fall
i129/SE,0.027151,-0.006987,0.194792,0.183706,i1550/CLK,0.000000,0.000000,0.000000,0.221943,0.194792,0.027151,4,0.0,i129/CLK,rise
i129/SE,0.027151,-0.006987,0.194792,0.183706,i1550/CLK,0.000000,0.000000,0.000000,0.176719,0.183706,-0.006987,4,0.0,i129/CLK,fall
i129/SI,-0.070658,-0.080347,0.303558,0.311667,i184/CLK,0.000000,0.000000,0.000000,0.232900,0.303558,-0.070658,28,0.0,i129/CLK,rise
i129/SI,-0.070658,-0.080347,0.303558,0.311667,i184/CLK,0.000000,0.000000,0.000000,0.231320,0.311667,-0.080347,28,0.0,i129/CLK,fall
i130/D,0.170920,0.172194,0.053953,0.055964,i218/CLK,0.000000,0.000000,0.000000,0.224873,0.053953,0.170920,4,0.0,i130/CLK,rise
i130/D,0.170920,0.172194,0.053953,0.055964,i218/CLK,0.000000,0.000000,0.000000,0.228158,0.055964,0.172194,4,0.0,i130/CLK,fall
i130/SE,0.027203,-0.006927,0.194742,0.183658,i1550/CLK,0.000000,0.000000,0.000000,0.221944,0.194742,0.027203,4,0.0,i130/CLK,rise
i130/SE,0.027203,-0.006927,0.194742,0.183658,i1550/CLK,0.000000,0.000000,0.000000,0.176730,0.183658,-0.006927,4,0.0,i130/CLK,fall
i130/SI,-0.089261,-0.086008,0.322539,0.316543,i184/CLK,0.000000,0.000000,0.000000,0.233278,0.322539,-0.089261,32,0.0,i130/CLK,rise
i130/SI,-0.089261,-0.086008,0.322539,0.316543,i184/CLK,0.000000,0.000000,0.000000,0.230535,0.316543,-0.086008,32,0.0,i130/CLK,fall
i131/D,0.121739,0.123458,0.105641,0.106735,i43/i58/CLK,0.000000,0.000000,0.000000,0.227380,0.105641,0.121739,4,0.0,i131/CLK,rise
i131/D,0.121739,0.123458,0.105641,0.106735,i43/i58/CLK,0.000000,0.000000,0.000000,0.230193,0.106735,0.123458,4,0.0,i131/CLK,fall
i131/SE,-0.127308,-0.190697,0.344915,0.330393,i1550/CLK,0.000000,0.000000,0.000000,0.217607,0.344915,-0.127308,4,0.0,i131/CLK,rise
i131/SE,-0.127308,-0.190697,0.344915,0.330393,i1550/CLK,0.000000,0.000000,0.000000,0.139696,0.330393,-0.190697,4,0.0,i131/CLK,fall
i131/SI,-0.056489,-0.061552,0.288102,0.293475,i194/CLK,0.000000,0.000000,0.000000,0.231613,0.288102,-0.056489,28,0.0,i131/CLK,rise
i131/SI,-0.056489,-0.061552,0.288102,0.293475,i194/CLK,0.000000,0.000000,0.000000,0.231923,0.293475,-0.061552,28,0.0,i131/CLK,fall
i132/D,0.132191,0.132934,0.094884,0.096397,i43/i59/CLK,0.000000,0.000000,0.000000,0.227075,0.094884,0.132191,4,0.0,i132/CLK,rise
i132/D,0.132191,0.132934,0.094884,0.096397,i43/i59/CLK,0.000000,0.000000,0.000000,0.229331,0.096397,0.132934,4,0.0,i132/CLK,fall
i132/SE,-0.126312,-0.189495,0.343950,0.329445,i1550/CLK,0.000000,0.000000,0.000000,0.217637,0.343950,-0.126312,4,0.0,i132/CLK,rise
i132/SE,-0.126312,-0.189495,0.343950,0.329445,i1550/CLK,0.000000,0.000000,0.000000,0.139950,0.329445,-0.189495,4,0.0,i132/CLK,fall
i132/SI,-0.083551,-0.078666,0.314665,0.310990,i194/CLK,0.000000,0.000000,0.000000,0.231114,0.314665,-0.083551,34,0.0,i132/CLK,rise
i132/SI,-0.083551,-0.078666,0.314665,0.310990,i194/CLK,0.000000,0.000000,0.000000,0.232324,0.310990,-0.078666,32,0.0,i132/CLK,fall
i1321/D,0.158431,0.155224,0.067193,0.070114,i43/i68/CLK,0.000000,0.000000,0.000000,0.225625,0.067193,0.158431,4,0.0,i1321/CLK,rise
i1321/D,0.158431,0.155224,0.067193,0.070114,i43/i68/CLK,0.000000,0.000000,0.000000,0.225338,0.070114,0.155224,4,0.0,i1321/CLK,fall
i1321/SE,-0.131657,-0.195949,0.349130,0.334533,i1550/CLK,0.000000,0.000000,0.000000,0.217473,0.349130,-0.131657,4,0.0,i1321/CLK,rise
i1321/SE,-0.131657,-0.195949,0.349130,0.334533,i1550/CLK,0.000000,0.000000,0.000000,0.138583,0.334533,-0.195949,4,0.0,i1321/CLK,fall
i1321/SI,-0.048972,-0.051545,0.282244,0.281304,i194/CLK,0.000000,0.000000,0.000000,0.233272,0.282244,-0.048972,32,0.0,i1321/CLK,rise
i1321/SI,-0.048972,-0.051545,0.282244,0.281304,i194/CLK,0.000000,0.000000,0.000000,0.229759,0.281304,-0.051545,28,0.0,i1321/CLK,fall
i1322/D,0.142750,0.141845,0.083735,0.085780,i43/i131/CLK,0.000000,0.000000,0.000000,0.226484,0.083735,0.142750,4,0.0,i1322/CLK,rise
i1322/D,0.142750,0.141845,0.083735,0.085780,i43/i131/CLK,0.000000,0.000000,0.000000,0.227625,0.085780,0.141845,4,0.0,i1322/CLK,fall
i1322/SE,-0.048823,-0.096586,0.268750,0.255799,i1550/CLK,0.000000,0.000000,0.000000,0.219927,0.268750,-0.048823,4,0.0,i1322/CLK,rise
i1322/SE,-0.048823,-0.096586,0.268750,0.255799,i1550/CLK,0.000000,0.000000,0.000000,0.159213,0.255799,-0.096586,4,0.0,i1322/CLK,fall
i1322/SI,-0.063914,-0.059613,0.297185,0.289897,i127/CLK,0.000000,0.000000,0.000000,0.233271,0.297185,-0.063914,30,0.0,i1322/CLK,rise
i1322/SI,-0.063914,-0.059613,0.297185,0.289897,i127/CLK,0.000000,0.000000,0.000000,0.230284,0.289897,-0.059613,32,0.0,i1322/CLK,fall
i1323/D,0.174897,0.174569,0.049695,0.053550,i43/i163/CLK,0.000000,0.000000,0.000000,0.224592,0.049695,0.174897,4,0.0,i1323/CLK,rise
i1323/D,0.174897,0.174569,0.049695,0.053550,i43/i163/CLK,0.000000,0.000000,0.000000,0.228119,0.053550,0.174569,4,0.0,i1323/CLK,fall
i1323/SE,0.023060,-0.011761,0.198783,0.187593,i1550/CLK,0.000000,0.000000,0.000000,0.221844,0.198783,0.023060,4,0.0,i1323/CLK,rise
i1323/SE,0.023060,-0.011761,0.198783,0.187593,i1550/CLK,0.000000,0.000000,0.000000,0.175832,0.187593,-0.011761,4,0.0,i1323/CLK,fall
i1323/SI,-0.071907,-0.067066,0.305061,0.297803,i105/CLK,0.000000,0.000000,0.000000,0.233154,0.305061,-0.071907,34,0.0,i1323/CLK,rise
i1323/SI,-0.071907,-0.067066,0.305061,0.297803,i105/CLK,0.000000,0.000000,0.000000,0.230737,0.297803,-0.067066,32,0.0,i1323/CLK,fall
i1324/D,0.001085,0.005423,0.225541,0.228880,i184/CLK,0.000000,0.000000,0.000000,0.226626,0.225541,0.001085,24,0.0,i1324/CLK,rise
i1324/D,0.001085,0.005423,0.225541,0.228880,i184/CLK,0.000000,0.000000,0.000000,0.234303,0.228880,0.005423,24,0.0,i1324/CLK,fall
i1324/SE,0.188850,0.187140,0.035619,0.033746,i43/i146/CLK,0.000000,0.000000,0.000000,0.224468,0.035619,0.188850,2,0.0,i1324/CLK,rise
i1324/SE,0.188850,0.187140,0.035619,0.033746,i43/i146/CLK,0.000000,0.000000,0.000000,0.220886,0.033746,0.187140,2,0.0,i1324/CLK,fall
i1324/SI,0.015892,0.022856,0.219782,0.214878,i184/CLK,0.000000,0.000000,0.000000,0.235675,0.219782,0.015892,22,0.0,i1324/CLK,rise
i1324/SI,0.015892,0.022856,0.219782,0.214878,i184/CLK,0.000000,0.000000,0.000000,0.237734,0.214878,0.022856,22,0.0,i1324/CLK,fall
i1325/D,-0.001309,0.005244,0.227767,0.228499,i184/CLK,0.000000,0.000000,0.000000,0.226457,0.227767,-0.001309,24,0.0,i1325/CLK,rise
i1325/D,-0.001309,0.005244,0.227767,0.228499,i184/CLK,0.000000,0.000000,0.000000,0.233743,0.228499,0.005244,24,0.0,i1325/CLK,fall
i1325/SE,0.182929,0.179815,0.041033,0.038766,i43/i147/CLK,0.000000,0.000000,0.000000,0.223962,0.041033,0.182929,2,0.0,i1325/CLK,rise
i1325/SE,0.182929,0.179815,0.041033,0.038766,i43/i147/CLK,0.000000,0.000000,0.000000,0.218581,0.038766,0.179815,2,0.0,i1325/CLK,fall
i1325/SI,0.016682,0.023269,0.216924,0.214249,i184/CLK,0.000000,0.000000,0.000000,0.233606,0.216924,0.016682,22,0.0,i1325/CLK,rise
i1325/SI,0.016682,0.023269,0.216924,0.214249,i184/CLK,0.000000,0.000000,0.000000,0.237518,0.214249,0.023269,22,0.0,i1325/CLK,fall
i1326/D,-0.008044,0.005400,0.234912,0.229121,i184/CLK,0.000000,0.000000,0.000000,0.226868,0.234912,-0.008044,24,0.0,i1326/CLK,rise
i1326/D,-0.008044,0.005400,0.234912,0.229121,i184/CLK,0.000000,0.000000,0.000000,0.234521,0.229121,0.005400,24,0.0,i1326/CLK,fall
i1326/SE,0.184424,0.181893,0.039699,0.037498,i43/i148/CLK,0.000000,0.000000,0.000000,0.224123,0.039699,0.184424,2,0.0,i1326/CLK,rise
i1326/SE,0.184424,0.181893,0.039699,0.037498,i43/i148/CLK,0.000000,0.000000,0.000000,0.219391,0.037498,0.181893,2,0.0,i1326/CLK,fall
i1326/SI,0.010850,0.011507,0.222482,0.226000,i184/CLK,0.000000,0.000000,0.000000,0.233332,0.222482,0.010850,22,0.0,i1326/CLK,rise
i1326/SI,0.010850,0.011507,0.222482,0.226000,i184/CLK,0.000000,0.000000,0.000000,0.237507,0.226000,0.011507,22,0.0,i1326/CLK,fall
i1327/D,0.001342,0.007183,0.225436,0.227325,i184/CLK,0.000000,0.000000,0.000000,0.226779,0.225436,0.001342,28,0.0,i1327/CLK,rise
i1327/D,0.001342,0.007183,0.225436,0.227325,i184/CLK,0.000000,0.000000,0.000000,0.234508,0.227325,0.007183,28,0.0,i1327/CLK,fall
i1327/SE,0.181132,0.177353,0.042673,0.040467,i43/i149/CLK,0.000000,0.000000,0.000000,0.223805,0.042673,0.181132,2,0.0,i1327/CLK,rise
i1327/SE,0.181132,0.177353,0.042673,0.040467,i43/i149/CLK,0.000000,0.000000,0.000000,0.217821,0.040467,0.177353,2,0.0,i1327/CLK,fall
i1327/SI,0.016981,0.022195,0.219070,0.215879,i184/CLK,0.000000,0.000000,0.000000,0.236051,0.219070,0.016981,26,0.0,i1327/CLK,rise
i1327/SI,0.016981,0.022195,0.219070,0.215879,i184/CLK,0.000000,0.000000,0.000000,0.238074,0.215879,0.022195,26,0.0,i1327/CLK,fall
i1328/D,-0.020046,0.005109,0.246683,0.229206,i184/CLK,0.000000,0.000000,0.000000,0.226637,0.246683,-0.020046,26,0.0,i1328/CLK,rise
i1328/D,-0.020046,0.005109,0.246683,0.229206,i184/CLK,0.000000,0.000000,0.000000,0.234315,0.229206,0.005109,26,0.0,i1328/CLK,fall
i1328/SE,0.183628,0.180715,0.040400,0.038159,i43/i150/CLK,0.000000,0.000000,0.000000,0.224028,0.040400,0.183628,2,0.0,i1328/CLK,rise
i1328/SE,0.183628,0.180715,0.040400,0.038159,i43/i150/CLK,0.000000,0.000000,0.000000,0.218875,0.038159,0.180715,2,0.0,i1328/CLK,fall
i1328/SI,0.015224,0.001743,0.220106,0.235802,i184/CLK,0.000000,0.000000,0.000000,0.235330,0.220106,0.015224,24,0.0,i1328/CLK,rise
i1328/SI,0.015224,0.001743,0.220106,0.235802,i184/CLK,0.000000,0.000000,0.000000,0.237545,0.235802,0.001743,24,0.0,i1328/CLK,fall
i1329/D,-0.005790,-0.008961,0.232569,0.242633,i181/CLK,0.000000,0.000000,0.000000,0.226779,0.232569,-0.005790,22,0.0,i1329/CLK,rise
i1329/D,-0.005790,-0.008961,0.232569,0.242633,i181/CLK,0.000000,0.000000,0.000000,0.233672,0.242633,-0.008961,24,0.0,i1329/CLK,fall
i1329/SE,0.182774,0.179346,0.041155,0.038996,i43/i151/CLK,0.000000,0.000000,0.000000,0.223929,0.041155,0.182774,2,0.0,i1329/CLK,rise
i1329/SE,0.182774,0.179346,0.041155,0.038996,i43/i151/CLK,0.000000,0.000000,0.000000,0.218342,0.038996,0.179346,2,0.0,i1329/CLK,fall
i1329/SI,0.004145,0.019309,0.229752,0.218225,i184/CLK,0.000000,0.000000,0.000000,0.233897,0.229752,0.004145,22,0.0,i1329/CLK,rise
i1329/SI,0.004145,0.019309,0.229752,0.218225,i184/CLK,0.000000,0.000000,0.000000,0.237534,0.218225,0.019309,20,0.0,i1329/CLK,fall
i133/D,0.158312,0.155278,0.067375,0.070236,i43/i60/CLK,0.000000,0.000000,0.000000,0.225687,0.067375,0.158312,4,0.0,i133/CLK,rise
i133/D,0.158312,0.155278,0.067375,0.070236,i43/i60/CLK,0.000000,0.000000,0.000000,0.225514,0.070236,0.155278,4,0.0,i133/CLK,fall
i133/SE,-0.130184,-0.194173,0.347702,0.333133,i1550/CLK,0.000000,0.000000,0.000000,0.217519,0.347702,-0.130184,4,0.0,i133/CLK,rise
i133/SE,-0.130184,-0.194173,0.347702,0.333133,i1550/CLK,0.000000,0.000000,0.000000,0.138960,0.333133,-0.194173,4,0.0,i133/CLK,fall
i133/SI,-0.070250,-0.068411,0.303386,0.299004,i111/CLK,0.000000,0.000000,0.000000,0.233136,0.303386,-0.070250,34,0.0,i133/CLK,rise
i133/SI,-0.070250,-0.068411,0.303386,0.299004,i111/CLK,0.000000,0.000000,0.000000,0.230593,0.299004,-0.068411,32,0.0,i133/CLK,fall
i1330/D,-0.026247,-0.013629,0.254320,0.246566,i184/CLK,0.000000,0.000000,0.000000,0.228073,0.254320,-0.026247,24,0.0,i1330/CLK,rise
i1330/D,-0.026247,-0.013629,0.254320,0.246566,i184/CLK,0.000000,0.000000,0.000000,0.232937,0.246566,-0.013629,26,0.0,i1330/CLK,fall
i1330/SE,0.182034,0.178406,0.041832,0.039657,i43/i152/CLK,0.000000,0.000000,0.000000,0.223866,0.041832,0.182034,2,0.0,i1330/CLK,rise
i1330/SE,0.182034,0.178406,0.041832,0.039657,i43/i152/CLK,0.000000,0.000000,0.000000,0.218062,0.039657,0.178406,2,0.0,i1330/CLK,fall
i1330/SI,0.016261,0.014530,0.218356,0.223012,i184/CLK,0.000000,0.000000,0.000000,0.234617,0.218356,0.016261,24,0.0,i1330/CLK,rise
i1330/SI,0.016261,0.014530,0.218356,0.223012,i184/CLK,0.000000,0.000000,0.000000,0.237542,0.223012,0.014530,22,0.0,i1330/CLK,fall
i1331/D,-0.017707,-0.004847,0.246420,0.238428,i184/CLK,0.000000,0.000000,0.000000,0.228713,0.246420,-0.017707,24,0.0,i1331/CLK,rise
i1331/D,-0.017707,-0.004847,0.246420,0.238428,i184/CLK,0.000000,0.000000,0.000000,0.233581,0.238428,-0.004847,24,0.0,i1331/CLK,fall
i1331/SE,0.186945,0.185392,0.037419,0.035192,i43/i153/CLK,0.000000,0.000000,0.000000,0.224364,0.037419,0.186945,2,0.0,i1331/CLK,rise
i1331/SE,0.186945,0.185392,0.037419,0.035192,i43/i153/CLK,0.000000,0.000000,0.000000,0.220585,0.035192,0.185392,2,0.0,i1331/CLK,fall
i1331/SI,0.012352,0.010391,0.220883,0.227128,i184/CLK,0.000000,0.000000,0.000000,0.233235,0.220883,0.012352,22,0.0,i1331/CLK,rise
i1331/SI,0.012352,0.010391,0.220883,0.227128,i184/CLK,0.000000,0.000000,0.000000,0.237519,0.227128,0.010391,22,0.0,i1331/CLK,fall
i1332/D,-0.005466,0.000746,0.232320,0.233831,i141/CLK,0.000000,0.000000,0.000000,0.226854,0.232320,-0.005466,26,0.0,i1332/CLK,rise
i1332/D,-0.005466,0.000746,0.232320,0.233831,i141/CLK,0.000000,0.000000,0.000000,0.234577,0.233831,0.000746,26,0.0,i1332/CLK,fall
i1332/SE,0.187917,0.186110,0.036535,0.034665,i43/i154/CLK,0.000000,0.000000,0.000000,0.224453,0.036535,0.187917,2,0.0,i1332/CLK,rise
i1332/SE,0.187917,0.186110,0.036535,0.034665,i43/i154/CLK,0.000000,0.000000,0.000000,0.220775,0.034665,0.186110,2,0.0,i1332/CLK,fall
i1332/SI,0.008517,0.014430,0.226500,0.223106,i144/CLK,0.000000,0.000000,0.000000,0.235016,0.226500,0.008517,24,0.0,i1332/CLK,rise
i1332/SI,0.008517,0.014430,0.226500,0.223106,i144/CLK,0.000000,0.000000,0.000000,0.237536,0.223106,0.014430,24,0.0,i1332/CLK,fall
i1333/D,-0.005599,-0.008241,0.232486,0.242855,i141/CLK,0.000000,0.000000,0.000000,0.226887,0.232486,-0.005599,30,0.0,i1333/CLK,rise
i1333/D,-0.005599,-0.008241,0.232486,0.242855,i141/CLK,0.000000,0.000000,0.000000,0.234614,0.242855,-0.008241,30,0.0,i1333/CLK,fall
i1333/SE,0.187921,0.186464,0.036534,0.034437,i43/i155/CLK,0.000000,0.000000,0.000000,0.224456,0.036534,0.187921,2,0.0,i1333/CLK,rise
i1333/SE,0.187921,0.186464,0.036534,0.034437,i43/i155/CLK,0.000000,0.000000,0.000000,0.220902,0.034437,0.186464,2,0.0,i1333/CLK,fall
i1333/SI,-0.001106,0.013907,0.235920,0.223625,i141/CLK,0.000000,0.000000,0.000000,0.234814,0.235920,-0.001106,28,0.0,i1333/CLK,rise
i1333/SI,-0.001106,0.013907,0.235920,0.223625,i141/CLK,0.000000,0.000000,0.000000,0.237531,0.223625,0.013907,28,0.0,i1333/CLK,fall
i1334/D,-0.010727,-0.003246,0.237399,0.237522,i141/CLK,0.000000,0.000000,0.000000,0.226672,0.237399,-0.010727,30,0.0,i1334/CLK,rise
i1334/D,-0.010727,-0.003246,0.237399,0.237522,i141/CLK,0.000000,0.000000,0.000000,0.234276,0.237522,-0.003246,30,0.0,i1334/CLK,fall
i1334/SE,0.181712,0.178654,0.042202,0.039979,i43/i156/CLK,0.000000,0.000000,0.000000,0.223913,0.042202,0.181712,2,0.0,i1334/CLK,rise
i1334/SE,0.181712,0.178654,0.042202,0.039979,i43/i156/CLK,0.000000,0.000000,0.000000,0.218633,0.039979,0.178654,2,0.0,i1334/CLK,fall
i1334/SI,0.002954,0.010377,0.229615,0.226836,i141/CLK,0.000000,0.000000,0.000000,0.232568,0.229615,0.002954,28,0.0,i1334/CLK,rise
i1334/SI,0.002954,0.010377,0.229615,0.226836,i141/CLK,0.000000,0.000000,0.000000,0.237213,0.226836,0.010377,28,0.0,i1334/CLK,fall
i1335/D,-0.005502,-0.002517,0.231945,0.236544,i143/CLK,0.000000,0.000000,0.000000,0.226442,0.231945,-0.005502,28,0.0,i1335/CLK,rise
i1335/D,-0.005502,-0.002517,0.231945,0.236544,i143/CLK,0.000000,0.000000,0.000000,0.234027,0.236544,-0.002517,28,0.0,i1335/CLK,fall
i1335/SE,0.189257,0.188044,0.035317,0.033346,i43/i157/CLK,0.000000,0.000000,0.000000,0.224574,0.035317,0.189257,2,0.0,i1335/CLK,rise
i1335/SE,0.189257,0.188044,0.035317,0.033346,i43/i157/CLK,0.000000,0.000000,0.000000,0.221390,0.033346,0.188044,2,0.0,i1335/CLK,fall
i1335/SI,0.006642,0.017777,0.226746,0.219724,i141/CLK,0.000000,0.000000,0.000000,0.233388,0.226746,0.006642,26,0.0,i1335/CLK,rise
i1335/SI,0.006642,0.017777,0.226746,0.219724,i141/CLK,0.000000,0.000000,0.000000,0.237501,0.219724,0.017777,26,0.0,i1335/CLK,fall
i1336/D,-0.011751,-0.007219,0.242064,0.240712,i141/CLK,0.000000,0.000000,0.000000,0.230313,0.242064,-0.011751,28,0.0,i1336/CLK,rise
i1336/D,-0.011751,-0.007219,0.242064,0.240712,i141/CLK,0.000000,0.000000,0.000000,0.233493,0.240712,-0.007219,28,0.0,i1336/CLK,fall
i1336/SE,0.183024,0.179782,0.040952,0.038819,i43/i158/CLK,0.000000,0.000000,0.000000,0.223976,0.040952,0.183024,2,0.0,i1336/CLK,rise
i1336/SE,0.183024,0.179782,0.040952,0.038819,i43/i158/CLK,0.000000,0.000000,0.000000,0.218601,0.038819,0.179782,2,0.0,i1336/CLK,fall
i1336/SI,0.014797,0.019320,0.219286,0.218200,i141/CLK,0.000000,0.000000,0.000000,0.234083,0.219286,0.014797,26,0.0,i1336/CLK,rise
i1336/SI,0.014797,0.019320,0.219286,0.218200,i141/CLK,0.000000,0.000000,0.000000,0.237519,0.218200,0.019320,26,0.0,i1336/CLK,fall
i1337/D,-0.015623,-0.010413,0.242125,0.244371,i141/CLK,0.000000,0.000000,0.000000,0.226502,0.242125,-0.015623,30,0.0,i1337/CLK,rise
i1337/D,-0.015623,-0.010413,0.242125,0.244371,i141/CLK,0.000000,0.000000,0.000000,0.233957,0.244371,-0.010413,26,0.0,i1337/CLK,fall
i1337/SE,0.176924,0.171802,0.046386,0.044050,i43/i159/CLK,0.000000,0.000000,0.000000,0.223310,0.046386,0.176924,2,0.0,i1337/CLK,rise
i1337/SE,0.176924,0.171802,0.046386,0.044050,i43/i159/CLK,0.000000,0.000000,0.000000,0.215852,0.044050,0.171802,2,0.0,i1337/CLK,fall
i1337/SI,-0.001843,0.007271,0.234423,0.230236,i141/CLK,0.000000,0.000000,0.000000,0.232580,0.234423,-0.001843,24,0.0,i1337/CLK,rise
i1337/SI,-0.001843,0.007271,0.234423,0.230236,i141/CLK,0.000000,0.000000,0.000000,0.237507,0.230236,0.007271,28,0.0,i1337/CLK,fall
i1338/D,-0.010912,-0.017995,0.239598,0.251136,i141/CLK,0.000000,0.000000,0.000000,0.228686,0.239598,-0.010912,26,0.0,i1338/CLK,rise
i1338/D,-0.010912,-0.017995,0.239598,0.251136,i141/CLK,0.000000,0.000000,0.000000,0.233141,0.251136,-0.017995,22,0.0,i1338/CLK,fall
i1338/SE,0.187766,0.186250,0.036675,0.034579,i43/i160/CLK,0.000000,0.000000,0.000000,0.224441,0.036675,0.187766,2,0.0,i1338/CLK,rise
i1338/SE,0.187766,0.186250,0.036675,0.034579,i43/i160/CLK,0.000000,0.000000,0.000000,0.220829,0.034579,0.186250,2,0.0,i1338/CLK,fall
i1338/SI,0.009699,0.027220,0.224857,0.210319,i144/CLK,0.000000,0.000000,0.000000,0.234556,0.224857,0.009699,20,0.0,i1338/CLK,rise
i1338/SI,0.009699,0.027220,0.224857,0.210319,i144/CLK,0.000000,0.000000,0.000000,0.237539,0.210319,0.027220,24,0.0,i1338/CLK,fall
i1339/D,0.000337,0.001269,0.226375,0.233121,i141/CLK,0.000000,0.000000,0.000000,0.226712,0.226375,0.000337,28,0.0,i1339/CLK,rise
i1339/D,0.000337,0.001269,0.226375,0.233121,i141/CLK,0.000000,0.000000,0.000000,0.234390,0.233121,0.001269,26,0.0,i1339/CLK,fall
i1339/SE,0.185436,0.183165,0.038784,0.036603,i43/i161/CLK,0.000000,0.000000,0.000000,0.224220,0.038784,0.185436,2,0.0,i1339/CLK,rise
i1339/SE,0.185436,0.183165,0.038784,0.036603,i43/i161/CLK,0.000000,0.000000,0.000000,0.219768,0.036603,0.183165,2,0.0,i1339/CLK,fall
i1339/SI,0.010251,0.021479,0.224657,0.216056,i141/CLK,0.000000,0.000000,0.000000,0.234908,0.224657,0.010251,24,0.0,i1339/CLK,rise
i1339/SI,0.010251,0.021479,0.224657,0.216056,i141/CLK,0.000000,0.000000,0.000000,0.237536,0.216056,0.021479,26,0.0,i1339/CLK,fall
i134/D,0.129643,0.130848,0.097596,0.098841,i43/i61/CLK,0.000000,0.000000,0.000000,0.227239,0.097596,0.129643,4,0.0,i134/CLK,rise
i134/D,0.129643,0.130848,0.097596,0.098841,i43/i61/CLK,0.000000,0.000000,0.000000,0.229689,0.098841,0.130848,4,0.0,i134/CLK,fall
i134/SE,-0.126358,-0.189551,0.343994,0.329489,i1550/CLK,0.000000,0.000000,0.000000,0.217636,0.343994,-0.126358,4,0.0,i134/CLK,rise
i134/SE,-0.126358,-0.189551,0.343994,0.329489,i1550/CLK,0.000000,0.000000,0.000000,0.139938,0.329489,-0.189551,4,0.0,i134/CLK,fall
i134/SI,-0.075592,-0.081571,0.307831,0.312911,i194/CLK,0.000000,0.000000,0.000000,0.232239,0.307831,-0.075592,32,0.0,i134/CLK,rise
i134/SI,-0.075592,-0.081571,0.307831,0.312911,i194/CLK,0.000000,0.000000,0.000000,0.231341,0.312911,-0.081571,32,0.0,i134/CLK,fall
i1340/D,-0.012459,-0.013499,0.239235,0.247982,i105/CLK,0.000000,0.000000,0.000000,0.226776,0.239235,-0.012459,26,0.0,i1340/CLK,rise
i1340/D,-0.012459,-0.013499,0.239235,0.247982,i105/CLK,0.000000,0.000000,0.000000,0.234483,0.247982,-0.013499,26,0.0,i1340/CLK,fall
i1340/SE,0.186067,0.183769,0.038172,0.036144,i43/i162/CLK,0.000000,0.000000,0.000000,0.224239,0.038172,0.186067,2,0.0,i1340/CLK,rise
i1340/SE,0.186067,0.183769,0.038172,0.036144,i43/i162/CLK,0.000000,0.000000,0.000000,0.219914,0.036144,0.183769,2,0.0,i1340/CLK,fall
i1340/SI,-0.005187,0.008024,0.240185,0.229511,i105/CLK,0.000000,0.000000,0.000000,0.234998,0.240185,-0.005187,24,0.0,i1340/CLK,rise
i1340/SI,-0.005187,0.008024,0.240185,0.229511,i105/CLK,0.000000,0.000000,0.000000,0.237535,0.229511,0.008024,24,0.0,i1340/CLK,fall
i1341/D,0.164912,0.170858,0.064054,0.062386,i43/i163/CLK,0.000000,0.000000,0.000000,0.228967,0.064054,0.164912,4,0.0,i1341/CLK,rise
i1341/D,0.164912,0.170858,0.064054,0.062386,i43/i163/CLK,0.000000,0.000000,0.000000,0.233244,0.062386,0.170858,4,0.0,i1341/CLK,fall
i1341/SE,-0.014427,-0.004221,0.238597,0.224192,i1321/CLK,0.000000,0.000000,0.000000,0.224169,0.238597,-0.014427,28,0.0,i1341/CLK,rise
i1341/SE,-0.014427,-0.004221,0.238597,0.224192,i1321/CLK,0.000000,0.000000,0.000000,0.219971,0.224192,-0.004221,28,0.0,i1341/CLK,fall
i1341/SI,0.197101,0.202050,0.037588,0.035474,i43/i163/CLK,0.000000,0.000000,0.000000,0.234688,0.037588,0.197101,2,0.0,i1341/CLK,rise
i1341/SI,0.197101,0.202050,0.037588,0.035474,i43/i163/CLK,0.000000,0.000000,0.000000,0.237524,0.035474,0.202050,2,0.0,i1341/CLK,fall
i1342/D,-0.002689,-0.000610,0.229317,0.234856,i1321/CLK,0.000000,0.000000,0.000000,0.226628,0.229317,-0.002689,30,0.0,i1342/CLK,rise
i1342/D,-0.002689,-0.000610,0.229317,0.234856,i1321/CLK,0.000000,0.000000,0.000000,0.234246,0.234856,-0.000610,26,0.0,i1342/CLK,fall
i1342/SE,0.174606,0.169789,0.048329,0.045610,i43/i164/CLK,0.000000,0.000000,0.000000,0.222935,0.048329,0.174606,2,0.0,i1342/CLK,rise
i1342/SE,0.174606,0.169789,0.048329,0.045610,i43/i164/CLK,0.000000,0.000000,0.000000,0.215398,0.045610,0.169789,2,0.0,i1342/CLK,fall
i1342/SI,0.006008,0.018731,0.226697,0.218429,i1321/CLK,0.000000,0.000000,0.000000,0.232705,0.226697,0.006008,24,0.0,i1342/CLK,rise
i1342/SI,0.006008,0.018731,0.226697,0.218429,i1321/CLK,0.000000,0.000000,0.000000,0.237160,0.218429,0.018731,28,0.0,i1342/CLK,fall
i1343/D,-0.011510,-0.006351,0.238057,0.240393,i105/CLK,0.000000,0.000000,0.000000,0.226547,0.238057,-0.011510,28,0.0,i1343/CLK,rise
i1343/D,-0.011510,-0.006351,0.238057,0.240393,i105/CLK,0.000000,0.000000,0.000000,0.234042,0.240393,-0.006351,28,0.0,i1343/CLK,fall
i1343/SE,0.188329,0.186926,0.036137,0.034054,i43/i165/CLK,0.000000,0.000000,0.000000,0.224466,0.036137,0.188329,2,0.0,i1343/CLK,rise
i1343/SE,0.188329,0.186926,0.036137,0.034054,i43/i165/CLK,0.000000,0.000000,0.000000,0.220979,0.034054,0.186926,2,0.0,i1343/CLK,fall
i1343/SI,-0.000115,0.009655,0.232062,0.226715,i105/CLK,0.000000,0.000000,0.000000,0.231946,0.232062,-0.000115,26,0.0,i1343/CLK,rise
i1343/SI,-0.000115,0.009655,0.232062,0.226715,i105/CLK,0.000000,0.000000,0.000000,0.236369,0.226715,0.009655,26,0.0,i1343/CLK,fall
i1344/D,-0.010611,0.001003,0.237186,0.233210,i1321/CLK,0.000000,0.000000,0.000000,0.226575,0.237186,-0.010611,26,0.0,i1344/CLK,rise
i1344/D,-0.010611,0.001003,0.237186,0.233210,i1321/CLK,0.000000,0.000000,0.000000,0.234213,0.233210,0.001003,28,0.0,i1344/CLK,fall
i1344/SE,0.179314,0.174944,0.044301,0.042044,i43/i166/CLK,0.000000,0.000000,0.000000,0.223615,0.044301,0.179314,2,0.0,i1344/CLK,rise
i1344/SE,0.179314,0.174944,0.044301,0.042044,i43/i166/CLK,0.000000,0.000000,0.000000,0.216988,0.042044,0.174944,2,0.0,i1344/CLK,fall
i1344/SI,0.008121,0.011148,0.224838,0.226006,i105/CLK,0.000000,0.000000,0.000000,0.232959,0.224838,0.008121,26,0.0,i1344/CLK,rise
i1344/SI,0.008121,0.011148,0.224838,0.226006,i105/CLK,0.000000,0.000000,0.000000,0.237154,0.226006,0.011148,24,0.0,i1344/CLK,fall
i1345/D,-0.012261,-0.005791,0.238685,0.239472,i1321/CLK,0.000000,0.000000,0.000000,0.226425,0.238685,-0.012261,30,0.0,i1345/CLK,rise
i1345/D,-0.012261,-0.005791,0.238685,0.239472,i1321/CLK,0.000000,0.000000,0.000000,0.233681,0.239472,-0.005791,28,0.0,i1345/CLK,fall
i1345/SE,0.179091,0.174492,0.044461,0.042174,i43/i167/CLK,0.000000,0.000000,0.000000,0.223552,0.044461,0.179091,2,0.0,i1345/CLK,rise
i1345/SE,0.179091,0.174492,0.044461,0.042174,i43/i167/CLK,0.000000,0.000000,0.000000,0.216666,0.042174,0.174492,2,0.0,i1345/CLK,fall
i1345/SI,0.003566,0.011861,0.228421,0.225250,i1321/CLK,0.000000,0.000000,0.000000,0.231987,0.228421,0.003566,26,0.0,i1345/CLK,rise
i1345/SI,0.003566,0.011861,0.228421,0.225250,i1321/CLK,0.000000,0.000000,0.000000,0.237111,0.225250,0.011861,28,0.0,i1345/CLK,fall
i1346/D,-0.009209,-0.007932,0.235529,0.241720,i1321/CLK,0.000000,0.000000,0.000000,0.226320,0.235529,-0.009209,24,0.0,i1346/CLK,rise
i1346/D,-0.009209,-0.007932,0.235529,0.241720,i1321/CLK,0.000000,0.000000,0.000000,0.233788,0.241720,-0.007932,26,0.0,i1346/CLK,fall
i1346/SE,0.186139,0.183842,0.038064,0.035889,i43/i168/CLK,0.000000,0.000000,0.000000,0.224203,0.038064,0.186139,2,0.0,i1346/CLK,rise
i1346/SE,0.186139,0.183842,0.038064,0.035889,i43/i168/CLK,0.000000,0.000000,0.000000,0.219731,0.035889,0.183842,2,0.0,i1346/CLK,fall
i1346/SI,0.002108,0.015023,0.230866,0.222481,i105/CLK,0.000000,0.000000,0.000000,0.232974,0.230866,0.002108,24,0.0,i1346/CLK,rise
i1346/SI,0.002108,0.015023,0.230866,0.222481,i105/CLK,0.000000,0.000000,0.000000,0.237503,0.222481,0.015023,22,0.0,i1346/CLK,fall
i1347/D,0.000491,0.000410,0.226172,0.233917,i1321/CLK,0.000000,0.000000,0.000000,0.226664,0.226172,0.000491,28,0.0,i1347/CLK,rise
i1347/D,0.000491,0.000410,0.226172,0.233917,i1321/CLK,0.000000,0.000000,0.000000,0.234327,0.233917,0.000410,26,0.0,i1347/CLK,fall
i1347/SE,0.187442,0.185525,0.036875,0.034735,i43/i169/CLK,0.000000,0.000000,0.000000,0.224317,0.036875,0.187442,2,0.0,i1347/CLK,rise
i1347/SE,0.187442,0.185525,0.036875,0.034735,i43/i169/CLK,0.000000,0.000000,0.000000,0.220260,0.034735,0.185525,2,0.0,i1347/CLK,fall
i1347/SI,0.009231,0.021851,0.225393,0.215677,i1321/CLK,0.000000,0.000000,0.000000,0.234623,0.225393,0.009231,24,0.0,i1347/CLK,rise
i1347/SI,0.009231,0.021851,0.225393,0.215677,i1321/CLK,0.000000,0.000000,0.000000,0.237528,0.215677,0.021851,26,0.0,i1347/CLK,fall
i1348/D,0.002669,0.001617,0.223983,0.232729,i96/CLK,0.000000,0.000000,0.000000,0.226652,0.223983,0.002669,28,0.0,i1348/CLK,rise
i1348/D,0.002669,0.001617,0.223983,0.232729,i96/CLK,0.000000,0.000000,0.000000,0.234347,0.232729,0.001617,26,0.0,i1348/CLK,fall
i1348/SE,0.164922,0.158951,0.056555,0.054306,i43/i170/CLK,0.000000,0.000000,0.000000,0.221477,0.056555,0.164922,2,0.0,i1348/CLK,rise
i1348/SE,0.164922,0.158951,0.056555,0.054306,i43/i170/CLK,0.000000,0.000000,0.000000,0.213257,0.054306,0.158951,2,0.0,i1348/CLK,fall
i1348/SI,0.012152,0.024342,0.223763,0.213585,i96/CLK,0.000000,0.000000,0.000000,0.235914,0.223763,0.012152,24,0.0,i1348/CLK,rise
i1348/SI,0.012152,0.024342,0.223763,0.213585,i96/CLK,0.000000,0.000000,0.000000,0.237927,0.213585,0.024342,26,0.0,i1348/CLK,fall
i1349/D,-0.009958,-0.011514,0.236698,0.245938,i96/CLK,0.000000,0.000000,0.000000,0.226740,0.236698,-0.009958,30,0.0,i1349/CLK,rise
i1349/D,-0.009958,-0.011514,0.236698,0.245938,i96/CLK,0.000000,0.000000,0.000000,0.234424,0.245938,-0.011514,30,0.0,i1349/CLK,fall
i1349/SE,0.169624,0.164179,0.052556,0.050116,i43/i171/CLK,0.000000,0.000000,0.000000,0.222180,0.052556,0.169624,2,0.0,i1349/CLK,rise
i1349/SE,0.169624,0.164179,0.052556,0.050116,i43/i171/CLK,0.000000,0.000000,0.000000,0.214295,0.050116,0.164179,2,0.0,i1349/CLK,fall
i1349/SI,-0.002192,0.010761,0.237757,0.226928,i96/CLK,0.000000,0.000000,0.000000,0.235565,0.237757,-0.002192,28,0.0,i1349/CLK,rise
i1349/SI,-0.002192,0.010761,0.237757,0.226928,i96/CLK,0.000000,0.000000,0.000000,0.237690,0.226928,0.010761,28,0.0,i1349/CLK,fall
i135/D,0.150340,0.148418,0.075766,0.078219,i43/i62/CLK,0.000000,0.000000,0.000000,0.226106,0.075766,0.150340,4,0.0,i135/CLK,rise
i135/D,0.150340,0.148418,0.075766,0.078219,i43/i62/CLK,0.000000,0.000000,0.000000,0.226637,0.078219,0.148418,4,0.0,i135/CLK,fall
i135/SE,-0.121933,-0.184211,0.339704,0.325277,i1550/CLK,0.000000,0.000000,0.000000,0.217771,0.339704,-0.121933,4,0.0,i135/CLK,rise
i135/SE,-0.121933,-0.184211,0.339704,0.325277,i1550/CLK,0.000000,0.000000,0.000000,0.141067,0.325277,-0.184211,4,0.0,i135/CLK,fall
i135/SI,-0.079242,-0.075182,0.311505,0.306819,i194/CLK,0.000000,0.000000,0.000000,0.232263,0.311505,-0.079242,34,0.0,i135/CLK,rise
i135/SI,-0.079242,-0.075182,0.311505,0.306819,i194/CLK,0.000000,0.000000,0.000000,0.231637,0.306819,-0.075182,32,0.0,i135/CLK,fall
i1350/D,-0.003808,-0.002737,0.230491,0.237047,i96/CLK,0.000000,0.000000,0.000000,0.226684,0.230491,-0.003808,30,0.0,i1350/CLK,rise
i1350/D,-0.003808,-0.002737,0.230491,0.237047,i96/CLK,0.000000,0.000000,0.000000,0.234310,0.237047,-0.002737,26,0.0,i1350/CLK,fall
i1350/SE,0.171283,0.165917,0.051138,0.048711,i43/i172/CLK,0.000000,0.000000,0.000000,0.222421,0.051138,0.171283,2,0.0,i1350/CLK,rise
i1350/SE,0.171283,0.165917,0.051138,0.048711,i43/i172/CLK,0.000000,0.000000,0.000000,0.214629,0.048711,0.165917,2,0.0,i1350/CLK,fall
i1350/SI,0.004049,0.017500,0.229053,0.219996,i96/CLK,0.000000,0.000000,0.000000,0.233102,0.229053,0.004049,24,0.0,i1350/CLK,rise
i1350/SI,0.004049,0.017500,0.229053,0.219996,i96/CLK,0.000000,0.000000,0.000000,0.237496,0.219996,0.017500,28,0.0,i1350/CLK,fall
i1351/D,-0.001744,-0.006955,0.228550,0.241410,i98/CLK,0.000000,0.000000,0.000000,0.226805,0.228550,-0.001744,28,0.0,i1351/CLK,rise
i1351/D,-0.001744,-0.006955,0.228550,0.241410,i98/CLK,0.000000,0.000000,0.000000,0.234455,0.241410,-0.006955,26,0.0,i1351/CLK,fall
i1351/SE,0.184773,0.181810,0.039321,0.037327,i43/i173/CLK,0.000000,0.000000,0.000000,0.224095,0.039321,0.184773,2,0.0,i1351/CLK,rise
i1351/SE,0.184773,0.181810,0.039321,0.037327,i43/i173/CLK,0.000000,0.000000,0.000000,0.219137,0.037327,0.181810,2,0.0,i1351/CLK,fall
i1351/SI,-0.000912,0.018413,0.234271,0.219092,i96/CLK,0.000000,0.000000,0.000000,0.233359,0.234271,-0.000912,24,0.0,i1351/CLK,rise
i1351/SI,-0.000912,0.018413,0.234271,0.219092,i96/CLK,0.000000,0.000000,0.000000,0.237504,0.219092,0.018413,26,0.0,i1351/CLK,fall
i1352/D,-0.001942,0.007471,0.228658,0.226939,i96/CLK,0.000000,0.000000,0.000000,0.226715,0.228658,-0.001942,26,0.0,i1352/CLK,rise
i1352/D,-0.001942,0.007471,0.228658,0.226939,i96/CLK,0.000000,0.000000,0.000000,0.234410,0.226939,0.007471,28,0.0,i1352/CLK,fall
i1352/SE,0.171395,0.166011,0.051116,0.048731,i43/i174/CLK,0.000000,0.000000,0.000000,0.222512,0.051116,0.171395,2,0.0,i1352/CLK,rise
i1352/SE,0.171395,0.166011,0.051116,0.048731,i43/i174/CLK,0.000000,0.000000,0.000000,0.214742,0.048731,0.166011,2,0.0,i1352/CLK,fall
i1352/SI,0.014996,0.019148,0.219037,0.218361,i98/CLK,0.000000,0.000000,0.000000,0.234034,0.219037,0.014996,26,0.0,i1352/CLK,rise
i1352/SI,0.014996,0.019148,0.219037,0.218361,i98/CLK,0.000000,0.000000,0.000000,0.237509,0.218361,0.019148,24,0.0,i1352/CLK,fall
i1353/D,-0.012504,-0.004746,0.239062,0.238752,i96/CLK,0.000000,0.000000,0.000000,0.226559,0.239062,-0.012504,30,0.0,i1353/CLK,rise
i1353/D,-0.012504,-0.004746,0.239062,0.238752,i96/CLK,0.000000,0.000000,0.000000,0.234006,0.238752,-0.004746,26,0.0,i1353/CLK,fall
i1353/SE,0.172307,0.166974,0.050302,0.047907,i43/i175/CLK,0.000000,0.000000,0.000000,0.222609,0.050302,0.172307,2,0.0,i1353/CLK,rise
i1353/SE,0.172307,0.166974,0.050302,0.047907,i43/i175/CLK,0.000000,0.000000,0.000000,0.214881,0.047907,0.166974,2,0.0,i1353/CLK,fall
i1353/SI,0.001810,0.009065,0.230153,0.227844,i96/CLK,0.000000,0.000000,0.000000,0.231963,0.230153,0.001810,24,0.0,i1353/CLK,rise
i1353/SI,0.001810,0.009065,0.230153,0.227844,i96/CLK,0.000000,0.000000,0.000000,0.236909,0.227844,0.009065,28,0.0,i1353/CLK,fall
i1354/D,-0.000516,-0.007890,0.229721,0.241463,i96/CLK,0.000000,0.000000,0.000000,0.229205,0.229721,-0.000516,24,0.0,i1354/CLK,rise
i1354/D,-0.000516,-0.007890,0.229721,0.241463,i96/CLK,0.000000,0.000000,0.000000,0.233573,0.241463,-0.007890,26,0.0,i1354/CLK,fall
i1354/SE,0.173838,0.168575,0.048987,0.046606,i43/i176/CLK,0.000000,0.000000,0.000000,0.222826,0.048987,0.173838,2,0.0,i1354/CLK,rise
i1354/SE,0.173838,0.168575,0.048987,0.046606,i43/i176/CLK,0.000000,0.000000,0.000000,0.215181,0.046606,0.168575,2,0.0,i1354/CLK,fall
i1354/SI,0.011191,0.028039,0.223284,0.209497,i98/CLK,0.000000,0.000000,0.000000,0.234475,0.223284,0.011191,24,0.0,i1354/CLK,rise
i1354/SI,0.011191,0.028039,0.223284,0.209497,i98/CLK,0.000000,0.000000,0.000000,0.237536,0.209497,0.028039,22,0.0,i1354/CLK,fall
i1355/D,0.004190,0.007308,0.222880,0.227538,i96/CLK,0.000000,0.000000,0.000000,0.227070,0.222880,0.004190,28,0.0,i1355/CLK,rise
i1355/D,0.004190,0.007308,0.222880,0.227538,i96/CLK,0.000000,0.000000,0.000000,0.234845,0.227538,0.007308,26,0.0,i1355/CLK,fall
i1355/SE,0.173914,0.168525,0.048930,0.046654,i43/i177/CLK,0.000000,0.000000,0.000000,0.222844,0.048930,0.173914,2,0.0,i1355/CLK,rise
i1355/SE,0.173914,0.168525,0.048930,0.046654,i43/i177/CLK,0.000000,0.000000,0.000000,0.215179,0.046654,0.168525,2,0.0,i1355/CLK,fall
i1355/SI,0.014561,0.022556,0.221341,0.215359,i96/CLK,0.000000,0.000000,0.000000,0.235903,0.221341,0.014561,24,0.0,i1355/CLK,rise
i1355/SI,0.014561,0.022556,0.221341,0.215359,i96/CLK,0.000000,0.000000,0.000000,0.237915,0.215359,0.022556,26,0.0,i1355/CLK,fall
i1356/D,0.007077,0.011566,0.219440,0.222602,i178/CLK,0.000000,0.000000,0.000000,0.226517,0.219440,0.007077,22,0.0,i1356/CLK,rise
i1356/D,0.007077,0.011566,0.219440,0.222602,i178/CLK,0.000000,0.000000,0.000000,0.234168,0.222602,0.011566,22,0.0,i1356/CLK,fall
i1356/SE,0.128307,0.123429,0.091512,0.085843,i43/i114/CLK,0.000000,0.000000,0.000000,0.219819,0.091512,0.128307,2,0.0,i1356/CLK,rise
i1356/SE,0.128307,0.123429,0.091512,0.085843,i43/i114/CLK,0.000000,0.000000,0.000000,0.209272,0.085843,0.123429,2,0.0,i1356/CLK,fall
i1356/SI,0.022958,0.029578,0.212961,0.208385,i174/CLK,0.000000,0.000000,0.000000,0.235919,0.212961,0.022958,20,0.0,i1356/CLK,rise
i1356/SI,0.022958,0.029578,0.212961,0.208385,i174/CLK,0.000000,0.000000,0.000000,0.237962,0.208385,0.029578,20,0.0,i1356/CLK,fall
i1357/D,0.007625,0.014541,0.218746,0.219367,i173/CLK,0.000000,0.000000,0.000000,0.226371,0.218746,0.007625,20,0.0,i1357/CLK,rise
i1357/D,0.007625,0.014541,0.218746,0.219367,i173/CLK,0.000000,0.000000,0.000000,0.233908,0.219367,0.014541,22,0.0,i1357/CLK,fall
i1357/SE,0.159524,0.155313,0.061868,0.058413,i43/i115/CLK,0.000000,0.000000,0.000000,0.221392,0.061868,0.159524,2,0.0,i1357/CLK,rise
i1357/SE,0.159524,0.155313,0.061868,0.058413,i43/i115/CLK,0.000000,0.000000,0.000000,0.213726,0.058413,0.155313,2,0.0,i1357/CLK,fall
i1357/SI,0.026121,0.031429,0.208388,0.206109,i176/CLK,0.000000,0.000000,0.000000,0.234510,0.208388,0.026121,20,0.0,i1357/CLK,rise
i1357/SI,0.026121,0.031429,0.208388,0.206109,i176/CLK,0.000000,0.000000,0.000000,0.237538,0.206109,0.031429,18,0.0,i1357/CLK,fall
i1358/D,-0.008174,0.004129,0.235006,0.230366,i176/CLK,0.000000,0.000000,0.000000,0.226832,0.235006,-0.008174,24,0.0,i1358/CLK,rise
i1358/D,-0.008174,0.004129,0.235006,0.230366,i176/CLK,0.000000,0.000000,0.000000,0.234495,0.230366,0.004129,24,0.0,i1358/CLK,fall
i1358/SE,0.148362,0.144872,0.072188,0.067414,i43/i116/CLK,0.000000,0.000000,0.000000,0.220550,0.072188,0.148362,2,0.0,i1358/CLK,rise
i1358/SE,0.148362,0.144872,0.072188,0.067414,i43/i116/CLK,0.000000,0.000000,0.000000,0.212287,0.067414,0.144872,2,0.0,i1358/CLK,fall
i1358/SI,0.011417,0.011858,0.222920,0.225671,i176/CLK,0.000000,0.000000,0.000000,0.234337,0.222920,0.011417,22,0.0,i1358/CLK,rise
i1358/SI,0.011417,0.011858,0.222920,0.225671,i176/CLK,0.000000,0.000000,0.000000,0.237529,0.225671,0.011858,22,0.0,i1358/CLK,fall
i1359/D,0.009847,0.006487,0.216917,0.228011,i178/CLK,0.000000,0.000000,0.000000,0.226764,0.216917,0.009847,22,0.0,i1359/CLK,rise
i1359/D,0.009847,0.006487,0.216917,0.228011,i178/CLK,0.000000,0.000000,0.000000,0.234498,0.228011,0.006487,22,0.0,i1359/CLK,fall
i1359/SE,0.151042,0.147061,0.069625,0.065458,i43/i117/CLK,0.000000,0.000000,0.000000,0.220667,0.069625,0.151042,2,0.0,i1359/CLK,rise
i1359/SE,0.151042,0.147061,0.069625,0.065458,i43/i117/CLK,0.000000,0.000000,0.000000,0.212519,0.065458,0.147061,2,0.0,i1359/CLK,fall
i1359/SI,0.016541,0.030855,0.219724,0.207472,i174/CLK,0.000000,0.000000,0.000000,0.236265,0.219724,0.016541,20,0.0,i1359/CLK,rise
i1359/SI,0.016541,0.030855,0.219724,0.207472,i174/CLK,0.000000,0.000000,0.000000,0.238328,0.207472,0.030855,20,0.0,i1359/CLK,fall
i136/D,0.159007,0.156186,0.066777,0.069394,i43/i63/CLK,0.000000,0.000000,0.000000,0.225785,0.066777,0.159007,4,0.0,i136/CLK,rise
i136/D,0.159007,0.156186,0.066777,0.069394,i43/i63/CLK,0.000000,0.000000,0.000000,0.225581,0.069394,0.156186,4,0.0,i136/CLK,fall
i136/SE,-0.119414,-0.181174,0.337262,0.322881,i1550/CLK,0.000000,0.000000,0.000000,0.217848,0.337262,-0.119414,4,0.0,i136/CLK,rise
i136/SE,-0.119414,-0.181174,0.337262,0.322881,i1550/CLK,0.000000,0.000000,0.000000,0.141707,0.322881,-0.181174,4,0.0,i136/CLK,fall
i136/SI,-0.104910,-0.106769,0.338151,0.336989,i111/CLK,0.000000,0.000000,0.000000,0.233241,0.338151,-0.104910,32,0.0,i136/CLK,rise
i136/SI,-0.104910,-0.106769,0.338151,0.336989,i111/CLK,0.000000,0.000000,0.000000,0.230219,0.336989,-0.106769,32,0.0,i136/CLK,fall
i1360/D,-0.016753,0.012013,0.243508,0.222467,i174/CLK,0.000000,0.000000,0.000000,0.226755,0.243508,-0.016753,26,0.0,i1360/CLK,rise
i1360/D,-0.016753,0.012013,0.243508,0.222467,i174/CLK,0.000000,0.000000,0.000000,0.234479,0.222467,0.012013,28,0.0,i1360/CLK,fall
i1360/SE,0.152264,0.148280,0.068460,0.064391,i43/i118/CLK,0.000000,0.000000,0.000000,0.220723,0.068460,0.152264,2,0.0,i1360/CLK,rise
i1360/SE,0.152264,0.148280,0.068460,0.064391,i43/i118/CLK,0.000000,0.000000,0.000000,0.212671,0.064391,0.148280,2,0.0,i1360/CLK,fall
i1360/SI,0.022053,0.004343,0.214003,0.233734,i176/CLK,0.000000,0.000000,0.000000,0.236056,0.214003,0.022053,26,0.0,i1360/CLK,rise
i1360/SI,0.022053,0.004343,0.214003,0.233734,i176/CLK,0.000000,0.000000,0.000000,0.238077,0.233734,0.004343,24,0.0,i1360/CLK,fall
i1361/D,-0.005220,-0.003620,0.231637,0.237397,i176/CLK,0.000000,0.000000,0.000000,0.226417,0.231637,-0.005220,24,0.0,i1361/CLK,rise
i1361/D,-0.005220,-0.003620,0.231637,0.237397,i176/CLK,0.000000,0.000000,0.000000,0.233778,0.237397,-0.003620,24,0.0,i1361/CLK,fall
i1361/SE,0.150285,0.145878,0.070350,0.066492,i43/i119/CLK,0.000000,0.000000,0.000000,0.220635,0.070350,0.150285,2,0.0,i1361/CLK,rise
i1361/SE,0.150285,0.145878,0.070350,0.066492,i43/i119/CLK,0.000000,0.000000,0.000000,0.212370,0.066492,0.145878,2,0.0,i1361/CLK,fall
i1361/SI,0.009638,0.019087,0.225471,0.218875,i176/CLK,0.000000,0.000000,0.000000,0.235109,0.225471,0.009638,22,0.0,i1361/CLK,rise
i1361/SI,0.009638,0.019087,0.225471,0.218875,i176/CLK,0.000000,0.000000,0.000000,0.237961,0.218875,0.019087,22,0.0,i1361/CLK,fall
i1362/D,0.002085,0.006122,0.224908,0.228536,i176/CLK,0.000000,0.000000,0.000000,0.226993,0.224908,0.002085,24,0.0,i1362/CLK,rise
i1362/D,0.002085,0.006122,0.224908,0.228536,i176/CLK,0.000000,0.000000,0.000000,0.234658,0.228536,0.006122,24,0.0,i1362/CLK,fall
i1362/SE,0.145358,0.141036,0.075051,0.070430,i43/i120/CLK,0.000000,0.000000,0.000000,0.220409,0.075051,0.145358,2,0.0,i1362/CLK,rise
i1362/SE,0.145358,0.141036,0.075051,0.070430,i43/i120/CLK,0.000000,0.000000,0.000000,0.211465,0.070430,0.141036,2,0.0,i1362/CLK,fall
i1362/SI,0.012697,0.020823,0.221897,0.216721,i176/CLK,0.000000,0.000000,0.000000,0.234594,0.221897,0.012697,22,0.0,i1362/CLK,rise
i1362/SI,0.012697,0.020823,0.221897,0.216721,i176/CLK,0.000000,0.000000,0.000000,0.237544,0.216721,0.020823,22,0.0,i1362/CLK,fall
i1363/D,-0.015920,-0.003400,0.244839,0.236978,i176/CLK,0.000000,0.000000,0.000000,0.228919,0.244839,-0.015920,24,0.0,i1363/CLK,rise
i1363/D,-0.015920,-0.003400,0.244839,0.236978,i176/CLK,0.000000,0.000000,0.000000,0.233578,0.236978,-0.003400,24,0.0,i1363/CLK,fall
i1363/SE,0.147495,0.143931,0.073007,0.068133,i43/i121/CLK,0.000000,0.000000,0.000000,0.220502,0.073007,0.147495,2,0.0,i1363/CLK,rise
i1363/SE,0.147495,0.143931,0.073007,0.068133,i43/i121/CLK,0.000000,0.000000,0.000000,0.212063,0.068133,0.143931,2,0.0,i1363/CLK,fall
i1363/SI,0.014966,0.011970,0.219233,0.225570,i176/CLK,0.000000,0.000000,0.000000,0.234199,0.219233,0.014966,22,0.0,i1363/CLK,rise
i1363/SI,0.014966,0.011970,0.219233,0.225570,i176/CLK,0.000000,0.000000,0.000000,0.237540,0.225570,0.011970,22,0.0,i1363/CLK,fall
i1364/D,-0.010220,0.003429,0.237029,0.231093,i133/CLK,0.000000,0.000000,0.000000,0.226809,0.237029,-0.010220,32,0.0,i1364/CLK,rise
i1364/D,-0.010220,0.003429,0.237029,0.231093,i133/CLK,0.000000,0.000000,0.000000,0.234521,0.231093,0.003429,32,0.0,i1364/CLK,fall
i1364/SE,0.142050,0.137479,0.078436,0.074424,i43/i122/CLK,0.000000,0.000000,0.000000,0.220486,0.078436,0.142050,2,0.0,i1364/CLK,rise
i1364/SE,0.142050,0.137479,0.078436,0.074424,i43/i122/CLK,0.000000,0.000000,0.000000,0.211903,0.074424,0.137479,2,0.0,i1364/CLK,fall
i1364/SI,0.012473,0.010305,0.223031,0.227353,i133/CLK,0.000000,0.000000,0.000000,0.235505,0.223031,0.012473,30,0.0,i1364/CLK,rise
i1364/SI,0.012473,0.010305,0.223031,0.227353,i133/CLK,0.000000,0.000000,0.000000,0.237657,0.227353,0.010305,30,0.0,i1364/CLK,fall
i1365/D,-0.006108,-0.009073,0.232492,0.242972,i133/CLK,0.000000,0.000000,0.000000,0.226384,0.232492,-0.006108,30,0.0,i1365/CLK,rise
i1365/D,-0.006108,-0.009073,0.232492,0.242972,i133/CLK,0.000000,0.000000,0.000000,0.233899,0.242972,-0.009073,30,0.0,i1365/CLK,fall
i1365/SE,0.152492,0.148445,0.068253,0.064259,i43/i123/CLK,0.000000,0.000000,0.000000,0.220746,0.068253,0.152492,2,0.0,i1365/CLK,rise
i1365/SE,0.152492,0.148445,0.068253,0.064259,i43/i123/CLK,0.000000,0.000000,0.000000,0.212704,0.064259,0.148445,2,0.0,i1365/CLK,fall
i1365/SI,0.003427,0.018140,0.231788,0.219401,i133/CLK,0.000000,0.000000,0.000000,0.235215,0.231788,0.003427,28,0.0,i1365/CLK,rise
i1365/SI,0.003427,0.018140,0.231788,0.219401,i133/CLK,0.000000,0.000000,0.000000,0.237541,0.219401,0.018140,28,0.0,i1365/CLK,fall
i1366/D,-0.003357,0.007086,0.229968,0.227129,i133/CLK,0.000000,0.000000,0.000000,0.226611,0.229968,-0.003357,26,0.0,i1366/CLK,rise
i1366/D,-0.003357,0.007086,0.229968,0.227129,i133/CLK,0.000000,0.000000,0.000000,0.234215,0.227129,0.007086,26,0.0,i1366/CLK,fall
i1366/SE,0.163607,0.159176,0.058265,0.055130,i43/i124/CLK,0.000000,0.000000,0.000000,0.221872,0.058265,0.163607,2,0.0,i1366/CLK,rise
i1366/SE,0.163607,0.159176,0.058265,0.055130,i43/i124/CLK,0.000000,0.000000,0.000000,0.214306,0.055130,0.159176,2,0.0,i1366/CLK,fall
i1366/SI,0.013761,0.018176,0.218853,0.218970,i135/CLK,0.000000,0.000000,0.000000,0.232614,0.218853,0.013761,24,0.0,i1366/CLK,rise
i1366/SI,0.013761,0.018176,0.218853,0.218970,i135/CLK,0.000000,0.000000,0.000000,0.237145,0.218970,0.018176,24,0.0,i1366/CLK,fall
i1367/D,-0.016639,-0.001551,0.244540,0.235185,i135/CLK,0.000000,0.000000,0.000000,0.227901,0.244540,-0.016639,28,0.0,i1367/CLK,rise
i1367/D,-0.016639,-0.001551,0.244540,0.235185,i135/CLK,0.000000,0.000000,0.000000,0.233634,0.235185,-0.001551,28,0.0,i1367/CLK,fall
i1367/SE,0.145687,0.141375,0.074756,0.070231,i43/i125/CLK,0.000000,0.000000,0.000000,0.220443,0.074756,0.145687,2,0.0,i1367/CLK,rise
i1367/SE,0.145687,0.141375,0.074756,0.070231,i43/i125/CLK,0.000000,0.000000,0.000000,0.211606,0.070231,0.141375,2,0.0,i1367/CLK,fall
i1367/SI,0.014287,0.010120,0.220244,0.227409,i135/CLK,0.000000,0.000000,0.000000,0.234530,0.220244,0.014287,26,0.0,i1367/CLK,rise
i1367/SI,0.014287,0.010120,0.220244,0.227409,i135/CLK,0.000000,0.000000,0.000000,0.237529,0.227409,0.010120,26,0.0,i1367/CLK,fall
i1368/D,-0.008361,0.002429,0.236768,0.231184,i133/CLK,0.000000,0.000000,0.000000,0.228407,0.236768,-0.008361,26,0.0,i1368/CLK,rise
i1368/D,-0.008361,0.002429,0.236768,0.231184,i133/CLK,0.000000,0.000000,0.000000,0.233613,0.231184,0.002429,28,0.0,i1368/CLK,fall
i1368/SE,0.171255,0.166465,0.051510,0.048928,i43/i126/CLK,0.000000,0.000000,0.000000,0.222764,0.051510,0.171255,2,0.0,i1368/CLK,rise
i1368/SE,0.171255,0.166465,0.051510,0.048928,i43/i126/CLK,0.000000,0.000000,0.000000,0.215393,0.048928,0.166465,2,0.0,i1368/CLK,fall
i1368/SI,0.020106,0.018930,0.215274,0.218607,i135/CLK,0.000000,0.000000,0.000000,0.235380,0.215274,0.020106,26,0.0,i1368/CLK,rise
i1368/SI,0.020106,0.018930,0.215274,0.218607,i135/CLK,0.000000,0.000000,0.000000,0.237538,0.218607,0.018930,24,0.0,i1368/CLK,fall
i1369/D,-0.007016,-0.001222,0.233727,0.235519,i133/CLK,0.000000,0.000000,0.000000,0.226711,0.233727,-0.007016,26,0.0,i1369/CLK,rise
i1369/D,-0.007016,-0.001222,0.233727,0.235519,i133/CLK,0.000000,0.000000,0.000000,0.234298,0.235519,-0.001222,26,0.0,i1369/CLK,fall
i1369/SE,0.157606,0.153073,0.063564,0.060311,i43/i127/CLK,0.000000,0.000000,0.000000,0.221170,0.063564,0.157606,2,0.0,i1369/CLK,rise
i1369/SE,0.157606,0.153073,0.063564,0.060311,i43/i127/CLK,0.000000,0.000000,0.000000,0.213384,0.060311,0.153073,2,0.0,i1369/CLK,fall
i1369/SI,0.005974,0.014075,0.227330,0.223436,i135/CLK,0.000000,0.000000,0.000000,0.233304,0.227330,0.005974,24,0.0,i1369/CLK,rise
i1369/SI,0.005974,0.014075,0.227330,0.223436,i135/CLK,0.000000,0.000000,0.000000,0.237511,0.223436,0.014075,24,0.0,i1369/CLK,fall
i137/D,0.138657,0.138899,0.088186,0.089727,i43/i64/CLK,0.000000,0.000000,0.000000,0.226843,0.088186,0.138657,4,0.0,i137/CLK,rise
i137/D,0.138657,0.138899,0.088186,0.089727,i43/i64/CLK,0.000000,0.000000,0.000000,0.228626,0.089727,0.138899,4,0.0,i137/CLK,fall
i137/SE,-0.133461,-0.198129,0.350879,0.336250,i1550/CLK,0.000000,0.000000,0.000000,0.217418,0.350879,-0.133461,4,0.0,i137/CLK,rise
i137/SE,-0.133461,-0.198129,0.350879,0.336250,i1550/CLK,0.000000,0.000000,0.000000,0.138121,0.336250,-0.198129,4,0.0,i137/CLK,fall
i137/SI,-0.084919,-0.082405,0.318178,0.313277,i192/CLK,0.000000,0.000000,0.000000,0.233258,0.318178,-0.084919,30,0.0,i137/CLK,rise
i137/SI,-0.084919,-0.082405,0.318178,0.313277,i192/CLK,0.000000,0.000000,0.000000,0.230871,0.313277,-0.082405,30,0.0,i137/CLK,fall
i1370/D,0.007153,0.002618,0.219796,0.231982,i133/CLK,0.000000,0.000000,0.000000,0.226949,0.219796,0.007153,28,0.0,i1370/CLK,rise
i1370/D,0.007153,0.002618,0.219796,0.231982,i133/CLK,0.000000,0.000000,0.000000,0.234600,0.231982,0.002618,26,0.0,i1370/CLK,fall
i1370/SE,0.160198,0.155948,0.061276,0.057879,i43/i128/CLK,0.000000,0.000000,0.000000,0.221474,0.061276,0.160198,2,0.0,i1370/CLK,rise
i1370/SE,0.160198,0.155948,0.061276,0.057879,i43/i128/CLK,0.000000,0.000000,0.000000,0.213827,0.057879,0.155948,2,0.0,i1370/CLK,fall
i1370/SI,0.008436,0.026175,0.225440,0.211350,i133/CLK,0.000000,0.000000,0.000000,0.233875,0.225440,0.008436,24,0.0,i1370/CLK,rise
i1370/SI,0.008436,0.026175,0.225440,0.211350,i133/CLK,0.000000,0.000000,0.000000,0.237525,0.211350,0.026175,26,0.0,i1370/CLK,fall
i1371/D,0.000715,0.005374,0.226015,0.229041,i133/CLK,0.000000,0.000000,0.000000,0.226730,0.226015,0.000715,28,0.0,i1371/CLK,rise
i1371/D,0.000715,0.005374,0.226015,0.229041,i133/CLK,0.000000,0.000000,0.000000,0.234415,0.229041,0.005374,26,0.0,i1371/CLK,fall
i1371/SE,0.168214,0.163569,0.054207,0.051388,i43/i129/CLK,0.000000,0.000000,0.000000,0.222421,0.054207,0.168214,2,0.0,i1371/CLK,rise
i1371/SE,0.168214,0.163569,0.054207,0.051388,i43/i129/CLK,0.000000,0.000000,0.000000,0.214957,0.051388,0.163569,2,0.0,i1371/CLK,fall
i1371/SI,0.014331,0.021618,0.220741,0.215922,i133/CLK,0.000000,0.000000,0.000000,0.235072,0.220741,0.014331,24,0.0,i1371/CLK,rise
i1371/SI,0.014331,0.021618,0.220741,0.215922,i133/CLK,0.000000,0.000000,0.000000,0.237539,0.215922,0.021618,26,0.0,i1371/CLK,fall
i1372/D,-0.004475,-0.007964,0.231683,0.242907,i127/CLK,0.000000,0.000000,0.000000,0.227208,0.231683,-0.004475,26,0.0,i1372/CLK,rise
i1372/D,-0.004475,-0.007964,0.231683,0.242907,i127/CLK,0.000000,0.000000,0.000000,0.234943,0.242907,-0.007964,26,0.0,i1372/CLK,fall
i1372/SE,0.148562,0.144151,0.072197,0.068708,i43/i130/CLK,0.000000,0.000000,0.000000,0.220759,0.072197,0.148562,2,0.0,i1372/CLK,rise
i1372/SE,0.148562,0.144151,0.072197,0.068708,i43/i130/CLK,0.000000,0.000000,0.000000,0.212859,0.068708,0.144151,2,0.0,i1372/CLK,fall
i1372/SI,-0.000866,0.013486,0.237071,0.224814,i127/CLK,0.000000,0.000000,0.000000,0.236206,0.237071,-0.000866,24,0.0,i1372/CLK,rise
i1372/SI,-0.000866,0.013486,0.237071,0.224814,i127/CLK,0.000000,0.000000,0.000000,0.238300,0.224814,0.013486,24,0.0,i1372/CLK,fall
i1373/D,0.146588,0.153618,0.082058,0.079955,i43/i131/CLK,0.000000,0.000000,0.000000,0.228647,0.082058,0.146588,4,0.0,i1373/CLK,rise
i1373/D,0.146588,0.153618,0.082058,0.079955,i43/i131/CLK,0.000000,0.000000,0.000000,0.233572,0.079955,0.153618,4,0.0,i1373/CLK,fall
i1373/SE,-0.006819,-0.001107,0.231725,0.223177,i127/CLK,0.000000,0.000000,0.000000,0.224906,0.231725,-0.006819,28,0.0,i1373/CLK,rise
i1373/SE,-0.006819,-0.001107,0.231725,0.223177,i127/CLK,0.000000,0.000000,0.000000,0.222070,0.223177,-0.001107,20,0.0,i1373/CLK,fall
i1373/SI,0.165871,0.167937,0.065500,0.061720,i43/i131/CLK,0.000000,0.000000,0.000000,0.231371,0.065500,0.165871,2,0.0,i1373/CLK,rise
i1373/SI,0.165871,0.167937,0.065500,0.061720,i43/i131/CLK,0.000000,0.000000,0.000000,0.229656,0.061720,0.167937,2,0.0,i1373/CLK,fall
i1374/D,0.003008,0.008981,0.223837,0.225567,i127/CLK,0.000000,0.000000,0.000000,0.226845,0.223837,0.003008,26,0.0,i1374/CLK,rise
i1374/D,0.003008,0.008981,0.223837,0.225567,i127/CLK,0.000000,0.000000,0.000000,0.234548,0.225567,0.008981,26,0.0,i1374/CLK,fall
i1374/SE,0.162567,0.158658,0.059182,0.055585,i43/i132/CLK,0.000000,0.000000,0.000000,0.221748,0.059182,0.162567,2,0.0,i1374/CLK,rise
i1374/SE,0.162567,0.158658,0.059182,0.055585,i43/i132/CLK,0.000000,0.000000,0.000000,0.214243,0.055585,0.158658,2,0.0,i1374/CLK,fall
i1374/SI,0.016109,0.022950,0.218345,0.214575,i127/CLK,0.000000,0.000000,0.000000,0.234454,0.218345,0.016109,24,0.0,i1374/CLK,rise
i1374/SI,0.016109,0.022950,0.218345,0.214575,i127/CLK,0.000000,0.000000,0.000000,0.237525,0.214575,0.022950,24,0.0,i1374/CLK,fall
i1375/D,-0.007974,-0.018830,0.234545,0.253100,i127/CLK,0.000000,0.000000,0.000000,0.226572,0.234545,-0.007974,26,0.0,i1375/CLK,rise
i1375/D,-0.007974,-0.018830,0.234545,0.253100,i127/CLK,0.000000,0.000000,0.000000,0.234270,0.253100,-0.018830,26,0.0,i1375/CLK,fall
i1375/SE,0.151545,0.147538,0.069147,0.065039,i43/i133/CLK,0.000000,0.000000,0.000000,0.220693,0.069147,0.151545,2,0.0,i1375/CLK,rise
i1375/SE,0.151545,0.147538,0.069147,0.065039,i43/i133/CLK,0.000000,0.000000,0.000000,0.212577,0.065039,0.147538,2,0.0,i1375/CLK,fall
i1375/SI,-0.005577,0.018411,0.238840,0.219089,i127/CLK,0.000000,0.000000,0.000000,0.233263,0.238840,-0.005577,24,0.0,i1375/CLK,rise
i1375/SI,-0.005577,0.018411,0.238840,0.219089,i127/CLK,0.000000,0.000000,0.000000,0.237501,0.219089,0.018411,24,0.0,i1375/CLK,fall
i1376/D,-0.005593,0.004411,0.232308,0.229989,i127/CLK,0.000000,0.000000,0.000000,0.226715,0.232308,-0.005593,26,0.0,i1376/CLK,rise
i1376/D,-0.005593,0.004411,0.232308,0.229989,i127/CLK,0.000000,0.000000,0.000000,0.234399,0.229989,0.004411,26,0.0,i1376/CLK,fall
i1376/SE,0.160901,0.156626,0.060659,0.057304,i43/i134/CLK,0.000000,0.000000,0.000000,0.221560,0.060659,0.160901,2,0.0,i1376/CLK,rise
i1376/SE,0.160901,0.156626,0.060659,0.057304,i43/i134/CLK,0.000000,0.000000,0.000000,0.213929,0.057304,0.156626,2,0.0,i1376/CLK,fall
i1376/SI,0.011146,0.015369,0.222383,0.222128,i127/CLK,0.000000,0.000000,0.000000,0.233529,0.222383,0.011146,24,0.0,i1376/CLK,rise
i1376/SI,0.011146,0.015369,0.222383,0.222128,i127/CLK,0.000000,0.000000,0.000000,0.237497,0.222128,0.015369,24,0.0,i1376/CLK,fall
i1377/D,-0.014195,-0.009902,0.240647,0.243581,i127/CLK,0.000000,0.000000,0.000000,0.226452,0.240647,-0.014195,26,0.0,i1377/CLK,rise
i1377/D,-0.014195,-0.009902,0.240647,0.243581,i127/CLK,0.000000,0.000000,0.000000,0.233679,0.243581,-0.009902,26,0.0,i1377/CLK,fall
i1377/SE,0.161998,0.157444,0.059587,0.056518,i43/i135/CLK,0.000000,0.000000,0.000000,0.221585,0.059587,0.161998,2,0.0,i1377/CLK,rise
i1377/SE,0.161998,0.157444,0.059587,0.056518,i43/i135/CLK,0.000000,0.000000,0.000000,0.213962,0.056518,0.157444,2,0.0,i1377/CLK,fall
i1377/SI,-0.000422,0.010040,0.232425,0.227261,i127/CLK,0.000000,0.000000,0.000000,0.232004,0.232425,-0.000422,24,0.0,i1377/CLK,rise
i1377/SI,-0.000422,0.010040,0.232425,0.227261,i127/CLK,0.000000,0.000000,0.000000,0.237301,0.227261,0.010040,24,0.0,i1377/CLK,fall
i1378/D,-0.006861,0.000341,0.233728,0.234146,i127/CLK,0.000000,0.000000,0.000000,0.226867,0.233728,-0.006861,22,0.0,i1378/CLK,rise
i1378/D,-0.006861,0.000341,0.233728,0.234146,i127/CLK,0.000000,0.000000,0.000000,0.234487,0.234146,0.000341,22,0.0,i1378/CLK,fall
i1378/SE,0.165460,0.160989,0.056616,0.053564,i43/i136/CLK,0.000000,0.000000,0.000000,0.222076,0.056616,0.165460,2,0.0,i1378/CLK,rise
i1378/SE,0.165460,0.160989,0.056616,0.053564,i43/i136/CLK,0.000000,0.000000,0.000000,0.214552,0.053564,0.160989,2,0.0,i1378/CLK,fall
i1378/SI,0.006526,0.012870,0.227044,0.224649,i127/CLK,0.000000,0.000000,0.000000,0.233571,0.227044,0.006526,20,0.0,i1378/CLK,rise
i1378/SI,0.006526,0.012870,0.227044,0.224649,i127/CLK,0.000000,0.000000,0.000000,0.237519,0.224649,0.012870,20,0.0,i1378/CLK,fall
i1379/D,0.007537,0.002513,0.219408,0.232174,i125/CLK,0.000000,0.000000,0.000000,0.226945,0.219408,0.007537,28,0.0,i1379/CLK,rise
i1379/D,0.007537,0.002513,0.219408,0.232174,i125/CLK,0.000000,0.000000,0.000000,0.234687,0.232174,0.002513,26,0.0,i1379/CLK,fall
i1379/SE,0.165696,0.161214,0.056388,0.053365,i43/i137/CLK,0.000000,0.000000,0.000000,0.222083,0.056388,0.165696,2,0.0,i1379/CLK,rise
i1379/SE,0.165696,0.161214,0.056388,0.053365,i43/i137/CLK,0.000000,0.000000,0.000000,0.214579,0.053365,0.161214,2,0.0,i1379/CLK,fall
i1379/SI,0.010303,0.026822,0.225187,0.210826,i125/CLK,0.000000,0.000000,0.000000,0.235490,0.225187,0.010303,24,0.0,i1379/CLK,rise
i1379/SI,0.010303,0.026822,0.225187,0.210826,i125/CLK,0.000000,0.000000,0.000000,0.237648,0.210826,0.026822,26,0.0,i1379/CLK,fall
i138/D,0.143049,0.142972,0.083687,0.085227,i43/i65/CLK,0.000000,0.000000,0.000000,0.226736,0.083687,0.143049,4,0.0,i138/CLK,rise
i138/D,0.143049,0.142972,0.083687,0.085227,i43/i65/CLK,0.000000,0.000000,0.000000,0.228199,0.085227,0.142972,4,0.0,i138/CLK,fall
i138/SE,-0.129227,-0.193023,0.346774,0.332227,i1550/CLK,0.000000,0.000000,0.000000,0.217548,0.346774,-0.129227,4,0.0,i138/CLK,rise
i138/SE,-0.129227,-0.193023,0.346774,0.332227,i1550/CLK,0.000000,0.000000,0.000000,0.139203,0.332227,-0.193023,4,0.0,i138/CLK,fall
i138/SI,-0.085261,-0.082590,0.316629,0.314883,i192/CLK,0.000000,0.000000,0.000000,0.231368,0.316629,-0.085261,32,0.0,i138/CLK,rise
i138/SI,-0.085261,-0.082590,0.316629,0.314883,i192/CLK,0.000000,0.000000,0.000000,0.232293,0.314883,-0.082590,34,0.0,i138/CLK,fall
i1380/D,-0.003729,-0.008148,0.230541,0.242628,i90/CLK,0.000000,0.000000,0.000000,0.226813,0.230541,-0.003729,28,0.0,i1380/CLK,rise
i1380/D,-0.003729,-0.008148,0.230541,0.242628,i90/CLK,0.000000,0.000000,0.000000,0.234481,0.242628,-0.008148,26,0.0,i1380/CLK,fall
i1380/SE,0.164282,0.160268,0.057632,0.054175,i43/i138/CLK,0.000000,0.000000,0.000000,0.221914,0.057632,0.164282,2,0.0,i1380/CLK,rise
i1380/SE,0.164282,0.160268,0.057632,0.054175,i43/i138/CLK,0.000000,0.000000,0.000000,0.214444,0.054175,0.160268,2,0.0,i1380/CLK,fall
i1380/SI,-0.000199,0.016645,0.234809,0.220889,i90/CLK,0.000000,0.000000,0.000000,0.234610,0.234809,-0.000199,24,0.0,i1380/CLK,rise
i1380/SI,-0.000199,0.016645,0.234809,0.220889,i90/CLK,0.000000,0.000000,0.000000,0.237534,0.220889,0.016645,26,0.0,i1380/CLK,fall
i1381/D,-0.003878,-0.005330,0.230914,0.240124,i88/CLK,0.000000,0.000000,0.000000,0.227036,0.230914,-0.003878,30,0.0,i1381/CLK,rise
i1381/D,-0.003878,-0.005330,0.230914,0.240124,i88/CLK,0.000000,0.000000,0.000000,0.234795,0.240124,-0.005330,30,0.0,i1381/CLK,fall
i1381/SE,0.144682,0.139913,0.075906,0.072439,i43/i139/CLK,0.000000,0.000000,0.000000,0.220588,0.075906,0.144682,2,0.0,i1381/CLK,rise
i1381/SE,0.144682,0.139913,0.075906,0.072439,i43/i139/CLK,0.000000,0.000000,0.000000,0.212352,0.072439,0.139913,2,0.0,i1381/CLK,fall
i1381/SI,0.002130,0.014861,0.233582,0.222919,i88/CLK,0.000000,0.000000,0.000000,0.235712,0.233582,0.002130,28,0.0,i1381/CLK,rise
i1381/SI,0.002130,0.014861,0.233582,0.222919,i88/CLK,0.000000,0.000000,0.000000,0.237780,0.222919,0.014861,28,0.0,i1381/CLK,fall
i1382/D,0.002249,0.008660,0.224437,0.225669,i90/CLK,0.000000,0.000000,0.000000,0.226686,0.224437,0.002249,26,0.0,i1382/CLK,rise
i1382/D,0.002249,0.008660,0.224437,0.225669,i90/CLK,0.000000,0.000000,0.000000,0.234329,0.225669,0.008660,26,0.0,i1382/CLK,fall
i1382/SE,0.151981,0.148214,0.068704,0.064458,i43/i140/CLK,0.000000,0.000000,0.000000,0.220685,0.068704,0.151981,2,0.0,i1382/CLK,rise
i1382/SE,0.151981,0.148214,0.068704,0.064458,i43/i140/CLK,0.000000,0.000000,0.000000,0.212672,0.064458,0.148214,2,0.0,i1382/CLK,fall
i1382/SI,0.015980,0.023514,0.217589,0.213992,i90/CLK,0.000000,0.000000,0.000000,0.233569,0.217589,0.015980,24,0.0,i1382/CLK,rise
i1382/SI,0.015980,0.023514,0.217589,0.213992,i90/CLK,0.000000,0.000000,0.000000,0.237505,0.213992,0.023514,24,0.0,i1382/CLK,fall
i1383/D,-0.010675,-0.005195,0.237094,0.239040,i90/CLK,0.000000,0.000000,0.000000,0.226420,0.237094,-0.010675,28,0.0,i1383/CLK,rise
i1383/D,-0.010675,-0.005195,0.237094,0.239040,i90/CLK,0.000000,0.000000,0.000000,0.233845,0.239040,-0.005195,28,0.0,i1383/CLK,fall
i1383/SE,0.157512,0.153219,0.063451,0.060016,i43/i141/CLK,0.000000,0.000000,0.000000,0.220963,0.063451,0.157512,2,0.0,i1383/CLK,rise
i1383/SE,0.157512,0.153219,0.063451,0.060016,i43/i141/CLK,0.000000,0.000000,0.000000,0.213235,0.060016,0.153219,2,0.0,i1383/CLK,fall
i1383/SI,0.007140,0.013803,0.227586,0.223731,i90/CLK,0.000000,0.000000,0.000000,0.234726,0.227586,0.007140,26,0.0,i1383/CLK,rise
i1383/SI,0.007140,0.013803,0.227586,0.223731,i90/CLK,0.000000,0.000000,0.000000,0.237535,0.223731,0.013803,26,0.0,i1383/CLK,fall
i1384/D,0.000436,0.010216,0.226311,0.224239,i88/CLK,0.000000,0.000000,0.000000,0.226747,0.226311,0.000436,26,0.0,i1384/CLK,rise
i1384/D,0.000436,0.010216,0.226311,0.224239,i88/CLK,0.000000,0.000000,0.000000,0.234455,0.224239,0.010216,28,0.0,i1384/CLK,fall
i1384/SE,0.131641,0.126862,0.088368,0.083227,i43/i142/CLK,0.000000,0.000000,0.000000,0.220010,0.088368,0.131641,2,0.0,i1384/CLK,rise
i1384/SE,0.131641,0.126862,0.088368,0.083227,i43/i142/CLK,0.000000,0.000000,0.000000,0.210089,0.083227,0.126862,2,0.0,i1384/CLK,fall
i1384/SI,0.018173,0.021463,0.216237,0.216055,i90/CLK,0.000000,0.000000,0.000000,0.234410,0.216237,0.018173,26,0.0,i1384/CLK,rise
i1384/SI,0.018173,0.021463,0.216237,0.216055,i90/CLK,0.000000,0.000000,0.000000,0.237517,0.216055,0.021463,24,0.0,i1384/CLK,fall
i1385/D,-0.004719,0.003302,0.231467,0.230998,i90/CLK,0.000000,0.000000,0.000000,0.226748,0.231467,-0.004719,26,0.0,i1385/CLK,rise
i1385/D,-0.004719,0.003302,0.231467,0.230998,i90/CLK,0.000000,0.000000,0.000000,0.234300,0.230998,0.003302,26,0.0,i1385/CLK,fall
i1385/SE,0.152387,0.148091,0.068348,0.064658,i43/i143/CLK,0.000000,0.000000,0.000000,0.220735,0.068348,0.152387,2,0.0,i1385/CLK,rise
i1385/SE,0.152387,0.148091,0.068348,0.064658,i43/i143/CLK,0.000000,0.000000,0.000000,0.212749,0.064658,0.148091,2,0.0,i1385/CLK,fall
i1385/SI,0.009986,0.015953,0.223089,0.221560,i90/CLK,0.000000,0.000000,0.000000,0.233075,0.223089,0.009986,24,0.0,i1385/CLK,rise
i1385/SI,0.009986,0.015953,0.223089,0.221560,i90/CLK,0.000000,0.000000,0.000000,0.237513,0.221560,0.015953,24,0.0,i1385/CLK,fall
i1386/D,0.008583,0.001951,0.218055,0.232293,i90/CLK,0.000000,0.000000,0.000000,0.226638,0.218055,0.008583,28,0.0,i1386/CLK,rise
i1386/D,0.008583,0.001951,0.218055,0.232293,i90/CLK,0.000000,0.000000,0.000000,0.234244,0.232293,0.001951,24,0.0,i1386/CLK,fall
i1386/SE,0.143076,0.138214,0.077458,0.073918,i43/i144/CLK,0.000000,0.000000,0.000000,0.220534,0.077458,0.143076,2,0.0,i1386/CLK,rise
i1386/SE,0.143076,0.138214,0.077458,0.073918,i43/i144/CLK,0.000000,0.000000,0.000000,0.212132,0.073918,0.138214,2,0.0,i1386/CLK,fall
i1386/SI,0.011943,0.030560,0.222836,0.206983,i90/CLK,0.000000,0.000000,0.000000,0.234779,0.222836,0.011943,22,0.0,i1386/CLK,rise
i1386/SI,0.011943,0.030560,0.222836,0.206983,i90/CLK,0.000000,0.000000,0.000000,0.237542,0.206983,0.030560,26,0.0,i1386/CLK,fall
i1387/D,0.012525,0.005318,0.214559,0.229553,i90/CLK,0.000000,0.000000,0.000000,0.227084,0.214559,0.012525,28,0.0,i1387/CLK,rise
i1387/D,0.012525,0.005318,0.214559,0.229553,i90/CLK,0.000000,0.000000,0.000000,0.234871,0.229553,0.005318,24,0.0,i1387/CLK,fall
i1387/SE,0.152232,0.147626,0.068498,0.065074,i43/i145/CLK,0.000000,0.000000,0.000000,0.220730,0.068498,0.152232,2,0.0,i1387/CLK,rise
i1387/SE,0.152232,0.147626,0.068498,0.065074,i43/i145/CLK,0.000000,0.000000,0.000000,0.212700,0.065074,0.147626,2,0.0,i1387/CLK,fall
i1387/SI,0.012636,0.030891,0.223401,0.207159,i88/CLK,0.000000,0.000000,0.000000,0.236036,0.223401,0.012636,22,0.0,i1387/CLK,rise
i1387/SI,0.012636,0.030891,0.223401,0.207159,i88/CLK,0.000000,0.000000,0.000000,0.238050,0.207159,0.030891,26,0.0,i1387/CLK,fall
i1388/D,0.004709,0.012966,0.222094,0.221535,i168/CLK,0.000000,0.000000,0.000000,0.226803,0.222094,0.004709,24,0.0,i1388/CLK,rise
i1388/D,0.004709,0.012966,0.222094,0.221535,i168/CLK,0.000000,0.000000,0.000000,0.234502,0.221535,0.012966,24,0.0,i1388/CLK,fall
i1388/SE,0.151345,0.148299,0.069316,0.064345,i43/i82/CLK,0.000000,0.000000,0.000000,0.220661,0.069316,0.151345,2,0.0,i1388/CLK,rise
i1388/SE,0.151345,0.148299,0.069316,0.064345,i43/i82/CLK,0.000000,0.000000,0.000000,0.212644,0.064345,0.148299,2,0.0,i1388/CLK,fall
i1388/SI,0.020572,0.025057,0.213971,0.212469,i168/CLK,0.000000,0.000000,0.000000,0.234543,0.213971,0.020572,22,0.0,i1388/CLK,rise
i1388/SI,0.020572,0.025057,0.213971,0.212469,i168/CLK,0.000000,0.000000,0.000000,0.237525,0.212469,0.025057,22,0.0,i1388/CLK,fall
i1389/D,-0.000237,0.014038,0.226971,0.220259,i168/CLK,0.000000,0.000000,0.000000,0.226733,0.226971,-0.000237,20,0.0,i1389/CLK,rise
i1389/D,-0.000237,0.014038,0.226971,0.220259,i168/CLK,0.000000,0.000000,0.000000,0.234298,0.220259,0.014038,24,0.0,i1389/CLK,fall
i1389/SE,0.150532,0.146972,0.070123,0.065641,i43/i83/CLK,0.000000,0.000000,0.000000,0.220655,0.070123,0.150532,2,0.0,i1389/CLK,rise
i1389/SE,0.150532,0.146972,0.070123,0.065641,i43/i83/CLK,0.000000,0.000000,0.000000,0.212613,0.065641,0.146972,2,0.0,i1389/CLK,fall
i1389/SI,0.019297,0.020238,0.212779,0.216887,i168/CLK,0.000000,0.000000,0.000000,0.232077,0.212779,0.019297,22,0.0,i1389/CLK,rise
i1389/SI,0.019297,0.020238,0.212779,0.216887,i168/CLK,0.000000,0.000000,0.000000,0.237125,0.216887,0.020238,18,0.0,i1389/CLK,fall
i139/D,0.131171,0.132471,0.096050,0.097256,i43/i90/CLK,0.000000,0.000000,0.000000,0.227221,0.096050,0.131171,4,0.0,i139/CLK,rise
i139/D,0.131171,0.132471,0.096050,0.097256,i43/i90/CLK,0.000000,0.000000,0.000000,0.229727,0.097256,0.132471,4,0.0,i139/CLK,fall
i139/SE,-0.134131,-0.198939,0.351529,0.336888,i1550/CLK,0.000000,0.000000,0.000000,0.217397,0.351529,-0.134131,4,0.0,i139/CLK,rise
i139/SE,-0.134131,-0.198939,0.351529,0.336888,i1550/CLK,0.000000,0.000000,0.000000,0.137949,0.336888,-0.198939,4,0.0,i139/CLK,fall
i139/SI,-0.082692,-0.080474,0.315925,0.311372,i80/CLK,0.000000,0.000000,0.000000,0.233233,0.315925,-0.082692,36,0.0,i139/CLK,rise
i139/SI,-0.082692,-0.080474,0.315925,0.311372,i80/CLK,0.000000,0.000000,0.000000,0.230898,0.311372,-0.080474,34,0.0,i139/CLK,fall
i1390/D,-0.025039,-0.014144,0.254337,0.247591,i168/CLK,0.000000,0.000000,0.000000,0.229298,0.254337,-0.025039,24,0.0,i1390/CLK,rise
i1390/D,-0.025039,-0.014144,0.254337,0.247591,i168/CLK,0.000000,0.000000,0.000000,0.233447,0.247591,-0.014144,24,0.0,i1390/CLK,fall
i1390/SE,0.137180,0.134014,0.083086,0.077464,i43/i84/CLK,0.000000,0.000000,0.000000,0.220266,0.083086,0.137180,2,0.0,i1390/CLK,rise
i1390/SE,0.137180,0.134014,0.083086,0.077464,i43/i84/CLK,0.000000,0.000000,0.000000,0.211478,0.077464,0.134014,2,0.0,i1390/CLK,fall
i1390/SI,0.015674,0.015160,0.218241,0.222358,i168/CLK,0.000000,0.000000,0.000000,0.233914,0.218241,0.015674,22,0.0,i1390/CLK,rise
i1390/SI,0.015674,0.015160,0.218241,0.222358,i168/CLK,0.000000,0.000000,0.000000,0.237518,0.222358,0.015160,22,0.0,i1390/CLK,fall
i1391/D,0.001898,0.009734,0.224652,0.224480,i168/CLK,0.000000,0.000000,0.000000,0.226550,0.224652,0.001898,22,0.0,i1391/CLK,rise
i1391/D,0.001898,0.009734,0.224652,0.224480,i168/CLK,0.000000,0.000000,0.000000,0.234215,0.224480,0.009734,26,0.0,i1391/CLK,fall
i1391/SE,0.152409,0.148789,0.068338,0.064036,i43/i85/CLK,0.000000,0.000000,0.000000,0.220747,0.068338,0.152409,2,0.0,i1391/CLK,rise
i1391/SE,0.152409,0.148789,0.068338,0.064036,i43/i85/CLK,0.000000,0.000000,0.000000,0.212825,0.064036,0.148789,2,0.0,i1391/CLK,fall
i1391/SI,0.021420,0.024752,0.214438,0.213111,i168/CLK,0.000000,0.000000,0.000000,0.235858,0.214438,0.021420,24,0.0,i1391/CLK,rise
i1391/SI,0.021420,0.024752,0.214438,0.213111,i168/CLK,0.000000,0.000000,0.000000,0.237863,0.213111,0.024752,20,0.0,i1391/CLK,fall
i1392/D,-0.026027,-0.006187,0.255157,0.239616,i168/CLK,0.000000,0.000000,0.000000,0.229130,0.255157,-0.026027,26,0.0,i1392/CLK,rise
i1392/D,-0.026027,-0.006187,0.255157,0.239616,i168/CLK,0.000000,0.000000,0.000000,0.233429,0.239616,-0.006187,22,0.0,i1392/CLK,fall
i1392/SE,0.149385,0.145788,0.071228,0.066669,i43/i86/CLK,0.000000,0.000000,0.000000,0.220613,0.071228,0.149385,2,0.0,i1392/CLK,rise
i1392/SE,0.149385,0.145788,0.071228,0.066669,i43/i86/CLK,0.000000,0.000000,0.000000,0.212457,0.066669,0.145788,2,0.0,i1392/CLK,fall
i1392/SI,0.022854,0.012799,0.212805,0.224900,i168/CLK,0.000000,0.000000,0.000000,0.235659,0.212805,0.022854,20,0.0,i1392/CLK,rise
i1392/SI,0.022854,0.012799,0.212805,0.224900,i168/CLK,0.000000,0.000000,0.000000,0.237699,0.224900,0.012799,24,0.0,i1392/CLK,fall
i1393/D,-0.005478,-0.003825,0.232526,0.237484,i168/CLK,0.000000,0.000000,0.000000,0.227048,0.232526,-0.005478,22,0.0,i1393/CLK,rise
i1393/D,-0.005478,-0.003825,0.232526,0.237484,i168/CLK,0.000000,0.000000,0.000000,0.233660,0.237484,-0.003825,24,0.0,i1393/CLK,fall
i1393/SE,0.150497,0.146497,0.070161,0.066052,i43/i87/CLK,0.000000,0.000000,0.000000,0.220658,0.070161,0.150497,2,0.0,i1393/CLK,rise
i1393/SE,0.150497,0.146497,0.070161,0.066052,i43/i87/CLK,0.000000,0.000000,0.000000,0.212550,0.066052,0.146497,2,0.0,i1393/CLK,fall
i1393/SI,0.010205,0.019989,0.223859,0.217550,i168/CLK,0.000000,0.000000,0.000000,0.234064,0.223859,0.010205,22,0.0,i1393/CLK,rise
i1393/SI,0.010205,0.019989,0.223859,0.217550,i168/CLK,0.000000,0.000000,0.000000,0.237539,0.217550,0.019989,20,0.0,i1393/CLK,fall
i1394/D,-0.000691,0.005430,0.227559,0.229043,i168/CLK,0.000000,0.000000,0.000000,0.226868,0.227559,-0.000691,24,0.0,i1394/CLK,rise
i1394/D,-0.000691,0.005430,0.227559,0.229043,i168/CLK,0.000000,0.000000,0.000000,0.234473,0.229043,0.005430,24,0.0,i1394/CLK,fall
i1394/SE,0.145658,0.141833,0.074757,0.069823,i43/i88/CLK,0.000000,0.000000,0.000000,0.220415,0.074757,0.145658,2,0.0,i1394/CLK,rise
i1394/SE,0.145658,0.141833,0.074757,0.069823,i43/i88/CLK,0.000000,0.000000,0.000000,0.211657,0.069823,0.141833,2,0.0,i1394/CLK,fall
i1394/SI,0.011720,0.019235,0.221726,0.218283,i168/CLK,0.000000,0.000000,0.000000,0.233446,0.221726,0.011720,22,0.0,i1394/CLK,rise
i1394/SI,0.011720,0.019235,0.221726,0.218283,i168/CLK,0.000000,0.000000,0.000000,0.237518,0.218283,0.019235,22,0.0,i1394/CLK,fall
i1395/D,-0.018661,-0.011112,0.248605,0.244638,i168/CLK,0.000000,0.000000,0.000000,0.229944,0.248605,-0.018661,24,0.0,i1395/CLK,rise
i1395/D,-0.018661,-0.011112,0.248605,0.244638,i168/CLK,0.000000,0.000000,0.000000,0.233526,0.244638,-0.011112,26,0.0,i1395/CLK,fall
i1395/SE,0.143265,0.139260,0.077059,0.071965,i43/i89/CLK,0.000000,0.000000,0.000000,0.220324,0.077059,0.143265,2,0.0,i1395/CLK,rise
i1395/SE,0.143265,0.139260,0.077059,0.071965,i43/i89/CLK,0.000000,0.000000,0.000000,0.211224,0.071965,0.139260,2,0.0,i1395/CLK,fall
i1395/SI,0.009154,0.011595,0.223941,0.225920,i168/CLK,0.000000,0.000000,0.000000,0.233095,0.223941,0.009154,24,0.0,i1395/CLK,rise
i1395/SI,0.009154,0.011595,0.223941,0.225920,i168/CLK,0.000000,0.000000,0.000000,0.237515,0.225920,0.011595,22,0.0,i1395/CLK,fall
i1396/D,-0.005759,-0.001217,0.232432,0.235590,i157/CLK,0.000000,0.000000,0.000000,0.226673,0.232432,-0.005759,28,0.0,i1396/CLK,rise
i1396/D,-0.005759,-0.001217,0.232432,0.235590,i157/CLK,0.000000,0.000000,0.000000,0.234373,0.235590,-0.001217,26,0.0,i1396/CLK,fall
i1396/SE,0.143048,0.139509,0.077232,0.071590,i43/i90/CLK,0.000000,0.000000,0.000000,0.220280,0.077232,0.143048,2,0.0,i1396/CLK,rise
i1396/SE,0.143048,0.139509,0.077232,0.071590,i43/i90/CLK,0.000000,0.000000,0.000000,0.211099,0.071590,0.139509,2,0.0,i1396/CLK,fall
i1396/SI,0.009423,0.015951,0.226574,0.222081,i157/CLK,0.000000,0.000000,0.000000,0.235997,0.226574,0.009423,24,0.0,i1396/CLK,rise
i1396/SI,0.009423,0.015951,0.226574,0.222081,i157/CLK,0.000000,0.000000,0.000000,0.238032,0.222081,0.015951,26,0.0,i1396/CLK,fall
i1397/D,-0.001840,-0.002418,0.228713,0.237034,i157/CLK,0.000000,0.000000,0.000000,0.226873,0.228713,-0.001840,30,0.0,i1397/CLK,rise
i1397/D,-0.001840,-0.002418,0.228713,0.237034,i157/CLK,0.000000,0.000000,0.000000,0.234615,0.237034,-0.002418,30,0.0,i1397/CLK,fall
i1397/SE,0.140787,0.136559,0.079417,0.074100,i43/i91/CLK,0.000000,0.000000,0.000000,0.220204,0.079417,0.140787,2,0.0,i1397/CLK,rise
i1397/SE,0.140787,0.136559,0.079417,0.074100,i43/i91/CLK,0.000000,0.000000,0.000000,0.210659,0.074100,0.136559,2,0.0,i1397/CLK,fall
i1397/SI,0.006561,0.018235,0.229394,0.219710,i157/CLK,0.000000,0.000000,0.000000,0.235955,0.229394,0.006561,28,0.0,i1397/CLK,rise
i1397/SI,0.006561,0.018235,0.229394,0.219710,i157/CLK,0.000000,0.000000,0.000000,0.237945,0.219710,0.018235,28,0.0,i1397/CLK,fall
i1398/D,-0.005636,-0.005346,0.232249,0.239567,i157/CLK,0.000000,0.000000,0.000000,0.226613,0.232249,-0.005636,26,0.0,i1398/CLK,rise
i1398/D,-0.005636,-0.005346,0.232249,0.239567,i157/CLK,0.000000,0.000000,0.000000,0.234222,0.239567,-0.005346,26,0.0,i1398/CLK,fall
i1398/SE,0.153124,0.149506,0.067957,0.064125,i43/i92/CLK,0.000000,0.000000,0.000000,0.221081,0.067957,0.153124,2,0.0,i1398/CLK,rise
i1398/SE,0.153124,0.149506,0.067957,0.064125,i43/i92/CLK,0.000000,0.000000,0.000000,0.213631,0.064125,0.149506,2,0.0,i1398/CLK,fall
i1398/SI,0.002465,0.016619,0.230706,0.220879,i157/CLK,0.000000,0.000000,0.000000,0.233172,0.230706,0.002465,24,0.0,i1398/CLK,rise
i1398/SI,0.002465,0.016619,0.230706,0.220879,i157/CLK,0.000000,0.000000,0.000000,0.237497,0.220879,0.016619,24,0.0,i1398/CLK,fall
i1399/D,-0.005221,0.000398,0.231916,0.233941,i157/CLK,0.000000,0.000000,0.000000,0.226695,0.231916,-0.005221,26,0.0,i1399/CLK,rise
i1399/D,-0.005221,0.000398,0.231916,0.233941,i157/CLK,0.000000,0.000000,0.000000,0.234339,0.233941,0.000398,26,0.0,i1399/CLK,fall
i1399/SE,0.137809,0.133360,0.082257,0.076664,i43/i93/CLK,0.000000,0.000000,0.000000,0.220065,0.082257,0.137809,2,0.0,i1399/CLK,rise
i1399/SE,0.137809,0.133360,0.082257,0.076664,i43/i93/CLK,0.000000,0.000000,0.000000,0.210024,0.076664,0.133360,2,0.0,i1399/CLK,fall
i1399/SI,0.007035,0.015906,0.226160,0.221590,i157/CLK,0.000000,0.000000,0.000000,0.233196,0.226160,0.007035,24,0.0,i1399/CLK,rise
i1399/SI,0.007035,0.015906,0.226160,0.221590,i157/CLK,0.000000,0.000000,0.000000,0.237496,0.221590,0.015906,24,0.0,i1399/CLK,fall
i140/D,0.127702,0.129437,0.099705,0.100659,i43/i91/CLK,0.000000,0.000000,0.000000,0.227407,0.099705,0.127702,4,0.0,i140/CLK,rise
i140/D,0.127702,0.129437,0.099705,0.100659,i43/i91/CLK,0.000000,0.000000,0.000000,0.230097,0.100659,0.129437,4,0.0,i140/CLK,fall
i140/SE,-0.134252,-0.199085,0.351646,0.337003,i1550/CLK,0.000000,0.000000,0.000000,0.217394,0.351646,-0.134252,4,0.0,i140/CLK,rise
i140/SE,-0.134252,-0.199085,0.351646,0.337003,i1550/CLK,0.000000,0.000000,0.000000,0.137918,0.337003,-0.199085,4,0.0,i140/CLK,fall
i140/SI,-0.077069,-0.078710,0.310325,0.309296,i168/CLK,0.000000,0.000000,0.000000,0.233256,0.310325,-0.077069,34,0.0,i140/CLK,rise
i140/SI,-0.077069,-0.078710,0.310325,0.309296,i168/CLK,0.000000,0.000000,0.000000,0.230586,0.309296,-0.078710,32,0.0,i140/CLK,fall
i1400/D,-0.002936,0.003809,0.229651,0.230512,i157/CLK,0.000000,0.000000,0.000000,0.226715,0.229651,-0.002936,28,0.0,i1400/CLK,rise
i1400/D,-0.002936,0.003809,0.229651,0.230512,i157/CLK,0.000000,0.000000,0.000000,0.234322,0.230512,0.003809,28,0.0,i1400/CLK,fall
i1400/SE,0.148684,0.145076,0.071893,0.067263,i43/i94/CLK,0.000000,0.000000,0.000000,0.220577,0.071893,0.148684,2,0.0,i1400/CLK,rise
i1400/SE,0.148684,0.145076,0.071893,0.067263,i43/i94/CLK,0.000000,0.000000,0.000000,0.212339,0.067263,0.145076,2,0.0,i1400/CLK,fall
i1400/SI,0.008818,0.017270,0.223239,0.219518,i157/CLK,0.000000,0.000000,0.000000,0.232057,0.223239,0.008818,26,0.0,i1400/CLK,rise
i1400/SI,0.008818,0.017270,0.223239,0.219518,i157/CLK,0.000000,0.000000,0.000000,0.236788,0.219518,0.017270,26,0.0,i1400/CLK,fall
i1401/D,-0.012393,-0.003047,0.238982,0.237189,i157/CLK,0.000000,0.000000,0.000000,0.226589,0.238982,-0.012393,30,0.0,i1401/CLK,rise
i1401/D,-0.012393,-0.003047,0.238982,0.237189,i157/CLK,0.000000,0.000000,0.000000,0.234142,0.237189,-0.003047,30,0.0,i1401/CLK,fall
i1401/SE,0.163271,0.158946,0.058473,0.055254,i43/i95/CLK,0.000000,0.000000,0.000000,0.221744,0.058473,0.163271,2,0.0,i1401/CLK,rise
i1401/SE,0.163271,0.158946,0.058473,0.055254,i43/i95/CLK,0.000000,0.000000,0.000000,0.214200,0.055254,0.158946,2,0.0,i1401/CLK,fall
i1401/SI,0.006262,0.011214,0.226072,0.226284,i157/CLK,0.000000,0.000000,0.000000,0.232334,0.226072,0.006262,28,0.0,i1401/CLK,rise
i1401/SI,0.006262,0.011214,0.226072,0.226284,i157/CLK,0.000000,0.000000,0.000000,0.237498,0.226284,0.011214,28,0.0,i1401/CLK,fall
i1402/D,0.001386,-0.002852,0.225352,0.237151,i157/CLK,0.000000,0.000000,0.000000,0.226739,0.225352,0.001386,28,0.0,i1402/CLK,rise
i1402/D,0.001386,-0.002852,0.225352,0.237151,i157/CLK,0.000000,0.000000,0.000000,0.234298,0.237151,-0.002852,22,0.0,i1402/CLK,fall
i1402/SE,0.156466,0.152887,0.064496,0.060442,i43/i96/CLK,0.000000,0.000000,0.000000,0.220962,0.064496,0.156466,2,0.0,i1402/CLK,rise
i1402/SE,0.156466,0.152887,0.064496,0.060442,i43/i96/CLK,0.000000,0.000000,0.000000,0.213329,0.060442,0.152887,2,0.0,i1402/CLK,fall
i1402/SI,0.002819,0.022109,0.229575,0.215384,i155/CLK,0.000000,0.000000,0.000000,0.232394,0.229575,0.002819,20,0.0,i1402/CLK,rise
i1402/SI,0.002819,0.022109,0.229575,0.215384,i155/CLK,0.000000,0.000000,0.000000,0.237493,0.215384,0.022109,26,0.0,i1402/CLK,fall
i1403/D,-0.011438,-0.004085,0.239049,0.237739,i157/CLK,0.000000,0.000000,0.000000,0.227611,0.239049,-0.011438,28,0.0,i1403/CLK,rise
i1403/D,-0.011438,-0.004085,0.239049,0.237739,i157/CLK,0.000000,0.000000,0.000000,0.233653,0.237739,-0.004085,26,0.0,i1403/CLK,fall
i1403/SE,0.148860,0.145233,0.071734,0.067145,i43/i97/CLK,0.000000,0.000000,0.000000,0.220595,0.071734,0.148860,2,0.0,i1403/CLK,rise
i1403/SE,0.148860,0.145233,0.071734,0.067145,i43/i97/CLK,0.000000,0.000000,0.000000,0.212378,0.067145,0.145233,2,0.0,i1403/CLK,fall
i1403/SI,0.011926,0.014738,0.223571,0.222889,i157/CLK,0.000000,0.000000,0.000000,0.235498,0.223571,0.011926,24,0.0,i1403/CLK,rise
i1403/SI,0.011926,0.014738,0.223571,0.222889,i157/CLK,0.000000,0.000000,0.000000,0.237627,0.222889,0.014738,26,0.0,i1403/CLK,fall
i1404/D,-0.000130,0.007949,0.226988,0.226614,i118/CLK,0.000000,0.000000,0.000000,0.226858,0.226988,-0.000130,28,0.0,i1404/CLK,rise
i1404/D,-0.000130,0.007949,0.226988,0.226614,i118/CLK,0.000000,0.000000,0.000000,0.234563,0.226614,0.007949,26,0.0,i1404/CLK,fall
i1404/SE,0.155759,0.152726,0.065077,0.060432,i43/i98/CLK,0.000000,0.000000,0.000000,0.220836,0.065077,0.155759,2,0.0,i1404/CLK,rise
i1404/SE,0.155759,0.152726,0.065077,0.060432,i43/i98/CLK,0.000000,0.000000,0.000000,0.213158,0.060432,0.152726,2,0.0,i1404/CLK,fall
i1404/SI,0.017013,0.020023,0.218777,0.217844,i118/CLK,0.000000,0.000000,0.000000,0.235790,0.218777,0.017013,24,0.0,i1404/CLK,rise
i1404/SI,0.017013,0.020023,0.218777,0.217844,i118/CLK,0.000000,0.000000,0.000000,0.237867,0.217844,0.020023,26,0.0,i1404/CLK,fall
i1405/D,0.001435,-0.001903,0.225541,0.236643,i118/CLK,0.000000,0.000000,0.000000,0.226976,0.225541,0.001435,30,0.0,i1405/CLK,rise
i1405/D,0.001435,-0.001903,0.225541,0.236643,i118/CLK,0.000000,0.000000,0.000000,0.234740,0.236643,-0.001903,30,0.0,i1405/CLK,fall
i1405/SE,0.140140,0.135895,0.080032,0.074635,i43/i99/CLK,0.000000,0.000000,0.000000,0.220172,0.080032,0.140140,2,0.0,i1405/CLK,rise
i1405/SE,0.140140,0.135895,0.080032,0.074635,i43/i99/CLK,0.000000,0.000000,0.000000,0.210530,0.074635,0.135895,2,0.0,i1405/CLK,fall
i1405/SI,0.006504,0.020899,0.229566,0.217197,i118/CLK,0.000000,0.000000,0.000000,0.236070,0.229566,0.006504,28,0.0,i1405/CLK,rise
i1405/SI,0.006504,0.020899,0.229566,0.217197,i118/CLK,0.000000,0.000000,0.000000,0.238095,0.217197,0.020899,28,0.0,i1405/CLK,fall
i1406/D,-0.001328,0.004501,0.228220,0.230065,i118/CLK,0.000000,0.000000,0.000000,0.226891,0.228220,-0.001328,30,0.0,i1406/CLK,rise
i1406/D,-0.001328,0.004501,0.228220,0.230065,i118/CLK,0.000000,0.000000,0.000000,0.234567,0.230065,0.004501,30,0.0,i1406/CLK,fall
i1406/SE,0.157661,0.153662,0.064016,0.060644,i43/i100/CLK,0.000000,0.000000,0.000000,0.221677,0.064016,0.157661,2,0.0,i1406/CLK,rise
i1406/SE,0.157661,0.153662,0.064016,0.060644,i43/i100/CLK,0.000000,0.000000,0.000000,0.214305,0.060644,0.153662,2,0.0,i1406/CLK,fall
i1406/SI,0.010327,0.018213,0.223343,0.219299,i118/CLK,0.000000,0.000000,0.000000,0.233670,0.223343,0.010327,28,0.0,i1406/CLK,rise
i1406/SI,0.010327,0.018213,0.223343,0.219299,i118/CLK,0.000000,0.000000,0.000000,0.237512,0.219299,0.018213,28,0.0,i1406/CLK,fall
i1407/D,-0.002435,-0.004963,0.228798,0.238754,i120/CLK,0.000000,0.000000,0.000000,0.226363,0.228798,-0.002435,26,0.0,i1407/CLK,rise
i1407/D,-0.002435,-0.004963,0.228798,0.238754,i120/CLK,0.000000,0.000000,0.000000,0.233791,0.238754,-0.004963,26,0.0,i1407/CLK,fall
i1407/SE,0.138286,0.133891,0.081791,0.076202,i43/i101/CLK,0.000000,0.000000,0.000000,0.220077,0.081791,0.138286,2,0.0,i1407/CLK,rise
i1407/SE,0.138286,0.133891,0.081791,0.076202,i43/i101/CLK,0.000000,0.000000,0.000000,0.210093,0.076202,0.133891,2,0.0,i1407/CLK,fall
i1407/SI,0.005756,0.022282,0.227326,0.215224,i118/CLK,0.000000,0.000000,0.000000,0.233082,0.227326,0.005756,24,0.0,i1407/CLK,rise
i1407/SI,0.005756,0.022282,0.227326,0.215224,i118/CLK,0.000000,0.000000,0.000000,0.237506,0.215224,0.022282,24,0.0,i1407/CLK,fall
i1408/D,-0.001458,0.003385,0.228005,0.230344,i118/CLK,0.000000,0.000000,0.000000,0.226547,0.228005,-0.001458,26,0.0,i1408/CLK,rise
i1408/D,-0.001458,0.003385,0.228005,0.230344,i118/CLK,0.000000,0.000000,0.000000,0.233729,0.230344,0.003385,28,0.0,i1408/CLK,fall
i1408/SE,0.164218,0.160226,0.057642,0.054175,i43/i102/CLK,0.000000,0.000000,0.000000,0.221860,0.057642,0.164218,2,0.0,i1408/CLK,rise
i1408/SE,0.164218,0.160226,0.057642,0.054175,i43/i102/CLK,0.000000,0.000000,0.000000,0.214401,0.054175,0.160226,2,0.0,i1408/CLK,fall
i1408/SI,0.014642,0.023214,0.218840,0.214295,i120/CLK,0.000000,0.000000,0.000000,0.233482,0.218840,0.014642,26,0.0,i1408/CLK,rise
i1408/SI,0.014642,0.023214,0.218840,0.214295,i120/CLK,0.000000,0.000000,0.000000,0.237509,0.214295,0.023214,24,0.0,i1408/CLK,fall
i1409/D,-0.007860,-0.000626,0.234556,0.234868,i118/CLK,0.000000,0.000000,0.000000,0.226696,0.234556,-0.007860,30,0.0,i1409/CLK,rise
i1409/D,-0.007860,-0.000626,0.234556,0.234868,i118/CLK,0.000000,0.000000,0.000000,0.234242,0.234868,-0.000626,30,0.0,i1409/CLK,fall
i1409/SE,0.163038,0.158768,0.058644,0.055367,i43/i103/CLK,0.000000,0.000000,0.000000,0.221682,0.058644,0.163038,2,0.0,i1409/CLK,rise
i1409/SE,0.163038,0.158768,0.058644,0.055367,i43/i103/CLK,0.000000,0.000000,0.000000,0.214135,0.055367,0.158768,2,0.0,i1409/CLK,fall
i1409/SI,0.006952,0.013353,0.226350,0.224165,i118/CLK,0.000000,0.000000,0.000000,0.233302,0.226350,0.006952,28,0.0,i1409/CLK,rise
i1409/SI,0.006952,0.013353,0.226350,0.224165,i118/CLK,0.000000,0.000000,0.000000,0.237518,0.224165,0.013353,28,0.0,i1409/CLK,fall
i141/D,0.140907,0.140016,0.085455,0.087541,i43/i92/CLK,0.000000,0.000000,0.000000,0.226362,0.085455,0.140907,4,0.0,i141/CLK,rise
i141/D,0.140907,0.140016,0.085455,0.087541,i43/i92/CLK,0.000000,0.000000,0.000000,0.227558,0.087541,0.140016,4,0.0,i141/CLK,fall
i141/SE,-0.134579,-0.199480,0.351963,0.337314,i1550/CLK,0.000000,0.000000,0.000000,0.217383,0.351963,-0.134579,4,0.0,i141/CLK,rise
i141/SE,-0.134579,-0.199480,0.351963,0.337314,i1550/CLK,0.000000,0.000000,0.000000,0.137834,0.337314,-0.199480,4,0.0,i141/CLK,fall
i141/SI,-0.070300,-0.076341,0.303559,0.306195,i168/CLK,0.000000,0.000000,0.000000,0.233259,0.303559,-0.070300,32,0.0,i141/CLK,rise
i141/SI,-0.070300,-0.076341,0.303559,0.306195,i168/CLK,0.000000,0.000000,0.000000,0.229854,0.306195,-0.076341,32,0.0,i141/CLK,fall
i1410/D,-0.000893,-0.011680,0.231299,0.245218,i118/CLK,0.000000,0.000000,0.000000,0.230407,0.231299,-0.000893,24,0.0,i1410/CLK,rise
i1410/D,-0.000893,-0.011680,0.231299,0.245218,i118/CLK,0.000000,0.000000,0.000000,0.233538,0.245218,-0.011680,26,0.0,i1410/CLK,fall
i1410/SE,0.151925,0.148322,0.068799,0.064430,i43/i104/CLK,0.000000,0.000000,0.000000,0.220724,0.068799,0.151925,2,0.0,i1410/CLK,rise
i1410/SE,0.151925,0.148322,0.068799,0.064430,i43/i104/CLK,0.000000,0.000000,0.000000,0.212752,0.064430,0.148322,2,0.0,i1410/CLK,fall
i1410/SI,0.013596,0.031741,0.221634,0.206004,i118/CLK,0.000000,0.000000,0.000000,0.235229,0.221634,0.013596,24,0.0,i1410/CLK,rise
i1410/SI,0.013596,0.031741,0.221634,0.206004,i118/CLK,0.000000,0.000000,0.000000,0.237745,0.206004,0.031741,22,0.0,i1410/CLK,fall
i1411/D,0.002785,0.002473,0.224052,0.232055,i118/CLK,0.000000,0.000000,0.000000,0.226837,0.224052,0.002785,28,0.0,i1411/CLK,rise
i1411/D,0.002785,0.002473,0.224052,0.232055,i118/CLK,0.000000,0.000000,0.000000,0.234528,0.232055,0.002473,26,0.0,i1411/CLK,fall
i1411/SE,0.153106,0.149487,0.067667,0.063413,i43/i105/CLK,0.000000,0.000000,0.000000,0.220773,0.067667,0.153106,2,0.0,i1411/CLK,rise
i1411/SE,0.153106,0.149487,0.067667,0.063413,i43/i105/CLK,0.000000,0.000000,0.000000,0.212899,0.063413,0.149487,2,0.0,i1411/CLK,fall
i1411/SI,0.011856,0.023068,0.224000,0.214783,i118/CLK,0.000000,0.000000,0.000000,0.235855,0.224000,0.011856,24,0.0,i1411/CLK,rise
i1411/SI,0.011856,0.023068,0.224000,0.214783,i118/CLK,0.000000,0.000000,0.000000,0.237852,0.214783,0.023068,26,0.0,i1411/CLK,fall
i1412/D,-0.024323,-0.005289,0.252131,0.238163,i80/CLK,0.000000,0.000000,0.000000,0.227808,0.252131,-0.024323,28,0.0,i1412/CLK,rise
i1412/D,-0.024323,-0.005289,0.252131,0.238163,i80/CLK,0.000000,0.000000,0.000000,0.232874,0.238163,-0.005289,28,0.0,i1412/CLK,fall
i1412/SE,0.149818,0.146000,0.070776,0.066346,i43/i106/CLK,0.000000,0.000000,0.000000,0.220595,0.070776,0.149818,2,0.0,i1412/CLK,rise
i1412/SE,0.149818,0.146000,0.070776,0.066346,i43/i106/CLK,0.000000,0.000000,0.000000,0.212346,0.066346,0.146000,2,0.0,i1412/CLK,fall
i1412/SI,0.025526,0.017696,0.209694,0.219886,i80/CLK,0.000000,0.000000,0.000000,0.235220,0.209694,0.025526,26,0.0,i1412/CLK,rise
i1412/SI,0.025526,0.017696,0.209694,0.219886,i80/CLK,0.000000,0.000000,0.000000,0.237582,0.219886,0.017696,26,0.0,i1412/CLK,fall
i1413/D,0.001360,-0.002116,0.225655,0.236884,i80/CLK,0.000000,0.000000,0.000000,0.227015,0.225655,0.001360,30,0.0,i1413/CLK,rise
i1413/D,0.001360,-0.002116,0.225655,0.236884,i80/CLK,0.000000,0.000000,0.000000,0.234768,0.236884,-0.002116,30,0.0,i1413/CLK,fall
i1413/SE,0.173283,0.168016,0.049704,0.047581,i43/i107/CLK,0.000000,0.000000,0.000000,0.222987,0.049704,0.173283,2,0.0,i1413/CLK,rise
i1413/SE,0.173283,0.168016,0.049704,0.047581,i43/i107/CLK,0.000000,0.000000,0.000000,0.215597,0.047581,0.168016,2,0.0,i1413/CLK,fall
i1413/SI,0.004596,0.019946,0.230561,0.217596,i80/CLK,0.000000,0.000000,0.000000,0.235157,0.230561,0.004596,28,0.0,i1413/CLK,rise
i1413/SI,0.004596,0.019946,0.230561,0.217596,i80/CLK,0.000000,0.000000,0.000000,0.237542,0.217596,0.019946,28,0.0,i1413/CLK,fall
i1414/D,0.007189,0.010696,0.219468,0.223625,i80/CLK,0.000000,0.000000,0.000000,0.226658,0.219468,0.007189,30,0.0,i1414/CLK,rise
i1414/D,0.007189,0.010696,0.219468,0.223625,i80/CLK,0.000000,0.000000,0.000000,0.234320,0.223625,0.010696,26,0.0,i1414/CLK,fall
i1414/SE,0.169757,0.164661,0.052843,0.050479,i43/i108/CLK,0.000000,0.000000,0.000000,0.222600,0.052843,0.169757,2,0.0,i1414/CLK,rise
i1414/SE,0.169757,0.164661,0.052843,0.050479,i43/i108/CLK,0.000000,0.000000,0.000000,0.215140,0.050479,0.164661,2,0.0,i1414/CLK,fall
i1414/SI,0.018320,0.028618,0.215477,0.208887,i80/CLK,0.000000,0.000000,0.000000,0.233797,0.215477,0.018320,24,0.0,i1414/CLK,rise
i1414/SI,0.018320,0.028618,0.215477,0.208887,i80/CLK,0.000000,0.000000,0.000000,0.237505,0.208887,0.028618,28,0.0,i1414/CLK,fall
i1415/D,0.000595,0.004415,0.225845,0.229620,i82/CLK,0.000000,0.000000,0.000000,0.226440,0.225845,0.000595,28,0.0,i1415/CLK,rise
i1415/D,0.000595,0.004415,0.225845,0.229620,i82/CLK,0.000000,0.000000,0.000000,0.234036,0.229620,0.004415,28,0.0,i1415/CLK,fall
i1415/SE,0.147666,0.142784,0.072866,0.069151,i43/i109/CLK,0.000000,0.000000,0.000000,0.220532,0.072866,0.147666,2,0.0,i1415/CLK,rise
i1415/SE,0.147666,0.142784,0.072866,0.069151,i43/i109/CLK,0.000000,0.000000,0.000000,0.211934,0.069151,0.142784,2,0.0,i1415/CLK,fall
i1415/SI,0.015244,0.023973,0.219285,0.213558,i82/CLK,0.000000,0.000000,0.000000,0.234529,0.219285,0.015244,26,0.0,i1415/CLK,rise
i1415/SI,0.015244,0.023973,0.219285,0.213558,i82/CLK,0.000000,0.000000,0.000000,0.237530,0.213558,0.023973,26,0.0,i1415/CLK,fall
i1416/D,-0.006813,-0.002554,0.235730,0.236161,i80/CLK,0.000000,0.000000,0.000000,0.228917,0.235730,-0.006813,28,0.0,i1416/CLK,rise
i1416/D,-0.006813,-0.002554,0.235730,0.236161,i80/CLK,0.000000,0.000000,0.000000,0.233607,0.236161,-0.002554,28,0.0,i1416/CLK,fall
i1416/SE,0.168346,0.163429,0.053972,0.051391,i43/i110/CLK,0.000000,0.000000,0.000000,0.222318,0.053972,0.168346,2,0.0,i1416/CLK,rise
i1416/SE,0.168346,0.163429,0.053972,0.051391,i43/i110/CLK,0.000000,0.000000,0.000000,0.214820,0.051391,0.163429,2,0.0,i1416/CLK,fall
i1416/SI,0.019521,0.025486,0.215015,0.212033,i80/CLK,0.000000,0.000000,0.000000,0.234537,0.215015,0.019521,26,0.0,i1416/CLK,rise
i1416/SI,0.019521,0.025486,0.215015,0.212033,i80/CLK,0.000000,0.000000,0.000000,0.237519,0.212033,0.025486,26,0.0,i1416/CLK,fall
i1417/D,0.004177,0.012237,0.222723,0.222260,i80/CLK,0.000000,0.000000,0.000000,0.226901,0.222723,0.004177,30,0.0,i1417/CLK,rise
i1417/D,0.004177,0.012237,0.222723,0.222260,i80/CLK,0.000000,0.000000,0.000000,0.234497,0.222260,0.012237,26,0.0,i1417/CLK,fall
i1417/SE,0.166646,0.161398,0.055518,0.053178,i43/i111/CLK,0.000000,0.000000,0.000000,0.222164,0.055518,0.166646,2,0.0,i1417/CLK,rise
i1417/SE,0.166646,0.161398,0.055518,0.053178,i43/i111/CLK,0.000000,0.000000,0.000000,0.214576,0.053178,0.161398,2,0.0,i1417/CLK,fall
i1417/SI,0.018287,0.023638,0.215235,0.213887,i80/CLK,0.000000,0.000000,0.000000,0.233522,0.215235,0.018287,24,0.0,i1417/CLK,rise
i1417/SI,0.018287,0.023638,0.215235,0.213887,i80/CLK,0.000000,0.000000,0.000000,0.237525,0.213887,0.023638,28,0.0,i1417/CLK,fall
i1418/D,0.008876,0.004128,0.217746,0.230053,i80/CLK,0.000000,0.000000,0.000000,0.226622,0.217746,0.008876,26,0.0,i1418/CLK,rise
i1418/D,0.008876,0.004128,0.217746,0.230053,i80/CLK,0.000000,0.000000,0.000000,0.234182,0.230053,0.004128,26,0.0,i1418/CLK,fall
i1418/SE,0.166426,0.161505,0.055770,0.053147,i43/i112/CLK,0.000000,0.000000,0.000000,0.222196,0.055770,0.166426,2,0.0,i1418/CLK,rise
i1418/SE,0.166426,0.161505,0.055770,0.053147,i43/i112/CLK,0.000000,0.000000,0.000000,0.214652,0.053147,0.161505,2,0.0,i1418/CLK,fall
i1418/SI,0.012977,0.031129,0.220680,0.206391,i80/CLK,0.000000,0.000000,0.000000,0.233656,0.220680,0.012977,24,0.0,i1418/CLK,rise
i1418/SI,0.012977,0.031129,0.220680,0.206391,i80/CLK,0.000000,0.000000,0.000000,0.237519,0.206391,0.031129,24,0.0,i1418/CLK,fall
i1419/D,0.009974,0.009075,0.216977,0.225612,i80/CLK,0.000000,0.000000,0.000000,0.226951,0.216977,0.009974,28,0.0,i1419/CLK,rise
i1419/D,0.009974,0.009075,0.216977,0.225612,i80/CLK,0.000000,0.000000,0.000000,0.234687,0.225612,0.009075,26,0.0,i1419/CLK,fall
i1419/SE,0.158866,0.154926,0.062403,0.058714,i43/i113/CLK,0.000000,0.000000,0.000000,0.221269,0.062403,0.158866,2,0.0,i1419/CLK,rise
i1419/SE,0.158866,0.154926,0.062403,0.058714,i43/i113/CLK,0.000000,0.000000,0.000000,0.213640,0.058714,0.154926,2,0.0,i1419/CLK,fall
i1419/SI,0.016598,0.029084,0.218775,0.208532,i80/CLK,0.000000,0.000000,0.000000,0.235373,0.218775,0.016598,24,0.0,i1419/CLK,rise
i1419/SI,0.016598,0.029084,0.218775,0.208532,i80/CLK,0.000000,0.000000,0.000000,0.237616,0.208532,0.029084,26,0.0,i1419/CLK,fall
i142/D,0.125205,0.127051,0.102275,0.103283,i43/i93/CLK,0.000000,0.000000,0.000000,0.227480,0.102275,0.125205,4,0.0,i142/CLK,rise
i142/D,0.125205,0.127051,0.102275,0.103283,i43/i93/CLK,0.000000,0.000000,0.000000,0.230334,0.103283,0.127051,4,0.0,i142/CLK,fall
i142/SE,-0.134651,-0.199566,0.352032,0.337382,i1550/CLK,0.000000,0.000000,0.000000,0.217381,0.352032,-0.134651,4,0.0,i142/CLK,rise
i142/SE,-0.134651,-0.199566,0.352032,0.337382,i1550/CLK,0.000000,0.000000,0.000000,0.137816,0.337382,-0.199566,4,0.0,i142/CLK,fall
i142/SI,-0.079644,-0.083316,0.312888,0.314077,i168/CLK,0.000000,0.000000,0.000000,0.233244,0.312888,-0.079644,30,0.0,i142/CLK,rise
i142/SI,-0.079644,-0.083316,0.312888,0.314077,i168/CLK,0.000000,0.000000,0.000000,0.230761,0.314077,-0.083316,32,0.0,i142/CLK,fall
i1420/D,-0.001975,0.003749,0.228857,0.230846,i192/CLK,0.000000,0.000000,0.000000,0.226882,0.228857,-0.001975,24,0.0,i1420/CLK,rise
i1420/D,-0.001975,0.003749,0.228857,0.230846,i192/CLK,0.000000,0.000000,0.000000,0.234594,0.230846,0.003749,24,0.0,i1420/CLK,fall
i1420/SE,0.154388,0.149636,0.066963,0.064090,i43/i50/CLK,0.000000,0.000000,0.000000,0.221351,0.066963,0.154388,2,0.0,i1420/CLK,rise
i1420/SE,0.154388,0.149636,0.066963,0.064090,i43/i50/CLK,0.000000,0.000000,0.000000,0.213726,0.064090,0.149636,2,0.0,i1420/CLK,fall
i1420/SI,0.012358,0.017815,0.223423,0.219991,i192/CLK,0.000000,0.000000,0.000000,0.235782,0.223423,0.012358,22,0.0,i1420/CLK,rise
i1420/SI,0.012358,0.017815,0.223423,0.219991,i192/CLK,0.000000,0.000000,0.000000,0.237805,0.219991,0.017815,22,0.0,i1420/CLK,fall
i1421/D,0.001317,0.007178,0.225461,0.227184,i192/CLK,0.000000,0.000000,0.000000,0.226778,0.225461,0.001317,24,0.0,i1421/CLK,rise
i1421/D,0.001317,0.007178,0.225461,0.227184,i192/CLK,0.000000,0.000000,0.000000,0.234362,0.227184,0.007178,24,0.0,i1421/CLK,fall
i1421/SE,0.154123,0.150433,0.066630,0.062453,i43/i51/CLK,0.000000,0.000000,0.000000,0.220754,0.066630,0.154123,2,0.0,i1421/CLK,rise
i1421/SE,0.154123,0.150433,0.066630,0.062453,i43/i51/CLK,0.000000,0.000000,0.000000,0.212886,0.062453,0.150433,2,0.0,i1421/CLK,fall
i1421/SI,0.012391,0.021594,0.220019,0.215814,i192/CLK,0.000000,0.000000,0.000000,0.232410,0.220019,0.012391,22,0.0,i1421/CLK,rise
i1421/SI,0.012391,0.021594,0.220019,0.215814,i192/CLK,0.000000,0.000000,0.000000,0.237408,0.215814,0.021594,22,0.0,i1421/CLK,fall
i1422/D,-0.010437,-0.003033,0.236962,0.236763,i192/CLK,0.000000,0.000000,0.000000,0.226525,0.236962,-0.010437,24,0.0,i1422/CLK,rise
i1422/D,-0.010437,-0.003033,0.236962,0.236763,i192/CLK,0.000000,0.000000,0.000000,0.233730,0.236763,-0.003033,24,0.0,i1422/CLK,fall
i1422/SE,0.152438,0.149153,0.068239,0.063580,i43/i52/CLK,0.000000,0.000000,0.000000,0.220677,0.068239,0.152438,2,0.0,i1422/CLK,rise
i1422/SE,0.152438,0.149153,0.068239,0.063580,i43/i52/CLK,0.000000,0.000000,0.000000,0.212733,0.063580,0.149153,2,0.0,i1422/CLK,fall
i1422/SI,0.008035,0.014347,0.225218,0.223158,i194/CLK,0.000000,0.000000,0.000000,0.233253,0.225218,0.008035,22,0.0,i1422/CLK,rise
i1422/SI,0.008035,0.014347,0.225218,0.223158,i194/CLK,0.000000,0.000000,0.000000,0.237505,0.223158,0.014347,22,0.0,i1422/CLK,fall
i1423/D,-0.000236,0.002405,0.226863,0.231902,i192/CLK,0.000000,0.000000,0.000000,0.226627,0.226863,-0.000236,26,0.0,i1423/CLK,rise
i1423/D,-0.000236,0.002405,0.226863,0.231902,i192/CLK,0.000000,0.000000,0.000000,0.234308,0.231902,0.002405,26,0.0,i1423/CLK,fall
i1423/SE,0.156100,0.152155,0.064850,0.061077,i43/i53/CLK,0.000000,0.000000,0.000000,0.220950,0.064850,0.156100,2,0.0,i1423/CLK,rise
i1423/SE,0.156100,0.152155,0.064850,0.061077,i43/i53/CLK,0.000000,0.000000,0.000000,0.213232,0.061077,0.152155,2,0.0,i1423/CLK,fall
i1423/SI,0.013076,0.021583,0.222754,0.216249,i192/CLK,0.000000,0.000000,0.000000,0.235830,0.222754,0.013076,24,0.0,i1423/CLK,rise
i1423/SI,0.013076,0.021583,0.222754,0.216249,i192/CLK,0.000000,0.000000,0.000000,0.237832,0.216249,0.021583,24,0.0,i1423/CLK,fall
i1424/D,-0.008721,0.006907,0.235544,0.227627,i188/CLK,0.000000,0.000000,0.000000,0.226823,0.235544,-0.008721,24,0.0,i1424/CLK,rise
i1424/D,-0.008721,0.006907,0.235544,0.227627,i188/CLK,0.000000,0.000000,0.000000,0.234534,0.227627,0.006907,26,0.0,i1424/CLK,fall
i1424/SE,0.157580,0.153741,0.063448,0.059600,i43/i54/CLK,0.000000,0.000000,0.000000,0.221028,0.063448,0.157580,2,0.0,i1424/CLK,rise
i1424/SE,0.157580,0.153741,0.063448,0.059600,i43/i54/CLK,0.000000,0.000000,0.000000,0.213341,0.059600,0.153741,2,0.0,i1424/CLK,fall
i1424/SI,0.014439,0.011378,0.220243,0.226149,i192/CLK,0.000000,0.000000,0.000000,0.234682,0.220243,0.014439,24,0.0,i1424/CLK,rise
i1424/SI,0.014439,0.011378,0.220243,0.226149,i192/CLK,0.000000,0.000000,0.000000,0.237528,0.226149,0.011378,22,0.0,i1424/CLK,fall
i1425/D,-0.001869,-0.015928,0.228690,0.250283,i187/CLK,0.000000,0.000000,0.000000,0.226821,0.228690,-0.001869,22,0.0,i1425/CLK,rise
i1425/D,-0.001869,-0.015928,0.228690,0.250283,i187/CLK,0.000000,0.000000,0.000000,0.234355,0.250283,-0.015928,24,0.0,i1425/CLK,fall
i1425/SE,0.163075,0.158484,0.058632,0.055589,i43/i55/CLK,0.000000,0.000000,0.000000,0.221706,0.058632,0.163075,2,0.0,i1425/CLK,rise
i1425/SE,0.163075,0.158484,0.058632,0.055589,i43/i55/CLK,0.000000,0.000000,0.000000,0.214073,0.055589,0.158484,2,0.0,i1425/CLK,fall
i1425/SI,-0.010592,0.018174,0.243048,0.219330,i194/CLK,0.000000,0.000000,0.000000,0.232456,0.243048,-0.010592,22,0.0,i1425/CLK,rise
i1425/SI,-0.010592,0.018174,0.243048,0.219330,i194/CLK,0.000000,0.000000,0.000000,0.237504,0.219330,0.018174,20,0.0,i1425/CLK,fall
i1426/D,-0.025247,-0.028138,0.253601,0.261160,i192/CLK,0.000000,0.000000,0.000000,0.228354,0.253601,-0.025247,24,0.0,i1426/CLK,rise
i1426/D,-0.025247,-0.028138,0.253601,0.261160,i192/CLK,0.000000,0.000000,0.000000,0.233022,0.261160,-0.028138,24,0.0,i1426/CLK,fall
i1426/SE,0.169858,0.165201,0.052681,0.049897,i43/i56/CLK,0.000000,0.000000,0.000000,0.222538,0.052681,0.169858,2,0.0,i1426/CLK,rise
i1426/SE,0.169858,0.165201,0.052681,0.049897,i43/i56/CLK,0.000000,0.000000,0.000000,0.215098,0.049897,0.165201,2,0.0,i1426/CLK,fall
i1426/SI,0.000727,0.014377,0.233683,0.223161,i192/CLK,0.000000,0.000000,0.000000,0.234410,0.233683,0.000727,22,0.0,i1426/CLK,rise
i1426/SI,0.000727,0.014377,0.233683,0.223161,i192/CLK,0.000000,0.000000,0.000000,0.237538,0.223161,0.014377,22,0.0,i1426/CLK,fall
i1427/D,-0.015369,-0.007174,0.245455,0.240697,i192/CLK,0.000000,0.000000,0.000000,0.230086,0.245455,-0.015369,24,0.0,i1427/CLK,rise
i1427/D,-0.015369,-0.007174,0.245455,0.240697,i192/CLK,0.000000,0.000000,0.000000,0.233524,0.240697,-0.007174,26,0.0,i1427/CLK,fall
i1427/SE,0.154364,0.150643,0.066407,0.062279,i43/i57/CLK,0.000000,0.000000,0.000000,0.220771,0.066407,0.154364,2,0.0,i1427/CLK,rise
i1427/SE,0.154364,0.150643,0.066407,0.062279,i43/i57/CLK,0.000000,0.000000,0.000000,0.212921,0.062279,0.150643,2,0.0,i1427/CLK,fall
i1427/SI,0.013314,0.014069,0.220524,0.223463,i194/CLK,0.000000,0.000000,0.000000,0.233838,0.220524,0.013314,24,0.0,i1427/CLK,rise
i1427/SI,0.013314,0.014069,0.220524,0.223463,i194/CLK,0.000000,0.000000,0.000000,0.237531,0.223463,0.014069,22,0.0,i1427/CLK,fall
i1428/D,-0.002396,0.009563,0.229328,0.225117,i149/CLK,0.000000,0.000000,0.000000,0.226932,0.229328,-0.002396,28,0.0,i1428/CLK,rise
i1428/D,-0.002396,0.009563,0.229328,0.225117,i149/CLK,0.000000,0.000000,0.000000,0.234680,0.225117,0.009563,26,0.0,i1428/CLK,fall
i1428/SE,0.134368,0.129394,0.085739,0.080970,i43/i58/CLK,0.000000,0.000000,0.000000,0.220107,0.085739,0.134368,2,0.0,i1428/CLK,rise
i1428/SE,0.134368,0.129394,0.085739,0.080970,i43/i58/CLK,0.000000,0.000000,0.000000,0.210365,0.080970,0.129394,2,0.0,i1428/CLK,fall
i1428/SI,0.017287,0.016897,0.218174,0.220706,i151/CLK,0.000000,0.000000,0.000000,0.235461,0.218174,0.017287,24,0.0,i1428/CLK,rise
i1428/SI,0.017287,0.016897,0.218174,0.220706,i151/CLK,0.000000,0.000000,0.000000,0.237603,0.220706,0.016897,26,0.0,i1428/CLK,fall
i1429/D,0.007193,0.005393,0.219941,0.229541,i149/CLK,0.000000,0.000000,0.000000,0.227134,0.219941,0.007193,30,0.0,i1429/CLK,rise
i1429/D,0.007193,0.005393,0.219941,0.229541,i149/CLK,0.000000,0.000000,0.000000,0.234934,0.229541,0.005393,30,0.0,i1429/CLK,fall
i1429/SE,0.144572,0.140359,0.075756,0.070823,i43/i59/CLK,0.000000,0.000000,0.000000,0.220328,0.075756,0.144572,2,0.0,i1429/CLK,rise
i1429/SE,0.144572,0.140359,0.075756,0.070823,i43/i59/CLK,0.000000,0.000000,0.000000,0.211182,0.070823,0.140359,2,0.0,i1429/CLK,fall
i1429/SI,0.011416,0.024731,0.224075,0.212895,i149/CLK,0.000000,0.000000,0.000000,0.235491,0.224075,0.011416,28,0.0,i1429/CLK,rise
i1429/SI,0.011416,0.024731,0.224075,0.212895,i149/CLK,0.000000,0.000000,0.000000,0.237626,0.212895,0.024731,28,0.0,i1429/CLK,fall
i143/D,0.135591,0.136371,0.091425,0.092696,i43/i94/CLK,0.000000,0.000000,0.000000,0.227016,0.091425,0.135591,4,0.0,i143/CLK,rise
i143/D,0.135591,0.136371,0.091425,0.092696,i43/i94/CLK,0.000000,0.000000,0.000000,0.229067,0.092696,0.136371,4,0.0,i143/CLK,fall
i143/SE,-0.134123,-0.198929,0.351521,0.336880,i1550/CLK,0.000000,0.000000,0.000000,0.217398,0.351521,-0.134123,4,0.0,i143/CLK,rise
i143/SE,-0.134123,-0.198929,0.351521,0.336880,i1550/CLK,0.000000,0.000000,0.000000,0.137951,0.336880,-0.198929,4,0.0,i143/CLK,fall
i143/SI,-0.079199,-0.080012,0.312454,0.310670,i168/CLK,0.000000,0.000000,0.000000,0.233255,0.312454,-0.079199,32,0.0,i143/CLK,rise
i143/SI,-0.079199,-0.080012,0.312454,0.310670,i168/CLK,0.000000,0.000000,0.000000,0.230658,0.310670,-0.080012,34,0.0,i143/CLK,fall
i1430/D,0.004812,0.003972,0.221977,0.229703,i149/CLK,0.000000,0.000000,0.000000,0.226789,0.221977,0.004812,30,0.0,i1430/CLK,rise
i1430/D,0.004812,0.003972,0.221977,0.229703,i149/CLK,0.000000,0.000000,0.000000,0.233674,0.229703,0.003972,26,0.0,i1430/CLK,fall
i1430/SE,0.170248,0.165744,0.052201,0.049292,i43/i60/CLK,0.000000,0.000000,0.000000,0.222448,0.052201,0.170248,2,0.0,i1430/CLK,rise
i1430/SE,0.170248,0.165744,0.052201,0.049292,i43/i60/CLK,0.000000,0.000000,0.000000,0.215036,0.049292,0.165744,2,0.0,i1430/CLK,fall
i1430/SI,0.015954,0.030104,0.217233,0.207405,i149/CLK,0.000000,0.000000,0.000000,0.233187,0.217233,0.015954,24,0.0,i1430/CLK,rise
i1430/SI,0.015954,0.030104,0.217233,0.207405,i149/CLK,0.000000,0.000000,0.000000,0.237508,0.207405,0.030104,28,0.0,i1430/CLK,fall
i1431/D,-0.006270,0.003328,0.232658,0.230670,i149/CLK,0.000000,0.000000,0.000000,0.226388,0.232658,-0.006270,26,0.0,i1431/CLK,rise
i1431/D,-0.006270,0.003328,0.232658,0.230670,i149/CLK,0.000000,0.000000,0.000000,0.233998,0.230670,0.003328,26,0.0,i1431/CLK,fall
i1431/SE,0.142603,0.138161,0.077666,0.072753,i43/i61/CLK,0.000000,0.000000,0.000000,0.220269,0.077666,0.142603,2,0.0,i1431/CLK,rise
i1431/SE,0.142603,0.138161,0.077666,0.072753,i43/i61/CLK,0.000000,0.000000,0.000000,0.210914,0.072753,0.138161,2,0.0,i1431/CLK,fall
i1431/SI,0.013982,0.017648,0.220206,0.219866,i149/CLK,0.000000,0.000000,0.000000,0.234188,0.220206,0.013982,24,0.0,i1431/CLK,rise
i1431/SI,0.013982,0.017648,0.220206,0.219866,i149/CLK,0.000000,0.000000,0.000000,0.237515,0.219866,0.017648,24,0.0,i1431/CLK,fall
i1432/D,0.001902,0.009801,0.224514,0.224011,i149/CLK,0.000000,0.000000,0.000000,0.226416,0.224514,0.001902,28,0.0,i1432/CLK,rise
i1432/D,0.001902,0.009801,0.224514,0.224011,i149/CLK,0.000000,0.000000,0.000000,0.233813,0.224011,0.009801,28,0.0,i1432/CLK,fall
i1432/SE,0.162571,0.158378,0.059021,0.055592,i43/i62/CLK,0.000000,0.000000,0.000000,0.221592,0.059021,0.162571,2,0.0,i1432/CLK,rise
i1432/SE,0.162571,0.158378,0.059021,0.055592,i43/i62/CLK,0.000000,0.000000,0.000000,0.213970,0.055592,0.158378,2,0.0,i1432/CLK,fall
i1432/SI,0.021231,0.026423,0.212698,0.211095,i149/CLK,0.000000,0.000000,0.000000,0.233928,0.212698,0.021231,26,0.0,i1432/CLK,rise
i1432/SI,0.021231,0.026423,0.212698,0.211095,i149/CLK,0.000000,0.000000,0.000000,0.237518,0.211095,0.026423,26,0.0,i1432/CLK,fall
i1433/D,-0.019446,-0.020501,0.248418,0.253804,i149/CLK,0.000000,0.000000,0.000000,0.228973,0.248418,-0.019446,30,0.0,i1433/CLK,rise
i1433/D,-0.019446,-0.020501,0.248418,0.253804,i149/CLK,0.000000,0.000000,0.000000,0.233302,0.253804,-0.020501,26,0.0,i1433/CLK,fall
i1433/SE,0.172769,0.167745,0.050000,0.047600,i43/i63/CLK,0.000000,0.000000,0.000000,0.222769,0.050000,0.172769,2,0.0,i1433/CLK,rise
i1433/SE,0.172769,0.167745,0.050000,0.047600,i43/i63/CLK,0.000000,0.000000,0.000000,0.215345,0.047600,0.167745,2,0.0,i1433/CLK,fall
i1433/SI,0.011190,0.022866,0.221656,0.214642,i149/CLK,0.000000,0.000000,0.000000,0.232846,0.221656,0.011190,24,0.0,i1433/CLK,rise
i1433/SI,0.011190,0.022866,0.221656,0.214642,i149/CLK,0.000000,0.000000,0.000000,0.237507,0.214642,0.022866,28,0.0,i1433/CLK,fall
i1434/D,-0.016208,-0.022419,0.243282,0.255016,i149/CLK,0.000000,0.000000,0.000000,0.227074,0.243282,-0.016208,28,0.0,i1434/CLK,rise
i1434/D,-0.016208,-0.022419,0.243282,0.255016,i149/CLK,0.000000,0.000000,0.000000,0.232597,0.255016,-0.022419,22,0.0,i1434/CLK,fall
i1434/SE,0.151482,0.147703,0.069175,0.064848,i43/i64/CLK,0.000000,0.000000,0.000000,0.220657,0.069175,0.151482,2,0.0,i1434/CLK,rise
i1434/SE,0.151482,0.147703,0.069175,0.064848,i43/i64/CLK,0.000000,0.000000,0.000000,0.212551,0.064848,0.147703,2,0.0,i1434/CLK,fall
i1434/SI,0.011040,0.030271,0.222754,0.207251,i149/CLK,0.000000,0.000000,0.000000,0.233793,0.222754,0.011040,20,0.0,i1434/CLK,rise
i1434/SI,0.011040,0.030271,0.222754,0.207251,i149/CLK,0.000000,0.000000,0.000000,0.237522,0.207251,0.030271,26,0.0,i1434/CLK,fall
i1435/D,0.000390,0.003407,0.225995,0.230590,i149/CLK,0.000000,0.000000,0.000000,0.226385,0.225995,0.000390,28,0.0,i1435/CLK,rise
i1435/D,0.000390,0.003407,0.225995,0.230590,i149/CLK,0.000000,0.000000,0.000000,0.233997,0.230590,0.003407,26,0.0,i1435/CLK,fall
i1435/SE,0.155981,0.152178,0.064879,0.060938,i43/i65/CLK,0.000000,0.000000,0.000000,0.220860,0.064879,0.155981,2,0.0,i1435/CLK,rise
i1435/SE,0.155981,0.152178,0.064879,0.060938,i43/i65/CLK,0.000000,0.000000,0.000000,0.213116,0.060938,0.152178,2,0.0,i1435/CLK,fall
i1435/SI,0.015479,0.024605,0.219520,0.212931,i149/CLK,0.000000,0.000000,0.000000,0.235000,0.219520,0.015479,24,0.0,i1435/CLK,rise
i1435/SI,0.015479,0.024605,0.219520,0.212931,i149/CLK,0.000000,0.000000,0.000000,0.237537,0.212931,0.024605,26,0.0,i1435/CLK,fall
i1436/D,-0.004819,-0.000564,0.231313,0.234700,i111/CLK,0.000000,0.000000,0.000000,0.226494,0.231313,-0.004819,28,0.0,i1436/CLK,rise
i1436/D,-0.004819,-0.000564,0.231313,0.234700,i111/CLK,0.000000,0.000000,0.000000,0.234135,0.234700,-0.000564,26,0.0,i1436/CLK,fall
i1436/SE,0.145654,0.141152,0.074994,0.071357,i43/i66/CLK,0.000000,0.000000,0.000000,0.220648,0.074994,0.145654,2,0.0,i1436/CLK,rise
i1436/SE,0.145654,0.141152,0.074994,0.071357,i43/i66/CLK,0.000000,0.000000,0.000000,0.212510,0.071357,0.141152,2,0.0,i1436/CLK,fall
i1436/SI,0.010844,0.018119,0.224595,0.219535,i111/CLK,0.000000,0.000000,0.000000,0.235439,0.224595,0.010844,24,0.0,i1436/CLK,rise
i1436/SI,0.010844,0.018119,0.224595,0.219535,i111/CLK,0.000000,0.000000,0.000000,0.237654,0.219535,0.018119,26,0.0,i1436/CLK,fall
i1437/D,-0.011506,-0.016332,0.238299,0.250822,i111/CLK,0.000000,0.000000,0.000000,0.226793,0.238299,-0.011506,30,0.0,i1437/CLK,rise
i1437/D,-0.011506,-0.016332,0.238299,0.250822,i111/CLK,0.000000,0.000000,0.000000,0.234490,0.250822,-0.016332,30,0.0,i1437/CLK,fall
i1437/SE,0.132540,0.127590,0.087137,0.080716,i43/i67/CLK,0.000000,0.000000,0.000000,0.219677,0.087137,0.132540,2,0.0,i1437/CLK,rise
i1437/SE,0.132540,0.127590,0.087137,0.080716,i43/i67/CLK,0.000000,0.000000,0.000000,0.208306,0.080716,0.127590,2,0.0,i1437/CLK,fall
i1437/SI,-0.007587,0.008779,0.243007,0.228838,i111/CLK,0.000000,0.000000,0.000000,0.235420,0.243007,-0.007587,28,0.0,i1437/CLK,rise
i1437/SI,-0.007587,0.008779,0.243007,0.228838,i111/CLK,0.000000,0.000000,0.000000,0.237617,0.228838,0.008779,28,0.0,i1437/CLK,fall
i1438/D,0.156996,0.162101,0.072879,0.071423,i43/i68/CLK,0.000000,0.000000,0.000000,0.229876,0.072879,0.156996,4,0.0,i1438/CLK,rise
i1438/D,0.156996,0.162101,0.072879,0.071423,i43/i68/CLK,0.000000,0.000000,0.000000,0.233524,0.071423,0.162101,4,0.0,i1438/CLK,fall
i1438/SE,-0.018028,-0.010661,0.241772,0.228950,i111/CLK,0.000000,0.000000,0.000000,0.223744,0.241772,-0.018028,24,0.0,i1438/CLK,rise
i1438/SE,-0.018028,-0.010661,0.241772,0.228950,i111/CLK,0.000000,0.000000,0.000000,0.218289,0.228950,-0.010661,24,0.0,i1438/CLK,fall
i1438/SI,0.179780,0.185555,0.052012,0.049150,i43/i68/CLK,0.000000,0.000000,0.000000,0.231791,0.052012,0.179780,2,0.0,i1438/CLK,rise
i1438/SI,0.179780,0.185555,0.052012,0.049150,i43/i68/CLK,0.000000,0.000000,0.000000,0.234705,0.049150,0.185555,2,0.0,i1438/CLK,fall
i1439/D,-0.014252,-0.010888,0.240828,0.245044,i111/CLK,0.000000,0.000000,0.000000,0.226576,0.240828,-0.014252,28,0.0,i1439/CLK,rise
i1439/D,-0.014252,-0.010888,0.240828,0.245044,i111/CLK,0.000000,0.000000,0.000000,0.234157,0.245044,-0.010888,28,0.0,i1439/CLK,fall
i1439/SE,0.138823,0.134153,0.081217,0.075754,i43/i69/CLK,0.000000,0.000000,0.000000,0.220039,0.081217,0.138823,2,0.0,i1439/CLK,rise
i1439/SE,0.138823,0.134153,0.081217,0.075754,i43/i69/CLK,0.000000,0.000000,0.000000,0.209907,0.075754,0.134153,2,0.0,i1439/CLK,fall
i1439/SI,-0.003049,0.008133,0.235979,0.229365,i111/CLK,0.000000,0.000000,0.000000,0.232931,0.235979,-0.003049,26,0.0,i1439/CLK,rise
i1439/SI,-0.003049,0.008133,0.235979,0.229365,i111/CLK,0.000000,0.000000,0.000000,0.237498,0.229365,0.008133,26,0.0,i1439/CLK,fall
i144/D,0.150736,0.148826,0.075353,0.077756,i43/i95/CLK,0.000000,0.000000,0.000000,0.226089,0.075353,0.150736,4,0.0,i144/CLK,rise
i144/D,0.150736,0.148826,0.075353,0.077756,i43/i95/CLK,0.000000,0.000000,0.000000,0.226582,0.077756,0.148826,4,0.0,i144/CLK,fall
i144/SE,-0.134219,-0.199045,0.351614,0.336971,i1550/CLK,0.000000,0.000000,0.000000,0.217395,0.351614,-0.134219,4,0.0,i144/CLK,rise
i144/SE,-0.134219,-0.199045,0.351614,0.336971,i1550/CLK,0.000000,0.000000,0.000000,0.137926,0.336971,-0.199045,4,0.0,i144/CLK,fall
i144/SI,-0.068175,-0.074923,0.301447,0.305023,i168/CLK,0.000000,0.000000,0.000000,0.233272,0.301447,-0.068175,32,0.0,i144/CLK,rise
i144/SI,-0.068175,-0.074923,0.301447,0.305023,i168/CLK,0.000000,0.000000,0.000000,0.230100,0.305023,-0.074923,32,0.0,i144/CLK,fall
i1440/D,-0.012636,-0.006427,0.239146,0.240458,i111/CLK,0.000000,0.000000,0.000000,0.226510,0.239146,-0.012636,28,0.0,i1440/CLK,rise
i1440/D,-0.012636,-0.006427,0.239146,0.240458,i111/CLK,0.000000,0.000000,0.000000,0.234031,0.240458,-0.006427,28,0.0,i1440/CLK,fall
i1440/SE,0.173017,0.168293,0.049815,0.047183,i43/i70/CLK,0.000000,0.000000,0.000000,0.222832,0.049815,0.173017,2,0.0,i1440/CLK,rise
i1440/SE,0.173017,0.168293,0.049815,0.047183,i43/i70/CLK,0.000000,0.000000,0.000000,0.215476,0.047183,0.168293,2,0.0,i1440/CLK,fall
i1440/SI,0.001120,0.009982,0.231031,0.227223,i111/CLK,0.000000,0.000000,0.000000,0.232151,0.231031,0.001120,26,0.0,i1440/CLK,rise
i1440/SI,0.001120,0.009982,0.231031,0.227223,i111/CLK,0.000000,0.000000,0.000000,0.237204,0.227223,0.009982,26,0.0,i1440/CLK,fall
i1441/D,-0.038790,-0.042569,0.264773,0.274778,i111/CLK,0.000000,0.000000,0.000000,0.225983,0.264773,-0.038790,30,0.0,i1441/CLK,rise
i1441/D,-0.038790,-0.042569,0.264773,0.274778,i111/CLK,0.000000,0.000000,0.000000,0.232209,0.274778,-0.042569,26,0.0,i1441/CLK,fall
i1441/SE,0.161022,0.156823,0.060182,0.056655,i43/i71/CLK,0.000000,0.000000,0.000000,0.221204,0.060182,0.161022,2,0.0,i1441/CLK,rise
i1441/SE,0.161022,0.156823,0.060182,0.056655,i43/i71/CLK,0.000000,0.000000,0.000000,0.213478,0.056655,0.156823,2,0.0,i1441/CLK,fall
i1441/SI,-0.005595,0.012398,0.238842,0.225122,i111/CLK,0.000000,0.000000,0.000000,0.233247,0.238842,-0.005595,24,0.0,i1441/CLK,rise
i1441/SI,-0.005595,0.012398,0.238842,0.225122,i111/CLK,0.000000,0.000000,0.000000,0.237520,0.225122,0.012398,28,0.0,i1441/CLK,fall
i1442/D,0.004380,-0.003638,0.222572,0.238259,i111/CLK,0.000000,0.000000,0.000000,0.226953,0.222572,0.004380,26,0.0,i1442/CLK,rise
i1442/D,0.004380,-0.003638,0.222572,0.238259,i111/CLK,0.000000,0.000000,0.000000,0.234621,0.238259,-0.003638,26,0.0,i1442/CLK,fall
i1442/SE,0.140200,0.135829,0.079844,0.074195,i43/i72/CLK,0.000000,0.000000,0.000000,0.220044,0.079844,0.140200,2,0.0,i1442/CLK,rise
i1442/SE,0.140200,0.135829,0.079844,0.074195,i43/i72/CLK,0.000000,0.000000,0.000000,0.210024,0.074195,0.135829,2,0.0,i1442/CLK,fall
i1442/SI,0.002838,0.023525,0.231466,0.214008,i111/CLK,0.000000,0.000000,0.000000,0.234304,0.231466,0.002838,24,0.0,i1442/CLK,rise
i1442/SI,0.002838,0.023525,0.231466,0.214008,i111/CLK,0.000000,0.000000,0.000000,0.237533,0.214008,0.023525,24,0.0,i1442/CLK,fall
i1443/D,-0.002536,-0.011443,0.232378,0.244987,i111/CLK,0.000000,0.000000,0.000000,0.229842,0.232378,-0.002536,28,0.0,i1443/CLK,rise
i1443/D,-0.002536,-0.011443,0.232378,0.244987,i111/CLK,0.000000,0.000000,0.000000,0.233544,0.244987,-0.011443,26,0.0,i1443/CLK,fall
i1443/SE,0.141245,0.137024,0.078872,0.073357,i43/i73/CLK,0.000000,0.000000,0.000000,0.220117,0.078872,0.141245,2,0.0,i1443/CLK,rise
i1443/SE,0.141245,0.137024,0.078872,0.073357,i43/i73/CLK,0.000000,0.000000,0.000000,0.210381,0.073357,0.137024,2,0.0,i1443/CLK,fall
i1443/SI,0.009591,0.025700,0.226227,0.212433,i111/CLK,0.000000,0.000000,0.000000,0.235818,0.226227,0.009591,24,0.0,i1443/CLK,rise
i1443/SI,0.009591,0.025700,0.226227,0.212433,i111/CLK,0.000000,0.000000,0.000000,0.238133,0.212433,0.025700,26,0.0,i1443/CLK,fall
i1444/D,-0.003457,-0.000301,0.229940,0.234437,i74/CLK,0.000000,0.000000,0.000000,0.226483,0.229940,-0.003457,28,0.0,i1444/CLK,rise
i1444/D,-0.003457,-0.000301,0.229940,0.234437,i74/CLK,0.000000,0.000000,0.000000,0.234136,0.234437,-0.000301,26,0.0,i1444/CLK,fall
i1444/SE,0.144401,0.140176,0.075940,0.071065,i43/i74/CLK,0.000000,0.000000,0.000000,0.220341,0.075940,0.144401,2,0.0,i1444/CLK,rise
i1444/SE,0.144401,0.140176,0.075940,0.071065,i43/i74/CLK,0.000000,0.000000,0.000000,0.211241,0.071065,0.140176,2,0.0,i1444/CLK,fall
i1444/SI,0.011573,0.019534,0.224278,0.218388,i74/CLK,0.000000,0.000000,0.000000,0.235851,0.224278,0.011573,24,0.0,i1444/CLK,rise
i1444/SI,0.011573,0.019534,0.224278,0.218388,i74/CLK,0.000000,0.000000,0.000000,0.237922,0.218388,0.019534,26,0.0,i1444/CLK,fall
i1445/D,0.003388,0.001237,0.223681,0.233601,i72/CLK,0.000000,0.000000,0.000000,0.227069,0.223681,0.003388,26,0.0,i1445/CLK,rise
i1445/D,0.003388,0.001237,0.223681,0.233601,i72/CLK,0.000000,0.000000,0.000000,0.234838,0.233601,0.001237,30,0.0,i1445/CLK,fall
i1445/SE,0.172841,0.166722,0.050606,0.049365,i43/i75/CLK,0.000000,0.000000,0.000000,0.223446,0.050606,0.172841,2,0.0,i1445/CLK,rise
i1445/SE,0.172841,0.166722,0.050606,0.049365,i43/i75/CLK,0.000000,0.000000,0.000000,0.216087,0.049365,0.166722,2,0.0,i1445/CLK,fall
i1445/SI,0.008440,0.021743,0.227405,0.216122,i74/CLK,0.000000,0.000000,0.000000,0.235845,0.227405,0.008440,28,0.0,i1445/CLK,rise
i1445/SI,0.008440,0.021743,0.227405,0.216122,i74/CLK,0.000000,0.000000,0.000000,0.237865,0.216122,0.021743,24,0.0,i1445/CLK,fall
i1446/D,0.001260,0.005173,0.225207,0.228896,i74/CLK,0.000000,0.000000,0.000000,0.226467,0.225207,0.001260,26,0.0,i1446/CLK,rise
i1446/D,0.001260,0.005173,0.225207,0.228896,i74/CLK,0.000000,0.000000,0.000000,0.234069,0.228896,0.005173,26,0.0,i1446/CLK,fall
i1446/SE,0.160039,0.154640,0.062059,0.059992,i43/i76/CLK,0.000000,0.000000,0.000000,0.222099,0.062059,0.160039,2,0.0,i1446/CLK,rise
i1446/SE,0.160039,0.154640,0.062059,0.059992,i43/i76/CLK,0.000000,0.000000,0.000000,0.214632,0.059992,0.154640,2,0.0,i1446/CLK,fall
i1446/SI,0.014905,0.024298,0.219110,0.213218,i74/CLK,0.000000,0.000000,0.000000,0.234015,0.219110,0.014905,24,0.0,i1446/CLK,rise
i1446/SI,0.014905,0.024298,0.219110,0.213218,i74/CLK,0.000000,0.000000,0.000000,0.237516,0.213218,0.024298,24,0.0,i1446/CLK,fall
i1447/D,-0.002893,-0.000978,0.229558,0.235289,i74/CLK,0.000000,0.000000,0.000000,0.226665,0.229558,-0.002893,26,0.0,i1447/CLK,rise
i1447/D,-0.002893,-0.000978,0.229558,0.235289,i74/CLK,0.000000,0.000000,0.000000,0.234311,0.235289,-0.000978,28,0.0,i1447/CLK,fall
i1447/SE,0.134784,0.129592,0.085352,0.080906,i43/i77/CLK,0.000000,0.000000,0.000000,0.220137,0.085352,0.134784,2,0.0,i1447/CLK,rise
i1447/SE,0.134784,0.129592,0.085352,0.080906,i43/i77/CLK,0.000000,0.000000,0.000000,0.210498,0.080906,0.129592,2,0.0,i1447/CLK,fall
i1447/SI,0.007108,0.018689,0.226766,0.218825,i72/CLK,0.000000,0.000000,0.000000,0.233874,0.226766,0.007108,26,0.0,i1447/CLK,rise
i1447/SI,0.007108,0.018689,0.226766,0.218825,i72/CLK,0.000000,0.000000,0.000000,0.237514,0.218825,0.018689,24,0.0,i1447/CLK,fall
i1448/D,-0.001871,0.005991,0.228582,0.228405,i74/CLK,0.000000,0.000000,0.000000,0.226712,0.228582,-0.001871,26,0.0,i1448/CLK,rise
i1448/D,-0.001871,0.005991,0.228582,0.228405,i74/CLK,0.000000,0.000000,0.000000,0.234397,0.228405,0.005991,26,0.0,i1448/CLK,fall
i1448/SE,0.171260,0.165055,0.051966,0.050676,i43/i78/CLK,0.000000,0.000000,0.000000,0.223226,0.051966,0.171260,2,0.0,i1448/CLK,rise
i1448/SE,0.171260,0.165055,0.051966,0.050676,i43/i78/CLK,0.000000,0.000000,0.000000,0.215730,0.050676,0.165055,2,0.0,i1448/CLK,fall
i1448/SI,0.013286,0.019146,0.220610,0.218360,i74/CLK,0.000000,0.000000,0.000000,0.233895,0.220610,0.013286,24,0.0,i1448/CLK,rise
i1448/SI,0.013286,0.019146,0.220610,0.218360,i74/CLK,0.000000,0.000000,0.000000,0.237506,0.218360,0.019146,24,0.0,i1448/CLK,fall
i1449/D,-0.008198,-0.004694,0.234706,0.238656,i74/CLK,0.000000,0.000000,0.000000,0.226509,0.234706,-0.008198,26,0.0,i1449/CLK,rise
i1449/D,-0.008198,-0.004694,0.234706,0.238656,i74/CLK,0.000000,0.000000,0.000000,0.233962,0.238656,-0.004694,26,0.0,i1449/CLK,fall
i1449/SE,0.157775,0.152842,0.063973,0.061393,i43/i79/CLK,0.000000,0.000000,0.000000,0.221748,0.063973,0.157775,2,0.0,i1449/CLK,rise
i1449/SE,0.157775,0.152842,0.063973,0.061393,i43/i79/CLK,0.000000,0.000000,0.000000,0.214235,0.061393,0.152842,2,0.0,i1449/CLK,fall
i1449/SI,0.002764,0.014347,0.229323,0.223147,i74/CLK,0.000000,0.000000,0.000000,0.232087,0.229323,0.002764,24,0.0,i1449/CLK,rise
i1449/SI,0.002764,0.014347,0.229323,0.223147,i74/CLK,0.000000,0.000000,0.000000,0.237494,0.223147,0.014347,24,0.0,i1449/CLK,fall
i145/D,0.144070,0.143511,0.082470,0.084320,i43/i96/CLK,0.000000,0.000000,0.000000,0.226540,0.082470,0.144070,4,0.0,i145/CLK,rise
i145/D,0.144070,0.143511,0.082470,0.084320,i43/i96/CLK,0.000000,0.000000,0.000000,0.227831,0.084320,0.143511,4,0.0,i145/CLK,fall
i145/SE,-0.139039,-0.204884,0.356284,0.341570,i1550/CLK,0.000000,0.000000,0.000000,0.217246,0.356284,-0.139039,4,0.0,i145/CLK,rise
i145/SE,-0.139039,-0.204884,0.356284,0.341570,i1550/CLK,0.000000,0.000000,0.000000,0.136685,0.341570,-0.204884,4,0.0,i145/CLK,fall
i145/SI,-0.083480,-0.080193,0.316742,0.310678,i118/CLK,0.000000,0.000000,0.000000,0.233262,0.316742,-0.083480,32,0.0,i145/CLK,rise
i145/SI,-0.083480,-0.080193,0.316742,0.310678,i118/CLK,0.000000,0.000000,0.000000,0.230486,0.310678,-0.080193,32,0.0,i145/CLK,fall
i1450/D,-0.010642,-0.016688,0.238810,0.249678,i72/CLK,0.000000,0.000000,0.000000,0.228168,0.238810,-0.010642,28,0.0,i1450/CLK,rise
i1450/D,-0.010642,-0.016688,0.238810,0.249678,i72/CLK,0.000000,0.000000,0.000000,0.232991,0.249678,-0.016688,22,0.0,i1450/CLK,fall
i1450/SE,0.151520,0.146968,0.069513,0.066408,i43/i80/CLK,0.000000,0.000000,0.000000,0.221033,0.069513,0.151520,2,0.0,i1450/CLK,rise
i1450/SE,0.151520,0.146968,0.069513,0.066408,i43/i80/CLK,0.000000,0.000000,0.000000,0.213376,0.066408,0.146968,2,0.0,i1450/CLK,fall
i1450/SI,0.012782,0.029385,0.222453,0.208368,i74/CLK,0.000000,0.000000,0.000000,0.235235,0.222453,0.012782,20,0.0,i1450/CLK,rise
i1450/SI,0.012782,0.029385,0.222453,0.208368,i74/CLK,0.000000,0.000000,0.000000,0.237753,0.208368,0.029385,26,0.0,i1450/CLK,fall
i1451/D,0.005349,0.012933,0.221536,0.221711,i72/CLK,0.000000,0.000000,0.000000,0.226886,0.221536,0.005349,28,0.0,i1451/CLK,rise
i1451/D,0.005349,0.012933,0.221536,0.221711,i72/CLK,0.000000,0.000000,0.000000,0.234644,0.221711,0.012933,26,0.0,i1451/CLK,fall
i1451/SE,0.154795,0.150033,0.066645,0.063803,i43/i81/CLK,0.000000,0.000000,0.000000,0.221441,0.066645,0.154795,2,0.0,i1451/CLK,rise
i1451/SE,0.154795,0.150033,0.066645,0.063803,i43/i81/CLK,0.000000,0.000000,0.000000,0.213836,0.063803,0.150033,2,0.0,i1451/CLK,fall
i1451/SI,0.022057,0.025541,0.214023,0.212536,i72/CLK,0.000000,0.000000,0.000000,0.236079,0.214023,0.022057,24,0.0,i1451/CLK,rise
i1451/SI,0.022057,0.025541,0.214023,0.212536,i72/CLK,0.000000,0.000000,0.000000,0.238076,0.212536,0.025541,26,0.0,i1451/CLK,fall
i146/D,0.136441,0.136632,0.090387,0.092030,i43/i97/CLK,0.000000,0.000000,0.000000,0.226828,0.090387,0.136441,4,0.0,i146/CLK,rise
i146/D,0.136441,0.136632,0.090387,0.092030,i43/i97/CLK,0.000000,0.000000,0.000000,0.228662,0.092030,0.136632,4,0.0,i146/CLK,fall
i146/SE,-0.134032,-0.198818,0.351432,0.336792,i1550/CLK,0.000000,0.000000,0.000000,0.217400,0.351432,-0.134032,4,0.0,i146/CLK,rise
i146/SE,-0.134032,-0.198818,0.351432,0.336792,i1550/CLK,0.000000,0.000000,0.000000,0.137974,0.336792,-0.198818,4,0.0,i146/CLK,fall
i146/SI,-0.082919,-0.082717,0.315943,0.314105,i168/CLK,0.000000,0.000000,0.000000,0.233024,0.315943,-0.082919,32,0.0,i146/CLK,rise
i146/SI,-0.082919,-0.082717,0.315943,0.314105,i168/CLK,0.000000,0.000000,0.000000,0.231388,0.314105,-0.082717,34,0.0,i146/CLK,fall
i147/D,0.128390,0.129294,0.098698,0.099949,i43/i122/CLK,0.000000,0.000000,0.000000,0.227088,0.098698,0.128390,4,0.0,i147/CLK,rise
i147/D,0.128390,0.129294,0.098698,0.099949,i43/i122/CLK,0.000000,0.000000,0.000000,0.229243,0.099949,0.129294,4,0.0,i147/CLK,fall
i147/SE,-0.017763,-0.059736,0.238551,0.226328,i1550/CLK,0.000000,0.000000,0.000000,0.220788,0.238551,-0.017763,4,0.0,i147/CLK,rise
i147/SE,-0.017763,-0.059736,0.238551,0.226328,i1550/CLK,0.000000,0.000000,0.000000,0.166592,0.226328,-0.059736,4,0.0,i147/CLK,fall
i147/SI,-0.063907,-0.062361,0.297147,0.293184,i90/CLK,0.000000,0.000000,0.000000,0.233240,0.297147,-0.063907,34,0.0,i147/CLK,rise
i147/SI,-0.063907,-0.062361,0.297147,0.293184,i90/CLK,0.000000,0.000000,0.000000,0.230823,0.293184,-0.062361,32,0.0,i147/CLK,fall
i148/D,0.139914,0.139516,0.086756,0.088587,i43/i123/CLK,0.000000,0.000000,0.000000,0.226670,0.086756,0.139914,4,0.0,i148/CLK,rise
i148/D,0.139914,0.139516,0.086756,0.088587,i43/i123/CLK,0.000000,0.000000,0.000000,0.228103,0.088587,0.139516,4,0.0,i148/CLK,fall
i148/SE,-0.022189,-0.064971,0.242857,0.230527,i1550/CLK,0.000000,0.000000,0.000000,0.220668,0.242857,-0.022189,4,0.0,i148/CLK,rise
i148/SE,-0.022189,-0.064971,0.242857,0.230527,i1550/CLK,0.000000,0.000000,0.000000,0.165555,0.230527,-0.064971,4,0.0,i148/CLK,fall
i148/SI,-0.074352,-0.079239,0.307609,0.309609,i176/CLK,0.000000,0.000000,0.000000,0.233257,0.307609,-0.074352,32,0.0,i148/CLK,rise
i148/SI,-0.074352,-0.079239,0.307609,0.309609,i176/CLK,0.000000,0.000000,0.000000,0.230370,0.309609,-0.079239,32,0.0,i148/CLK,fall
i149/D,0.150778,0.149043,0.075383,0.077620,i43/i124/CLK,0.000000,0.000000,0.000000,0.226162,0.075383,0.150778,4,0.0,i149/CLK,rise
i149/D,0.150778,0.149043,0.075383,0.077620,i43/i124/CLK,0.000000,0.000000,0.000000,0.226663,0.077620,0.149043,4,0.0,i149/CLK,fall
i149/SE,-0.041882,-0.088330,0.262005,0.249212,i1550/CLK,0.000000,0.000000,0.000000,0.220123,0.262005,-0.041882,4,0.0,i149/CLK,rise
i149/SE,-0.041882,-0.088330,0.262005,0.249212,i1550/CLK,0.000000,0.000000,0.000000,0.160882,0.249212,-0.088330,4,0.0,i149/CLK,fall
i149/SI,-0.045948,-0.054537,0.279200,0.284517,i176/CLK,0.000000,0.000000,0.000000,0.233253,0.279200,-0.045948,34,0.0,i149/CLK,rise
i149/SI,-0.045948,-0.054537,0.279200,0.284517,i176/CLK,0.000000,0.000000,0.000000,0.229980,0.284517,-0.054537,32,0.0,i149/CLK,fall
i150/D,0.132215,0.133295,0.094969,0.096108,i43/i125/CLK,0.000000,0.000000,0.000000,0.227183,0.094969,0.132215,4,0.0,i150/CLK,rise
i150/D,0.132215,0.133295,0.094969,0.096108,i43/i125/CLK,0.000000,0.000000,0.000000,0.229404,0.096108,0.133295,4,0.0,i150/CLK,fall
i150/SE,-0.050796,-0.098936,0.270668,0.257673,i1550/CLK,0.000000,0.000000,0.000000,0.219872,0.270668,-0.050796,4,0.0,i150/CLK,rise
i150/SE,-0.050796,-0.098936,0.270668,0.257673,i1550/CLK,0.000000,0.000000,0.000000,0.158737,0.257673,-0.098936,4,0.0,i150/CLK,fall
i150/SI,-0.074959,-0.077736,0.308229,0.307999,i176/CLK,0.000000,0.000000,0.000000,0.233270,0.308229,-0.074959,30,0.0,i150/CLK,rise
i150/SI,-0.074959,-0.077736,0.308229,0.307999,i176/CLK,0.000000,0.000000,0.000000,0.230263,0.307999,-0.077736,32,0.0,i150/CLK,fall
i151/D,0.158787,0.155490,0.066812,0.069721,i43/i126/CLK,0.000000,0.000000,0.000000,0.225599,0.066812,0.158787,4,0.0,i151/CLK,rise
i151/D,0.158787,0.155490,0.066812,0.069721,i43/i126/CLK,0.000000,0.000000,0.000000,0.225210,0.069721,0.155490,4,0.0,i151/CLK,fall
i151/SE,-0.052619,-0.101108,0.272439,0.259404,i1550/CLK,0.000000,0.000000,0.000000,0.219820,0.272439,-0.052619,4,0.0,i151/CLK,rise
i151/SE,-0.052619,-0.101108,0.272439,0.259404,i1550/CLK,0.000000,0.000000,0.000000,0.158296,0.259404,-0.101108,4,0.0,i151/CLK,fall
i151/SI,-0.074804,-0.076831,0.308054,0.307419,i176/CLK,0.000000,0.000000,0.000000,0.233250,0.308054,-0.074804,32,0.0,i151/CLK,rise
i151/SI,-0.074804,-0.076831,0.308054,0.307419,i176/CLK,0.000000,0.000000,0.000000,0.230588,0.307419,-0.076831,32,0.0,i151/CLK,fall
i152/D,0.145352,0.143867,0.080945,0.083245,i43/i127/CLK,0.000000,0.000000,0.000000,0.226297,0.080945,0.145352,4,0.0,i152/CLK,rise
i152/D,0.145352,0.143867,0.080945,0.083245,i43/i127/CLK,0.000000,0.000000,0.000000,0.227112,0.083245,0.143867,4,0.0,i152/CLK,fall
i152/SE,-0.053601,-0.102278,0.273393,0.260336,i1550/CLK,0.000000,0.000000,0.000000,0.219792,0.273393,-0.053601,4,0.0,i152/CLK,rise
i152/SE,-0.053601,-0.102278,0.273393,0.260336,i1550/CLK,0.000000,0.000000,0.000000,0.158058,0.260336,-0.102278,4,0.0,i152/CLK,fall
i152/SI,-0.058613,-0.059533,0.291874,0.289710,i127/CLK,0.000000,0.000000,0.000000,0.233261,0.291874,-0.058613,32,0.0,i152/CLK,rise
i152/SI,-0.058613,-0.059533,0.291874,0.289710,i127/CLK,0.000000,0.000000,0.000000,0.230177,0.289710,-0.059533,32,0.0,i152/CLK,fall
i153/D,0.148047,0.146318,0.078127,0.080498,i43/i128/CLK,0.000000,0.000000,0.000000,0.226175,0.078127,0.148047,4,0.0,i153/CLK,rise
i153/D,0.148047,0.146318,0.078127,0.080498,i43/i128/CLK,0.000000,0.000000,0.000000,0.226816,0.080498,0.146318,4,0.0,i153/CLK,fall
i153/SE,-0.053662,-0.102350,0.273452,0.260393,i1550/CLK,0.000000,0.000000,0.000000,0.219790,0.273452,-0.053662,4,0.0,i153/CLK,rise
i153/SE,-0.053662,-0.102350,0.273452,0.260393,i1550/CLK,0.000000,0.000000,0.000000,0.158043,0.260393,-0.102350,4,0.0,i153/CLK,fall
i153/SI,-0.062739,-0.063314,0.296015,0.293543,i127/CLK,0.000000,0.000000,0.000000,0.233276,0.296015,-0.062739,28,0.0,i153/CLK,rise
i153/SI,-0.062739,-0.063314,0.296015,0.293543,i127/CLK,0.000000,0.000000,0.000000,0.230229,0.293543,-0.063314,28,0.0,i153/CLK,fall
i154/D,0.156292,0.153213,0.069395,0.072276,i43/i129/CLK,0.000000,0.000000,0.000000,0.225687,0.069395,0.156292,4,0.0,i154/CLK,rise
i154/D,0.156292,0.153213,0.069395,0.072276,i43/i129/CLK,0.000000,0.000000,0.000000,0.225489,0.072276,0.153213,4,0.0,i154/CLK,fall
i154/SE,-0.053154,-0.101745,0.272959,0.259912,i1550/CLK,0.000000,0.000000,0.000000,0.219805,0.272959,-0.053154,4,0.0,i154/CLK,rise
i154/SE,-0.053154,-0.101745,0.272959,0.259912,i1550/CLK,0.000000,0.000000,0.000000,0.158166,0.259912,-0.101745,4,0.0,i154/CLK,fall
i154/SI,-0.082358,-0.078746,0.315280,0.310073,i176/CLK,0.000000,0.000000,0.000000,0.232922,0.315280,-0.082358,32,0.0,i154/CLK,rise
i154/SI,-0.082358,-0.078746,0.315280,0.310073,i176/CLK,0.000000,0.000000,0.000000,0.231327,0.310073,-0.078746,32,0.0,i154/CLK,fall
i155/D,0.174373,0.176493,0.050310,0.051996,i43/i154/CLK,0.000000,0.000000,0.000000,0.224683,0.050310,0.174373,4,0.0,i155/CLK,rise
i155/D,0.174373,0.176493,0.050310,0.051996,i43/i154/CLK,0.000000,0.000000,0.000000,0.228489,0.051996,0.176493,4,0.0,i155/CLK,fall
i155/SE,0.019134,-0.016350,0.202614,0.191322,i1550/CLK,0.000000,0.000000,0.000000,0.221748,0.202614,0.019134,4,0.0,i155/CLK,rise
i155/SE,0.019134,-0.016350,0.202614,0.191322,i1550/CLK,0.000000,0.000000,0.000000,0.174972,0.191322,-0.016350,4,0.0,i155/CLK,fall
i155/SI,-0.066441,-0.065050,0.299703,0.295425,i105/CLK,0.000000,0.000000,0.000000,0.233262,0.299703,-0.066441,34,0.0,i155/CLK,rise
i155/SI,-0.066441,-0.065050,0.299703,0.295425,i105/CLK,0.000000,0.000000,0.000000,0.230375,0.295425,-0.065050,32,0.0,i155/CLK,fall
i156/D,0.173941,0.174148,0.051011,0.053294,i43/i155/CLK,0.000000,0.000000,0.000000,0.224951,0.051011,0.173941,4,0.0,i156/CLK,rise
i156/D,0.173941,0.174148,0.051011,0.053294,i43/i155/CLK,0.000000,0.000000,0.000000,0.227441,0.053294,0.174148,4,0.0,i156/CLK,fall
i156/SE,0.019209,-0.016263,0.202541,0.191251,i1550/CLK,0.000000,0.000000,0.000000,0.221750,0.202541,0.019209,4,0.0,i156/CLK,rise
i156/SE,0.019209,-0.016263,0.202541,0.191251,i1550/CLK,0.000000,0.000000,0.000000,0.174988,0.191251,-0.016263,4,0.0,i156/CLK,fall
i156/SI,-0.068114,-0.074225,0.301392,0.304053,i184/CLK,0.000000,0.000000,0.000000,0.233278,0.301392,-0.068114,32,0.0,i156/CLK,rise
i156/SI,-0.068114,-0.074225,0.301392,0.304053,i184/CLK,0.000000,0.000000,0.000000,0.229828,0.304053,-0.074225,32,0.0,i156/CLK,fall
i157/D,0.170125,0.168040,0.054586,0.059252,i43/i156/CLK,0.000000,0.000000,0.000000,0.224712,0.054586,0.170125,4,0.0,i157/CLK,rise
i157/D,0.170125,0.168040,0.054586,0.059252,i43/i156/CLK,0.000000,0.000000,0.000000,0.227292,0.059252,0.168040,4,0.0,i157/CLK,fall
i157/SE,0.021506,-0.013578,0.200301,0.189070,i1550/CLK,0.000000,0.000000,0.000000,0.221807,0.200301,0.021506,4,0.0,i157/CLK,rise
i157/SE,0.021506,-0.013578,0.200301,0.189070,i1550/CLK,0.000000,0.000000,0.000000,0.175492,0.189070,-0.013578,4,0.0,i157/CLK,fall
i157/SI,-0.057572,-0.056277,0.290830,0.286561,i96/CLK,0.000000,0.000000,0.000000,0.233258,0.290830,-0.057572,34,0.0,i157/CLK,rise
i157/SI,-0.057572,-0.056277,0.290830,0.286561,i96/CLK,0.000000,0.000000,0.000000,0.230284,0.286561,-0.056277,32,0.0,i157/CLK,fall
i158/D,0.174688,0.171318,0.051332,0.055243,i206/CLK,0.000000,0.000000,0.000000,0.226020,0.051332,0.174688,4,0.0,i158/CLK,rise
i158/D,0.174688,0.171318,0.051332,0.055243,i206/CLK,0.000000,0.000000,0.000000,0.226561,0.055243,0.171318,4,0.0,i158/CLK,fall
i158/SE,0.019477,-0.015949,0.202280,0.190997,i1550/CLK,0.000000,0.000000,0.000000,0.221757,0.202280,0.019477,4,0.0,i158/CLK,rise
i158/SE,0.019477,-0.015949,0.202280,0.190997,i1550/CLK,0.000000,0.000000,0.000000,0.175047,0.190997,-0.015949,4,0.0,i158/CLK,fall
i158/SI,-0.071374,-0.074590,0.304434,0.304330,i184/CLK,0.000000,0.000000,0.000000,0.233059,0.304434,-0.071374,30,0.0,i158/CLK,rise
i158/SI,-0.071374,-0.074590,0.304434,0.304330,i184/CLK,0.000000,0.000000,0.000000,0.229740,0.304330,-0.074590,32,0.0,i158/CLK,fall
i159/D,0.171480,0.169267,0.053270,0.058076,i43/i158/CLK,0.000000,0.000000,0.000000,0.224750,0.053270,0.171480,4,0.0,i159/CLK,rise
i159/D,0.171480,0.169267,0.053270,0.058076,i43/i158/CLK,0.000000,0.000000,0.000000,0.227343,0.058076,0.169267,4,0.0,i159/CLK,fall
i159/SE,0.022488,-0.012431,0.199343,0.188138,i1550/CLK,0.000000,0.000000,0.000000,0.221831,0.199343,0.022488,4,0.0,i159/CLK,rise
i159/SE,0.022488,-0.012431,0.199343,0.188138,i1550/CLK,0.000000,0.000000,0.000000,0.175707,0.188138,-0.012431,4,0.0,i159/CLK,fall
i159/SI,-0.073126,-0.075310,0.306379,0.305823,i184/CLK,0.000000,0.000000,0.000000,0.233254,0.306379,-0.073126,32,0.0,i159/CLK,rise
i159/SI,-0.073126,-0.075310,0.306379,0.305823,i184/CLK,0.000000,0.000000,0.000000,0.230513,0.305823,-0.075310,32,0.0,i159/CLK,fall
i160/D,0.166145,0.159699,0.059025,0.065457,i43/i159/CLK,0.000000,0.000000,0.000000,0.225170,0.059025,0.166145,4,0.0,i160/CLK,rise
i160/D,0.166145,0.159699,0.059025,0.065457,i43/i159/CLK,0.000000,0.000000,0.000000,0.225156,0.065457,0.159699,4,0.0,i160/CLK,fall
i160/SE,0.025838,-0.008518,0.196073,0.184954,i1550/CLK,0.000000,0.000000,0.000000,0.221912,0.196073,0.025838,4,0.0,i160/CLK,rise
i160/SE,0.025838,-0.008518,0.196073,0.184954,i1550/CLK,0.000000,0.000000,0.000000,0.176436,0.184954,-0.008518,4,0.0,i160/CLK,fall
i160/SI,-0.061799,-0.064066,0.295071,0.293686,i184/CLK,0.000000,0.000000,0.000000,0.233271,0.295071,-0.061799,30,0.0,i160/CLK,rise
i160/SI,-0.061799,-0.064066,0.295071,0.293686,i184/CLK,0.000000,0.000000,0.000000,0.229620,0.293686,-0.064066,32,0.0,i160/CLK,fall
i161/D,0.169792,0.171523,0.055092,0.057179,i209/CLK,0.000000,0.000000,0.000000,0.224884,0.055092,0.169792,4,0.0,i161/CLK,rise
i161/D,0.169792,0.171523,0.055092,0.057179,i209/CLK,0.000000,0.000000,0.000000,0.228702,0.057179,0.171523,4,0.0,i161/CLK,fall
i161/SE,0.024976,-0.009525,0.196915,0.185773,i1550/CLK,0.000000,0.000000,0.000000,0.221891,0.196915,0.024976,4,0.0,i161/CLK,rise
i161/SE,0.024976,-0.009525,0.196915,0.185773,i1550/CLK,0.000000,0.000000,0.000000,0.176248,0.185773,-0.009525,4,0.0,i161/CLK,fall
i161/SI,-0.076813,-0.073564,0.310083,0.303984,i96/CLK,0.000000,0.000000,0.000000,0.233270,0.310083,-0.076813,32,0.0,i161/CLK,rise
i161/SI,-0.076813,-0.073564,0.310083,0.303984,i96/CLK,0.000000,0.000000,0.000000,0.230420,0.303984,-0.073564,32,0.0,i161/CLK,fall
i162/D,0.170199,0.171589,0.054645,0.056688,i210/CLK,0.000000,0.000000,0.000000,0.224844,0.054645,0.170199,4,0.0,i162/CLK,rise
i162/D,0.170199,0.171589,0.054645,0.056688,i210/CLK,0.000000,0.000000,0.000000,0.228278,0.056688,0.171589,4,0.0,i162/CLK,fall
i162/SE,0.024834,-0.009690,0.197053,0.185908,i1550/CLK,0.000000,0.000000,0.000000,0.221887,0.197053,0.024834,4,0.0,i162/CLK,rise
i162/SE,0.024834,-0.009690,0.197053,0.185908,i1550/CLK,0.000000,0.000000,0.000000,0.176218,0.185908,-0.009690,4,0.0,i162/CLK,fall
i162/SI,-0.080676,-0.080243,0.313544,0.311584,i184/CLK,0.000000,0.000000,0.000000,0.232868,0.313544,-0.080676,32,0.0,i162/CLK,rise
i162/SI,-0.080676,-0.080243,0.313544,0.311584,i184/CLK,0.000000,0.000000,0.000000,0.231341,0.311584,-0.080243,28,0.0,i162/CLK,fall
i163/D,0.141334,0.139694,0.084857,0.087239,i43/i50/CLK,0.000000,0.000000,0.000000,0.226191,0.084857,0.141334,4,0.0,i163/CLK,rise
i163/D,0.141334,0.139694,0.084857,0.087239,i43/i50/CLK,0.000000,0.000000,0.000000,0.226933,0.087239,0.139694,4,0.0,i163/CLK,fall
i163/SE,-0.133795,-0.198532,0.351203,0.336567,i1550/CLK,0.000000,0.000000,0.000000,0.217408,0.351203,-0.133795,4,0.0,i163/CLK,rise
i163/SE,-0.133795,-0.198532,0.351203,0.336567,i1550/CLK,0.000000,0.000000,0.000000,0.138035,0.336567,-0.198532,4,0.0,i163/CLK,fall
i163/SI,-0.054834,-0.058258,0.288099,0.288053,i192/CLK,0.000000,0.000000,0.000000,0.233265,0.288099,-0.054834,28,0.0,i163/CLK,rise
i163/SI,-0.054834,-0.058258,0.288099,0.288053,i192/CLK,0.000000,0.000000,0.000000,0.229795,0.288053,-0.058258,30,0.0,i163/CLK,fall
i164/D,0.142760,0.142074,0.083747,0.085831,i43/i51/CLK,0.000000,0.000000,0.000000,0.226507,0.083747,0.142760,4,0.0,i164/CLK,rise
i164/D,0.142760,0.142074,0.083747,0.085831,i43/i51/CLK,0.000000,0.000000,0.000000,0.227905,0.085831,0.142074,4,0.0,i164/CLK,fall
i164/SE,-0.136581,-0.201901,0.353903,0.339220,i1550/CLK,0.000000,0.000000,0.000000,0.217322,0.353903,-0.136581,4,0.0,i164/CLK,rise
i164/SE,-0.136581,-0.201901,0.353903,0.339220,i1550/CLK,0.000000,0.000000,0.000000,0.137320,0.339220,-0.201901,4,0.0,i164/CLK,fall
i164/SI,-0.087445,-0.083694,0.320685,0.314516,i194/CLK,0.000000,0.000000,0.000000,0.233240,0.320685,-0.087445,32,0.0,i164/CLK,rise
i164/SI,-0.087445,-0.083694,0.320685,0.314516,i194/CLK,0.000000,0.000000,0.000000,0.230822,0.314516,-0.083694,32,0.0,i164/CLK,fall
i165/D,0.141176,0.140796,0.085410,0.087400,i43/i52/CLK,0.000000,0.000000,0.000000,0.226586,0.085410,0.141176,4,0.0,i165/CLK,rise
i165/D,0.141176,0.140796,0.085410,0.087400,i43/i52/CLK,0.000000,0.000000,0.000000,0.228196,0.087400,0.140796,4,0.0,i165/CLK,fall
i165/SE,-0.136648,-0.201981,0.353968,0.339284,i1550/CLK,0.000000,0.000000,0.000000,0.217320,0.353968,-0.136648,4,0.0,i165/CLK,rise
i165/SE,-0.136648,-0.201981,0.353968,0.339284,i1550/CLK,0.000000,0.000000,0.000000,0.137303,0.339284,-0.201981,4,0.0,i165/CLK,fall
i165/SI,-0.076594,-0.075901,0.309829,0.306440,i111/CLK,0.000000,0.000000,0.000000,0.233235,0.309829,-0.076594,34,0.0,i165/CLK,rise
i165/SI,-0.076594,-0.075901,0.309829,0.306440,i111/CLK,0.000000,0.000000,0.000000,0.230540,0.306440,-0.075901,32,0.0,i165/CLK,fall
i166/D,0.143920,0.142813,0.082470,0.084654,i43/i53/CLK,0.000000,0.000000,0.000000,0.226389,0.082470,0.143920,4,0.0,i166/CLK,rise
i166/D,0.143920,0.142813,0.082470,0.084654,i43/i53/CLK,0.000000,0.000000,0.000000,0.227468,0.084654,0.142813,4,0.0,i166/CLK,fall
i166/SE,-0.135396,-0.200467,0.352754,0.338092,i1550/CLK,0.000000,0.000000,0.000000,0.217358,0.352754,-0.135396,4,0.0,i166/CLK,rise
i166/SE,-0.135396,-0.200467,0.352754,0.338092,i1550/CLK,0.000000,0.000000,0.000000,0.137624,0.338092,-0.200467,4,0.0,i166/CLK,fall
i166/SI,-0.086893,-0.082993,0.320135,0.313809,i194/CLK,0.000000,0.000000,0.000000,0.233242,0.320135,-0.086893,32,0.0,i166/CLK,rise
i166/SI,-0.086893,-0.082993,0.320135,0.313809,i194/CLK,0.000000,0.000000,0.000000,0.230816,0.313809,-0.082993,32,0.0,i166/CLK,fall
i167/D,0.145481,0.144355,0.080893,0.083064,i43/i54/CLK,0.000000,0.000000,0.000000,0.226375,0.080893,0.145481,4,0.0,i167/CLK,rise
i167/D,0.145481,0.144355,0.080893,0.083064,i43/i54/CLK,0.000000,0.000000,0.000000,0.227419,0.083064,0.144355,4,0.0,i167/CLK,fall
i167/SE,-0.135296,-0.200347,0.352658,0.337997,i1550/CLK,0.000000,0.000000,0.000000,0.217361,0.352658,-0.135296,4,0.0,i167/CLK,rise
i167/SE,-0.135296,-0.200347,0.352658,0.337997,i1550/CLK,0.000000,0.000000,0.000000,0.137650,0.337997,-0.200347,4,0.0,i167/CLK,fall
i167/SI,-0.086570,-0.082634,0.319810,0.313391,i194/CLK,0.000000,0.000000,0.000000,0.233240,0.319810,-0.086570,32,0.0,i167/CLK,rise
i167/SI,-0.086570,-0.082634,0.319810,0.313391,i194/CLK,0.000000,0.000000,0.000000,0.230758,0.313391,-0.082634,32,0.0,i167/CLK,fall
i168/D,0.150326,0.148455,0.075810,0.078168,i43/i55/CLK,0.000000,0.000000,0.000000,0.226136,0.075810,0.150326,4,0.0,i168/CLK,rise
i168/D,0.150326,0.148455,0.075810,0.078168,i43/i55/CLK,0.000000,0.000000,0.000000,0.226624,0.078168,0.148455,4,0.0,i168/CLK,fall
i168/SE,-0.136072,-0.201284,0.353409,0.338735,i1550/CLK,0.000000,0.000000,0.000000,0.217338,0.353409,-0.136072,4,0.0,i168/CLK,rise
i168/SE,-0.136072,-0.201284,0.353409,0.338735,i1550/CLK,0.000000,0.000000,0.000000,0.137451,0.338735,-0.201284,4,0.0,i168/CLK,fall
i168/SI,-0.087001,-0.096073,0.320253,0.326112,i111/CLK,0.000000,0.000000,0.000000,0.233251,0.320253,-0.087001,32,0.0,i168/CLK,rise
i168/SI,-0.087001,-0.096073,0.320253,0.326112,i111/CLK,0.000000,0.000000,0.000000,0.230039,0.326112,-0.096073,32,0.0,i168/CLK,fall
i169/D,0.157518,0.154445,0.068173,0.071008,i43/i56/CLK,0.000000,0.000000,0.000000,0.225691,0.068173,0.157518,4,0.0,i169/CLK,rise
i169/D,0.157518,0.154445,0.068173,0.071008,i43/i56/CLK,0.000000,0.000000,0.000000,0.225453,0.071008,0.154445,4,0.0,i169/CLK,fall
i169/SE,-0.136263,-0.201515,0.353594,0.338917,i1550/CLK,0.000000,0.000000,0.000000,0.217332,0.353594,-0.136263,4,0.0,i169/CLK,rise
i169/SE,-0.136263,-0.201515,0.353594,0.338917,i1550/CLK,0.000000,0.000000,0.000000,0.137402,0.338917,-0.201515,4,0.0,i169/CLK,fall
i169/SI,-0.083785,-0.080520,0.316858,0.311669,i149/CLK,0.000000,0.000000,0.000000,0.233073,0.316858,-0.083785,28,0.0,i169/CLK,rise
i169/SI,-0.083785,-0.080520,0.316858,0.311669,i149/CLK,0.000000,0.000000,0.000000,0.231149,0.311669,-0.080520,28,0.0,i169/CLK,fall
i170/D,0.142263,0.141578,0.084252,0.086312,i43/i57/CLK,0.000000,0.000000,0.000000,0.226516,0.084252,0.142263,4,0.0,i170/CLK,rise
i170/D,0.142263,0.141578,0.084252,0.086312,i43/i57/CLK,0.000000,0.000000,0.000000,0.227890,0.086312,0.141578,4,0.0,i170/CLK,fall
i170/SE,-0.136653,-0.201986,0.353972,0.339288,i1550/CLK,0.000000,0.000000,0.000000,0.217320,0.353972,-0.136653,4,0.0,i170/CLK,rise
i170/SE,-0.136653,-0.201986,0.353972,0.339288,i1550/CLK,0.000000,0.000000,0.000000,0.137301,0.339288,-0.201986,4,0.0,i170/CLK,fall
i170/SI,-0.096701,-0.085848,0.329419,0.317491,i111/CLK,0.000000,0.000000,0.000000,0.232718,0.329419,-0.096701,32,0.0,i170/CLK,rise
i170/SI,-0.096701,-0.085848,0.329419,0.317491,i111/CLK,0.000000,0.000000,0.000000,0.231643,0.317491,-0.085848,32,0.0,i170/CLK,fall
i171/D,0.136167,0.138883,0.091313,0.091360,i43/i82/CLK,0.000000,0.000000,0.000000,0.227480,0.091313,0.136167,4,0.0,i171/CLK,rise
i171/D,0.136167,0.138883,0.091313,0.091360,i43/i82/CLK,0.000000,0.000000,0.000000,0.230244,0.091360,0.138883,4,0.0,i171/CLK,fall
i171/SE,-0.134760,-0.199698,0.352138,0.337486,i1550/CLK,0.000000,0.000000,0.000000,0.217378,0.352138,-0.134760,4,0.0,i171/CLK,rise
i171/SE,-0.134760,-0.199698,0.352138,0.337486,i1550/CLK,0.000000,0.000000,0.000000,0.137788,0.337486,-0.199698,4,0.0,i171/CLK,fall
i171/SI,-0.080528,-0.078468,0.313798,0.308245,i80/CLK,0.000000,0.000000,0.000000,0.233270,0.313798,-0.080528,36,0.0,i171/CLK,rise
i171/SI,-0.080528,-0.078468,0.313798,0.308245,i80/CLK,0.000000,0.000000,0.000000,0.229777,0.308245,-0.078468,36,0.0,i171/CLK,fall
i172/D,0.134066,0.137571,0.093336,0.093049,i43/i83/CLK,0.000000,0.000000,0.000000,0.227402,0.093336,0.134066,4,0.0,i172/CLK,rise
i172/D,0.134066,0.137571,0.093336,0.093049,i43/i83/CLK,0.000000,0.000000,0.000000,0.230621,0.093049,0.137571,4,0.0,i172/CLK,fall
i172/SE,-0.133630,-0.198332,0.351042,0.336410,i1550/CLK,0.000000,0.000000,0.000000,0.217413,0.351042,-0.133630,4,0.0,i172/CLK,rise
i172/SE,-0.133630,-0.198332,0.351042,0.336410,i1550/CLK,0.000000,0.000000,0.000000,0.138078,0.336410,-0.198332,4,0.0,i172/CLK,fall
i172/SI,-0.085767,-0.082875,0.318990,0.312787,i168/CLK,0.000000,0.000000,0.000000,0.233223,0.318990,-0.085767,32,0.0,i172/CLK,rise
i172/SI,-0.085767,-0.082875,0.318990,0.312787,i168/CLK,0.000000,0.000000,0.000000,0.229912,0.312787,-0.082875,32,0.0,i172/CLK,fall
i173/D,0.125276,0.126735,0.101874,0.103122,i43/i84/CLK,0.000000,0.000000,0.000000,0.227150,0.101874,0.125276,4,0.0,i173/CLK,rise
i173/D,0.125276,0.126735,0.101874,0.103122,i43/i84/CLK,0.000000,0.000000,0.000000,0.229856,0.103122,0.126735,4,0.0,i173/CLK,fall
i173/SE,-0.134503,-0.199388,0.351889,0.337241,i1550/CLK,0.000000,0.000000,0.000000,0.217386,0.351889,-0.134503,4,0.0,i173/CLK,rise
i173/SE,-0.134503,-0.199388,0.351889,0.337241,i1550/CLK,0.000000,0.000000,0.000000,0.137853,0.337241,-0.199388,4,0.0,i173/CLK,fall
i173/SI,-0.059088,-0.055937,0.292341,0.286137,i157/CLK,0.000000,0.000000,0.000000,0.233252,0.292341,-0.059088,34,0.0,i173/CLK,rise
i173/SI,-0.059088,-0.055937,0.292341,0.286137,i157/CLK,0.000000,0.000000,0.000000,0.230200,0.286137,-0.055937,34,0.0,i173/CLK,fall
i174/D,0.140517,0.139953,0.086050,0.088043,i43/i85/CLK,0.000000,0.000000,0.000000,0.226567,0.086050,0.140517,4,0.0,i174/CLK,rise
i174/D,0.140517,0.139953,0.086050,0.088043,i43/i85/CLK,0.000000,0.000000,0.000000,0.227996,0.088043,0.139953,4,0.0,i174/CLK,fall
i174/SE,-0.134675,-0.199596,0.352056,0.337406,i1550/CLK,0.000000,0.000000,0.000000,0.217381,0.352056,-0.134675,4,0.0,i174/CLK,rise
i174/SE,-0.134675,-0.199596,0.352056,0.337406,i1550/CLK,0.000000,0.000000,0.000000,0.137809,0.337406,-0.199596,4,0.0,i174/CLK,fall
i174/SI,-0.089879,-0.086701,0.323154,0.317011,i168/CLK,0.000000,0.000000,0.000000,0.233276,0.323154,-0.089879,32,0.0,i174/CLK,rise
i174/SI,-0.089879,-0.086701,0.323154,0.317011,i168/CLK,0.000000,0.000000,0.000000,0.230310,0.317011,-0.086701,32,0.0,i174/CLK,fall
i175/D,0.134153,0.136560,0.093351,0.093557,i43/i86/CLK,0.000000,0.000000,0.000000,0.227505,0.093351,0.134153,4,0.0,i175/CLK,rise
i175/D,0.134153,0.136560,0.093351,0.093557,i43/i86/CLK,0.000000,0.000000,0.000000,0.230117,0.093557,0.136560,4,0.0,i175/CLK,fall
i175/SE,-0.138665,-0.204419,0.355922,0.341203,i1550/CLK,0.000000,0.000000,0.000000,0.217257,0.355922,-0.138665,4,0.0,i175/CLK,rise
i175/SE,-0.138665,-0.204419,0.355922,0.341203,i1550/CLK,0.000000,0.000000,0.000000,0.136784,0.341203,-0.204419,4,0.0,i175/CLK,fall
i175/SI,-0.086783,-0.083799,0.319869,0.313644,i168/CLK,0.000000,0.000000,0.000000,0.233085,0.319869,-0.086783,32,0.0,i175/CLK,rise
i175/SI,-0.086783,-0.083799,0.319869,0.313644,i168/CLK,0.000000,0.000000,0.000000,0.229845,0.313644,-0.083799,32,0.0,i175/CLK,fall
i176/D,0.125841,0.135067,0.100809,0.097940,i43/i87/CLK,0.000000,0.000000,0.000000,0.226649,0.100809,0.125841,4,0.0,i176/CLK,rise
i176/D,0.125841,0.135067,0.100809,0.097940,i43/i87/CLK,0.000000,0.000000,0.000000,0.233007,0.097940,0.135067,4,0.0,i176/CLK,fall
i176/SE,-0.139679,-0.205654,0.356905,0.342176,i1550/CLK,0.000000,0.000000,0.000000,0.217226,0.356905,-0.139679,4,0.0,i176/CLK,rise
i176/SE,-0.139679,-0.205654,0.356905,0.342176,i1550/CLK,0.000000,0.000000,0.000000,0.136521,0.342176,-0.205654,4,0.0,i176/CLK,fall
i176/SI,-0.077360,-0.084467,0.310619,0.313997,i168/CLK,0.000000,0.000000,0.000000,0.233259,0.310619,-0.077360,32,0.0,i176/CLK,rise
i176/SI,-0.077360,-0.084467,0.310619,0.313997,i168/CLK,0.000000,0.000000,0.000000,0.229530,0.313997,-0.084467,32,0.0,i176/CLK,fall
i177/D,0.132221,0.133331,0.094933,0.096135,i43/i88/CLK,0.000000,0.000000,0.000000,0.227154,0.094933,0.132221,4,0.0,i177/CLK,rise
i177/D,0.132221,0.133331,0.094933,0.096135,i43/i88/CLK,0.000000,0.000000,0.000000,0.229467,0.096135,0.133331,4,0.0,i177/CLK,fall
i177/SE,-0.139191,-0.205066,0.356432,0.341712,i1550/CLK,0.000000,0.000000,0.000000,0.217241,0.356432,-0.139191,4,0.0,i177/CLK,rise
i177/SE,-0.139191,-0.205066,0.356432,0.341712,i1550/CLK,0.000000,0.000000,0.000000,0.136646,0.341712,-0.205066,4,0.0,i177/CLK,fall
i177/SI,-0.061138,-0.059572,0.294208,0.290848,i118/CLK,0.000000,0.000000,0.000000,0.233070,0.294208,-0.061138,30,0.0,i177/CLK,rise
i177/SI,-0.061138,-0.059572,0.294208,0.290848,i118/CLK,0.000000,0.000000,0.000000,0.231275,0.290848,-0.059572,30,0.0,i177/CLK,fall
i178/D,0.126360,0.131194,0.100904,0.100253,i43/i89/CLK,0.000000,0.000000,0.000000,0.227264,0.100904,0.126360,4,0.0,i178/CLK,rise
i178/D,0.126360,0.131194,0.100904,0.100253,i43/i89/CLK,0.000000,0.000000,0.000000,0.231447,0.100253,0.131194,4,0.0,i178/CLK,fall
i178/SE,-0.139001,-0.204840,0.356248,0.341535,i1550/CLK,0.000000,0.000000,0.000000,0.217247,0.356248,-0.139001,4,0.0,i178/CLK,rise
i178/SE,-0.139001,-0.204840,0.356248,0.341535,i1550/CLK,0.000000,0.000000,0.000000,0.136695,0.341535,-0.204840,4,0.0,i178/CLK,fall
i178/SI,-0.059191,-0.056056,0.291719,0.286000,i157/CLK,0.000000,0.000000,0.000000,0.232528,0.291719,-0.059191,32,0.0,i178/CLK,rise
i178/SI,-0.059191,-0.056056,0.291719,0.286000,i157/CLK,0.000000,0.000000,0.000000,0.229944,0.286000,-0.056056,34,0.0,i178/CLK,fall
i179/D,0.104698,0.115502,0.121157,0.115144,i43/i114/CLK,0.000000,0.000000,0.000000,0.225855,0.121157,0.104698,4,0.0,i179/CLK,rise
i179/D,0.104698,0.115502,0.121157,0.115144,i43/i114/CLK,0.000000,0.000000,0.000000,0.230646,0.115144,0.115502,4,0.0,i179/CLK,fall
i179/SE,0.050971,0.020652,0.171515,0.161026,i1550/CLK,0.000000,0.000000,0.000000,0.222486,0.171515,0.050971,4,0.0,i179/CLK,rise
i179/SE,0.050971,0.020652,0.171515,0.161026,i1550/CLK,0.000000,0.000000,0.000000,0.181678,0.161026,0.020652,4,0.0,i179/CLK,fall
i179/SI,-0.072611,-0.068214,0.303573,0.301189,i90/CLK,0.000000,0.000000,0.000000,0.230961,0.303573,-0.072611,34,0.0,i179/CLK,rise
i179/SI,-0.072611,-0.068214,0.303573,0.301189,i90/CLK,0.000000,0.000000,0.000000,0.232976,0.301189,-0.068214,34,0.0,i179/CLK,fall
i180/D,0.146557,0.146021,0.080019,0.081663,i43/i115/CLK,0.000000,0.000000,0.000000,0.226576,0.080019,0.146557,4,0.0,i180/CLK,rise
i180/D,0.146557,0.146021,0.080019,0.081663,i43/i115/CLK,0.000000,0.000000,0.000000,0.227684,0.081663,0.146021,4,0.0,i180/CLK,fall
i180/SE,-0.015518,-0.057082,0.236366,0.224198,i1550/CLK,0.000000,0.000000,0.000000,0.220849,0.236366,-0.015518,4,0.0,i180/CLK,rise
i180/SE,-0.015518,-0.057082,0.236366,0.224198,i1550/CLK,0.000000,0.000000,0.000000,0.167116,0.224198,-0.057082,4,0.0,i180/CLK,fall
i180/SI,-0.087250,-0.080077,0.320494,0.310818,i176/CLK,0.000000,0.000000,0.000000,0.233244,0.320494,-0.087250,32,0.0,i180/CLK,rise
i180/SI,-0.087250,-0.080077,0.320494,0.310818,i176/CLK,0.000000,0.000000,0.000000,0.230741,0.310818,-0.080077,32,0.0,i180/CLK,fall
i181/D,0.137398,0.137900,0.089510,0.090997,i43/i116/CLK,0.000000,0.000000,0.000000,0.226907,0.089510,0.137398,4,0.0,i181/CLK,rise
i181/D,0.137398,0.137900,0.089510,0.090997,i43/i116/CLK,0.000000,0.000000,0.000000,0.228898,0.090997,0.137900,4,0.0,i181/CLK,fall
i181/SE,0.036852,0.004304,0.185320,0.174482,i1550/CLK,0.000000,0.000000,0.000000,0.222172,0.185320,0.036852,4,0.0,i181/CLK,rise
i181/SE,0.036852,0.004304,0.185320,0.174482,i1550/CLK,0.000000,0.000000,0.000000,0.178786,0.174482,0.004304,4,0.0,i181/CLK,fall
i181/SI,-0.065954,-0.057230,0.296919,0.290119,i90/CLK,0.000000,0.000000,0.000000,0.230965,0.296919,-0.065954,34,0.0,i181/CLK,rise
i181/SI,-0.065954,-0.057230,0.296919,0.290119,i90/CLK,0.000000,0.000000,0.000000,0.232889,0.290119,-0.057230,34,0.0,i181/CLK,fall
i182/D,0.136930,0.138882,0.090479,0.090872,i43/i117/CLK,0.000000,0.000000,0.000000,0.227409,0.090479,0.136930,4,0.0,i182/CLK,rise
i182/D,0.136930,0.138882,0.090479,0.090872,i43/i117/CLK,0.000000,0.000000,0.000000,0.229754,0.090872,0.138882,4,0.0,i182/CLK,fall
i182/SE,-0.015482,-0.057040,0.236332,0.224164,i1550/CLK,0.000000,0.000000,0.000000,0.220850,0.236332,-0.015482,4,0.0,i182/CLK,rise
i182/SE,-0.015482,-0.057040,0.236332,0.224164,i1550/CLK,0.000000,0.000000,0.000000,0.167124,0.224164,-0.057040,4,0.0,i182/CLK,fall
i182/SI,-0.091999,-0.085353,0.323917,0.317193,i176/CLK,0.000000,0.000000,0.000000,0.231918,0.323917,-0.091999,32,0.0,i182/CLK,rise
i182/SI,-0.091999,-0.085353,0.323917,0.317193,i176/CLK,0.000000,0.000000,0.000000,0.231840,0.317193,-0.085353,32,0.0,i182/CLK,fall
i183/D,0.139605,0.140440,0.087444,0.088496,i43/i118/CLK,0.000000,0.000000,0.000000,0.227049,0.087444,0.139605,4,0.0,i183/CLK,rise
i183/D,0.139605,0.140440,0.087444,0.088496,i43/i118/CLK,0.000000,0.000000,0.000000,0.228937,0.088496,0.140440,4,0.0,i183/CLK,fall
i183/SE,-0.015439,-0.056990,0.236290,0.224123,i1550/CLK,0.000000,0.000000,0.000000,0.220851,0.236290,-0.015439,4,0.0,i183/CLK,rise
i183/SE,-0.015439,-0.056990,0.236290,0.224123,i1550/CLK,0.000000,0.000000,0.000000,0.167134,0.224123,-0.056990,4,0.0,i183/CLK,fall
i183/SI,-0.093219,-0.085865,0.324763,0.317873,i176/CLK,0.000000,0.000000,0.000000,0.231544,0.324763,-0.093219,32,0.0,i183/CLK,rise
i183/SI,-0.093219,-0.085865,0.324763,0.317873,i176/CLK,0.000000,0.000000,0.000000,0.232007,0.317873,-0.085865,32,0.0,i183/CLK,fall
i184/D,0.135918,0.138222,0.091583,0.091770,i43/i119/CLK,0.000000,0.000000,0.000000,0.227502,0.091583,0.135918,4,0.0,i184/CLK,rise
i184/D,0.135918,0.138222,0.091583,0.091770,i43/i119/CLK,0.000000,0.000000,0.000000,0.229992,0.091770,0.138222,4,0.0,i184/CLK,fall
i184/SE,-0.027869,-0.071698,0.248381,0.235915,i1550/CLK,0.000000,0.000000,0.000000,0.220512,0.248381,-0.027869,4,0.0,i184/CLK,rise
i184/SE,-0.027869,-0.071698,0.248381,0.235915,i1550/CLK,0.000000,0.000000,0.000000,0.164217,0.235915,-0.071698,4,0.0,i184/CLK,fall
i184/SI,-0.068911,-0.068930,0.299895,0.300862,i176/CLK,0.000000,0.000000,0.000000,0.230985,0.299895,-0.068911,32,0.0,i184/CLK,rise
i184/SI,-0.068911,-0.068930,0.299895,0.300862,i176/CLK,0.000000,0.000000,0.000000,0.231932,0.300862,-0.068930,32,0.0,i184/CLK,fall
i185/D,0.131424,0.134275,0.096022,0.096151,i43/i120/CLK,0.000000,0.000000,0.000000,0.227447,0.096022,0.131424,4,0.0,i185/CLK,rise
i185/D,0.131424,0.134275,0.096022,0.096151,i43/i120/CLK,0.000000,0.000000,0.000000,0.230426,0.096151,0.134275,4,0.0,i185/CLK,fall
i185/SE,-0.020817,-0.063348,0.241522,0.229225,i1550/CLK,0.000000,0.000000,0.000000,0.220705,0.241522,-0.020817,4,0.0,i185/CLK,rise
i185/SE,-0.020817,-0.063348,0.241522,0.229225,i1550/CLK,0.000000,0.000000,0.000000,0.165877,0.229225,-0.063348,4,0.0,i185/CLK,fall
i185/SI,-0.066096,-0.060975,0.297075,0.293764,i176/CLK,0.000000,0.000000,0.000000,0.230980,0.297075,-0.066096,30,0.0,i185/CLK,rise
i185/SI,-0.066096,-0.060975,0.297075,0.293764,i176/CLK,0.000000,0.000000,0.000000,0.232789,0.293764,-0.060975,30,0.0,i185/CLK,fall
i186/D,0.130287,0.136237,0.096865,0.095677,i43/i121/CLK,0.000000,0.000000,0.000000,0.227152,0.096865,0.130287,4,0.0,i186/CLK,rise
i186/D,0.130287,0.136237,0.096865,0.095677,i43/i121/CLK,0.000000,0.000000,0.000000,0.231914,0.095677,0.136237,4,0.0,i186/CLK,fall
i186/SE,0.041712,0.009944,0.180570,0.169855,i1550/CLK,0.000000,0.000000,0.000000,0.222283,0.180570,0.041712,4,0.0,i186/CLK,rise
i186/SE,0.041712,0.009944,0.180570,0.169855,i1550/CLK,0.000000,0.000000,0.000000,0.179799,0.169855,0.009944,4,0.0,i186/CLK,fall
i186/SI,-0.087208,-0.078375,0.318142,0.310855,i125/CLK,0.000000,0.000000,0.000000,0.230934,0.318142,-0.087208,32,0.0,i186/CLK,rise
i186/SI,-0.087208,-0.078375,0.318142,0.310855,i125/CLK,0.000000,0.000000,0.000000,0.232480,0.310855,-0.078375,32,0.0,i186/CLK,fall
i187/D,0.175194,0.176127,0.049586,0.051793,i195/CLK,0.000000,0.000000,0.000000,0.224780,0.049586,0.175194,4,0.0,i187/CLK,rise
i187/D,0.175194,0.176127,0.049586,0.051793,i195/CLK,0.000000,0.000000,0.000000,0.227921,0.051793,0.176127,4,0.0,i187/CLK,fall
i187/SE,0.018839,-0.016695,0.202902,0.191602,i1550/CLK,0.000000,0.000000,0.000000,0.221741,0.202902,0.018839,4,0.0,i187/CLK,rise
i187/SE,0.018839,-0.016695,0.202902,0.191602,i1550/CLK,0.000000,0.000000,0.000000,0.174907,0.191602,-0.016695,4,0.0,i187/CLK,fall
i187/SI,-0.066462,-0.064510,0.299733,0.294324,i105/CLK,0.000000,0.000000,0.000000,0.233271,0.299733,-0.066462,34,0.0,i187/CLK,rise
i187/SI,-0.066462,-0.064510,0.299733,0.294324,i105/CLK,0.000000,0.000000,0.000000,0.229813,0.294324,-0.064510,34,0.0,i187/CLK,fall
i188/D,0.171165,0.168938,0.053597,0.058315,i43/i147/CLK,0.000000,0.000000,0.000000,0.224762,0.053597,0.171165,4,0.0,i188/CLK,rise
i188/D,0.171165,0.168938,0.053597,0.058315,i43/i147/CLK,0.000000,0.000000,0.000000,0.227253,0.058315,0.168938,4,0.0,i188/CLK,fall
i188/SE,0.018913,-0.016609,0.202829,0.191532,i1550/CLK,0.000000,0.000000,0.000000,0.221743,0.202829,0.018913,4,0.0,i188/CLK,rise
i188/SE,0.018913,-0.016609,0.202829,0.191532,i1550/CLK,0.000000,0.000000,0.000000,0.174923,0.191532,-0.016609,4,0.0,i188/CLK,fall
i188/SI,-0.083360,-0.080356,0.316635,0.310413,i184/CLK,0.000000,0.000000,0.000000,0.233275,0.316635,-0.083360,32,0.0,i188/CLK,rise
i188/SI,-0.083360,-0.080356,0.316635,0.310413,i184/CLK,0.000000,0.000000,0.000000,0.230058,0.310413,-0.080356,32,0.0,i188/CLK,fall
i189/D,0.172507,0.171608,0.052102,0.056357,i43/i148/CLK,0.000000,0.000000,0.000000,0.224609,0.052102,0.172507,4,0.0,i189/CLK,rise
i189/D,0.172507,0.171608,0.052102,0.056357,i43/i148/CLK,0.000000,0.000000,0.000000,0.227965,0.056357,0.171608,4,0.0,i189/CLK,fall
i189/SE,0.018855,-0.016677,0.202887,0.191588,i1550/CLK,0.000000,0.000000,0.000000,0.221741,0.202887,0.018855,4,0.0,i189/CLK,rise
i189/SE,0.018855,-0.016677,0.202887,0.191588,i1550/CLK,0.000000,0.000000,0.000000,0.174910,0.191588,-0.016677,4,0.0,i189/CLK,fall
i189/SI,-0.065765,-0.062423,0.299038,0.292963,i96/CLK,0.000000,0.000000,0.000000,0.233273,0.299038,-0.065765,34,0.0,i189/CLK,rise
i189/SI,-0.065765,-0.062423,0.299038,0.292963,i96/CLK,0.000000,0.000000,0.000000,0.230540,0.292963,-0.062423,34,0.0,i189/CLK,fall
i190/D,0.168161,0.169024,0.056849,0.059114,i43/i149/CLK,0.000000,0.000000,0.000000,0.225010,0.056849,0.168161,4,0.0,i190/CLK,rise
i190/D,0.168161,0.169024,0.056849,0.059114,i43/i149/CLK,0.000000,0.000000,0.000000,0.228139,0.059114,0.169024,4,0.0,i190/CLK,fall
i190/SE,0.018230,-0.017408,0.203495,0.192181,i1550/CLK,0.000000,0.000000,0.000000,0.221726,0.203495,0.018230,4,0.0,i190/CLK,rise
i190/SE,0.018230,-0.017408,0.203495,0.192181,i1550/CLK,0.000000,0.000000,0.000000,0.174773,0.192181,-0.017408,4,0.0,i190/CLK,fall
i190/SI,-0.084896,-0.081422,0.318154,0.311879,i184/CLK,0.000000,0.000000,0.000000,0.233259,0.318154,-0.084896,32,0.0,i190/CLK,rise
i190/SI,-0.084896,-0.081422,0.318154,0.311879,i184/CLK,0.000000,0.000000,0.000000,0.230458,0.311879,-0.081422,32,0.0,i190/CLK,fall
i191/D,0.171112,0.169894,0.053723,0.057517,i43/i150/CLK,0.000000,0.000000,0.000000,0.224835,0.053723,0.171112,4,0.0,i191/CLK,rise
i191/D,0.171112,0.169894,0.053723,0.057517,i43/i150/CLK,0.000000,0.000000,0.000000,0.227411,0.057517,0.169894,4,0.0,i191/CLK,fall
i191/SE,0.023659,-0.011061,0.198199,0.187024,i1550/CLK,0.000000,0.000000,0.000000,0.221859,0.198199,0.023659,4,0.0,i191/CLK,rise
i191/SE,0.023659,-0.011061,0.198199,0.187024,i1550/CLK,0.000000,0.000000,0.000000,0.175962,0.187024,-0.011061,4,0.0,i191/CLK,fall
i191/SI,-0.083729,-0.080588,0.317001,0.310773,i184/CLK,0.000000,0.000000,0.000000,0.233272,0.317001,-0.083729,32,0.0,i191/CLK,rise
i191/SI,-0.083729,-0.080588,0.317001,0.310773,i184/CLK,0.000000,0.000000,0.000000,0.230186,0.310773,-0.080588,32,0.0,i191/CLK,fall
i192/D,0.170999,0.167463,0.053965,0.059021,i43/i151/CLK,0.000000,0.000000,0.000000,0.224964,0.053965,0.170999,4,0.0,i192/CLK,rise
i192/D,0.170999,0.167463,0.053965,0.059021,i43/i151/CLK,0.000000,0.000000,0.000000,0.226484,0.059021,0.167463,4,0.0,i192/CLK,fall
i192/SE,0.023812,-0.010884,0.198051,0.186879,i1550/CLK,0.000000,0.000000,0.000000,0.221862,0.198051,0.023812,4,0.0,i192/CLK,rise
i192/SE,0.023812,-0.010884,0.198051,0.186879,i1550/CLK,0.000000,0.000000,0.000000,0.175996,0.186879,-0.010884,4,0.0,i192/CLK,fall
i192/SI,-0.062787,-0.069680,0.296050,0.299337,i184/CLK,0.000000,0.000000,0.000000,0.233263,0.296050,-0.062787,32,0.0,i192/CLK,rise
i192/SI,-0.062787,-0.069680,0.296050,0.299337,i184/CLK,0.000000,0.000000,0.000000,0.229657,0.299337,-0.069680,32,0.0,i192/CLK,fall
i193/D,0.170497,0.167149,0.054395,0.059530,i43/i152/CLK,0.000000,0.000000,0.000000,0.224892,0.054395,0.170497,4,0.0,i193/CLK,rise
i193/D,0.170497,0.167149,0.054395,0.059530,i43/i152/CLK,0.000000,0.000000,0.000000,0.226678,0.059530,0.167149,4,0.0,i193/CLK,fall
i193/SE,0.023955,-0.010716,0.197911,0.186743,i1550/CLK,0.000000,0.000000,0.000000,0.221866,0.197911,0.023955,4,0.0,i193/CLK,rise
i193/SE,0.023955,-0.010716,0.197911,0.186743,i1550/CLK,0.000000,0.000000,0.000000,0.176027,0.186743,-0.010716,4,0.0,i193/CLK,fall
i193/SI,-0.078558,-0.074960,0.311397,0.306411,i141/CLK,0.000000,0.000000,0.000000,0.232839,0.311397,-0.078558,28,0.0,i193/CLK,rise
i193/SI,-0.078558,-0.074960,0.311397,0.306411,i141/CLK,0.000000,0.000000,0.000000,0.231452,0.306411,-0.074960,28,0.0,i193/CLK,fall
i194/D,0.172148,0.173954,0.052621,0.054548,i202/CLK,0.000000,0.000000,0.000000,0.224769,0.052621,0.172148,4,0.0,i194/CLK,rise
i194/D,0.172148,0.173954,0.052621,0.054548,i202/CLK,0.000000,0.000000,0.000000,0.228501,0.054548,0.173954,4,0.0,i194/CLK,fall
i194/SE,0.023522,-0.011222,0.198334,0.187155,i1550/CLK,0.000000,0.000000,0.000000,0.221855,0.198334,0.023522,4,0.0,i194/CLK,rise
i194/SE,0.023522,-0.011222,0.198334,0.187155,i1550/CLK,0.000000,0.000000,0.000000,0.175932,0.187155,-0.011222,4,0.0,i194/CLK,fall
i194/SI,-0.079639,-0.081707,0.312880,0.312173,i184/CLK,0.000000,0.000000,0.000000,0.233241,0.312880,-0.079639,30,0.0,i194/CLK,rise
i194/SI,-0.079639,-0.081707,0.312880,0.312173,i184/CLK,0.000000,0.000000,0.000000,0.230465,0.312173,-0.081707,32,0.0,i194/CLK,fall
i43/i101/SI,-0.059650,-0.056698,0.292069,0.293348,i43/i159/CLK,0.000000,0.000000,0.000000,0.232419,0.292069,-0.059650,30,0.0,i43/i101/CLK,rise
i43/i101/SI,-0.059650,-0.056698,0.292069,0.293348,i43/i159/CLK,0.000000,0.000000,0.000000,0.236651,0.293348,-0.056698,30,0.0,i43/i101/CLK,fall
i43/i102/SI,-0.070175,-0.065388,0.304095,0.302904,i43/i159/CLK,0.000000,0.000000,0.000000,0.233920,0.304095,-0.070175,32,0.0,i43/i102/CLK,rise
i43/i102/SI,-0.070175,-0.065388,0.304095,0.302904,i43/i159/CLK,0.000000,0.000000,0.000000,0.237516,0.302904,-0.065388,30,0.0,i43/i102/CLK,fall
i43/i103/SI,-0.075138,-0.067457,0.308688,0.304967,i43/i161/CLK,0.000000,0.000000,0.000000,0.233551,0.308688,-0.075138,28,0.0,i43/i103/CLK,rise
i43/i103/SI,-0.075138,-0.067457,0.308688,0.304967,i43/i161/CLK,0.000000,0.000000,0.000000,0.237510,0.304967,-0.067457,32,0.0,i43/i103/CLK,fall
i43/i104/SI,-0.069107,-0.066080,0.301964,0.303578,i43/i157/CLK,0.000000,0.000000,0.000000,0.232857,0.301964,-0.069107,28,0.0,i43/i104/CLK,rise
i43/i104/SI,-0.069107,-0.066080,0.301964,0.303578,i43/i157/CLK,0.000000,0.000000,0.000000,0.237497,0.303578,-0.066080,28,0.0,i43/i104/CLK,fall
i43/i105/SI,-0.062408,-0.058188,0.295889,0.295687,i43/i161/CLK,0.000000,0.000000,0.000000,0.233482,0.295889,-0.062408,28,0.0,i43/i105/CLK,rise
i43/i105/SI,-0.062408,-0.058188,0.295889,0.295687,i43/i161/CLK,0.000000,0.000000,0.000000,0.237500,0.295687,-0.058188,28,0.0,i43/i105/CLK,fall
i43/i107/SI,-0.069641,-0.065348,0.304552,0.302890,i43/i167/CLK,0.000000,0.000000,0.000000,0.234911,0.304552,-0.069641,34,0.0,i43/i107/CLK,rise
i43/i107/SI,-0.069641,-0.065348,0.304552,0.302890,i43/i167/CLK,0.000000,0.000000,0.000000,0.237543,0.302890,-0.065348,30,0.0,i43/i107/CLK,fall
i43/i108/SI,-0.075862,-0.067450,0.310965,0.304987,i43/i167/CLK,0.000000,0.000000,0.000000,0.235103,0.310965,-0.075862,30,0.0,i43/i108/CLK,rise
i43/i108/SI,-0.075862,-0.067450,0.310965,0.304987,i43/i167/CLK,0.000000,0.000000,0.000000,0.237538,0.304987,-0.067450,30,0.0,i43/i108/CLK,fall
i43/i109/SI,-0.078171,-0.069147,0.312597,0.306673,i43/i167/CLK,0.000000,0.000000,0.000000,0.234425,0.312597,-0.078171,28,0.0,i43/i109/CLK,rise
i43/i109/SI,-0.078171,-0.069147,0.312597,0.306673,i43/i167/CLK,0.000000,0.000000,0.000000,0.237526,0.306673,-0.069147,28,0.0,i43/i109/CLK,fall
i43/i110/SI,-0.088816,-0.078461,0.320847,0.315730,i43/i167/CLK,0.000000,0.000000,0.000000,0.232031,0.320847,-0.088816,36,0.0,i43/i110/CLK,rise
i43/i110/SI,-0.088816,-0.078461,0.320847,0.315730,i43/i167/CLK,0.000000,0.000000,0.000000,0.237269,0.315730,-0.078461,30,0.0,i43/i110/CLK,fall
i43/i111/SI,-0.076469,-0.065074,0.310118,0.302594,i43/i167/CLK,0.000000,0.000000,0.000000,0.233649,0.310118,-0.076469,34,0.0,i43/i111/CLK,rise
i43/i111/SI,-0.076469,-0.065074,0.310118,0.302594,i43/i167/CLK,0.000000,0.000000,0.000000,0.237520,0.302594,-0.065074,32,0.0,i43/i111/CLK,fall
i43/i112/SI,-0.088330,-0.078679,0.322362,0.316197,i43/i167/CLK,0.000000,0.000000,0.000000,0.234032,0.322362,-0.088330,32,0.0,i43/i112/CLK,rise
i43/i112/SI,-0.088330,-0.078679,0.322362,0.316197,i43/i167/CLK,0.000000,0.000000,0.000000,0.237518,0.316197,-0.078679,30,0.0,i43/i112/CLK,fall
i43/i113/SI,-0.064943,-0.061197,0.299907,0.298731,i43/i167/CLK,0.000000,0.000000,0.000000,0.234964,0.299907,-0.064943,26,0.0,i43/i113/CLK,rise
i43/i113/SI,-0.064943,-0.061197,0.299907,0.298731,i43/i167/CLK,0.000000,0.000000,0.000000,0.237533,0.298731,-0.061197,26,0.0,i43/i113/CLK,fall
i43/i115/SI,-0.084202,-0.081396,0.318196,0.318923,i43/i170/CLK,0.000000,0.000000,0.000000,0.233994,0.318196,-0.084202,26,0.0,i43/i115/CLK,rise
i43/i115/SI,-0.084202,-0.081396,0.318196,0.318923,i43/i170/CLK,0.000000,0.000000,0.000000,0.237527,0.318923,-0.081396,26,0.0,i43/i115/CLK,fall
i43/i116/SI,-0.071293,-0.065853,0.303264,0.302559,i43/i171/CLK,0.000000,0.000000,0.000000,0.231971,0.303264,-0.071293,28,0.0,i43/i116/CLK,rise
i43/i116/SI,-0.071293,-0.065853,0.303264,0.302559,i43/i171/CLK,0.000000,0.000000,0.000000,0.236706,0.302559,-0.065853,28,0.0,i43/i116/CLK,fall
i43/i117/SI,-0.077776,-0.075845,0.312175,0.313373,i43/i173/CLK,0.000000,0.000000,0.000000,0.234399,0.312175,-0.077776,30,0.0,i43/i117/CLK,rise
i43/i117/SI,-0.077776,-0.075845,0.312175,0.313373,i43/i173/CLK,0.000000,0.000000,0.000000,0.237527,0.313373,-0.075845,30,0.0,i43/i117/CLK,fall
i43/i118/SI,-0.076369,-0.074403,0.310703,0.311930,i43/i171/CLK,0.000000,0.000000,0.000000,0.234334,0.310703,-0.076369,30,0.0,i43/i118/CLK,rise
i43/i118/SI,-0.076369,-0.074403,0.310703,0.311930,i43/i171/CLK,0.000000,0.000000,0.000000,0.237527,0.311930,-0.074403,30,0.0,i43/i118/CLK,fall
i43/i119/SI,-0.078673,-0.070377,0.313563,0.307899,i43/i170/CLK,0.000000,0.000000,0.000000,0.234890,0.313563,-0.078673,26,0.0,i43/i119/CLK,rise
i43/i119/SI,-0.078673,-0.070377,0.313563,0.307899,i43/i170/CLK,0.000000,0.000000,0.000000,0.237522,0.307899,-0.070377,26,0.0,i43/i119/CLK,fall
i43/i120/SI,-0.106822,-0.105384,0.340639,0.342915,i43/i170/CLK,0.000000,0.000000,0.000000,0.233817,0.340639,-0.106822,32,0.0,i43/i120/CLK,rise
i43/i120/SI,-0.106822,-0.105384,0.340639,0.342915,i43/i170/CLK,0.000000,0.000000,0.000000,0.237531,0.342915,-0.105384,32,0.0,i43/i120/CLK,fall
i43/i121/SI,-0.075847,-0.075178,0.310011,0.312706,i43/i170/CLK,0.000000,0.000000,0.000000,0.234164,0.310011,-0.075847,26,0.0,i43/i121/CLK,rise
i43/i121/SI,-0.075847,-0.075178,0.310011,0.312706,i43/i170/CLK,0.000000,0.000000,0.000000,0.237528,0.312706,-0.075178,26,0.0,i43/i121/CLK,fall
i43/i123/SI,-0.070499,-0.068936,0.304658,0.306463,i43/i152/CLK,0.000000,0.000000,0.000000,0.234159,0.304658,-0.070499,28,0.0,i43/i123/CLK,rise
i43/i123/SI,-0.070499,-0.068936,0.304658,0.306463,i43/i152/CLK,0.000000,0.000000,0.000000,0.237528,0.306463,-0.068936,28,0.0,i43/i123/CLK,fall
i43/i124/SI,-0.072576,-0.064727,0.306322,0.302248,i43/i152/CLK,0.000000,0.000000,0.000000,0.233746,0.306322,-0.072576,28,0.0,i43/i124/CLK,rise
i43/i124/SI,-0.072576,-0.064727,0.306322,0.302248,i43/i152/CLK,0.000000,0.000000,0.000000,0.237520,0.302248,-0.064727,26,0.0,i43/i124/CLK,fall
i43/i125/SI,-0.075243,-0.073601,0.309166,0.311122,i43/i152/CLK,0.000000,0.000000,0.000000,0.233922,0.309166,-0.075243,28,0.0,i43/i125/CLK,rise
i43/i125/SI,-0.075243,-0.073601,0.309166,0.311122,i43/i152/CLK,0.000000,0.000000,0.000000,0.237521,0.311122,-0.073601,28,0.0,i43/i125/CLK,fall
i43/i126/SI,-0.080858,-0.075973,0.313399,0.313189,i43/i152/CLK,0.000000,0.000000,0.000000,0.232541,0.313399,-0.080858,30,0.0,i43/i126/CLK,rise
i43/i126/SI,-0.080858,-0.075973,0.313399,0.313189,i43/i152/CLK,0.000000,0.000000,0.000000,0.237216,0.313189,-0.075973,30,0.0,i43/i126/CLK,fall
i43/i127/SI,-0.078237,-0.070221,0.313129,0.307730,i43/i152/CLK,0.000000,0.000000,0.000000,0.234893,0.313129,-0.078237,28,0.0,i43/i127/CLK,rise
i43/i127/SI,-0.078237,-0.070221,0.313129,0.307730,i43/i152/CLK,0.000000,0.000000,0.000000,0.237509,0.307730,-0.070221,28,0.0,i43/i127/CLK,fall
i43/i128/SI,-0.082903,-0.079493,0.315695,0.316993,i43/i152/CLK,0.000000,0.000000,0.000000,0.232792,0.315695,-0.082903,26,0.0,i43/i128/CLK,rise
i43/i128/SI,-0.082903,-0.079493,0.315695,0.316993,i43/i152/CLK,0.000000,0.000000,0.000000,0.237499,0.316993,-0.079493,26,0.0,i43/i128/CLK,fall
i43/i129/SI,-0.085445,-0.078967,0.318342,0.316462,i43/i152/CLK,0.000000,0.000000,0.000000,0.232897,0.318342,-0.085445,26,0.0,i43/i129/CLK,rise
i43/i129/SI,-0.085445,-0.078967,0.318342,0.316462,i43/i152/CLK,0.000000,0.000000,0.000000,0.237494,0.316462,-0.078967,26,0.0,i43/i129/CLK,fall
i43/i131/SI,-0.055221,-0.053257,0.289163,0.290782,i43/i159/CLK,0.000000,0.000000,0.000000,0.233942,0.289163,-0.055221,30,0.0,i43/i131/CLK,rise
i43/i131/SI,-0.055221,-0.053257,0.289163,0.290782,i43/i159/CLK,0.000000,0.000000,0.000000,0.237525,0.290782,-0.053257,30,0.0,i43/i131/CLK,fall
i43/i132/SI,-0.066893,-0.059544,0.300096,0.297057,i43/i156/CLK,0.000000,0.000000,0.000000,0.233203,0.300096,-0.066893,32,0.0,i43/i132/CLK,rise
i43/i132/SI,-0.066893,-0.059544,0.300096,0.297057,i43/i156/CLK,0.000000,0.000000,0.000000,0.237513,0.297057,-0.059544,30,0.0,i43/i132/CLK,fall
i43/i133/SI,-0.057526,-0.055488,0.291801,0.293016,i43/i159/CLK,0.000000,0.000000,0.000000,0.234275,0.291801,-0.057526,30,0.0,i43/i133/CLK,rise
i43/i133/SI,-0.057526,-0.055488,0.291801,0.293016,i43/i159/CLK,0.000000,0.000000,0.000000,0.237529,0.293016,-0.055488,30,0.0,i43/i133/CLK,fall
i43/i134/SI,-0.070297,-0.065365,0.303999,0.302888,i43/i159/CLK,0.000000,0.000000,0.000000,0.233701,0.303999,-0.070297,32,0.0,i43/i134/CLK,rise
i43/i134/SI,-0.070297,-0.065365,0.303999,0.302888,i43/i159/CLK,0.000000,0.000000,0.000000,0.237523,0.302888,-0.065365,30,0.0,i43/i134/CLK,fall
i43/i135/SI,-0.093845,-0.089825,0.325592,0.323436,i43/i159/CLK,0.000000,0.000000,0.000000,0.231747,0.325592,-0.093845,28,0.0,i43/i135/CLK,rise
i43/i135/SI,-0.093845,-0.089825,0.325592,0.323436,i43/i159/CLK,0.000000,0.000000,0.000000,0.233611,0.323436,-0.089825,28,0.0,i43/i135/CLK,fall
i43/i136/SI,-0.072354,-0.067755,0.304536,0.305050,i43/i157/CLK,0.000000,0.000000,0.000000,0.232182,0.304536,-0.072354,28,0.0,i43/i136/CLK,rise
i43/i136/SI,-0.072354,-0.067755,0.304536,0.305050,i43/i157/CLK,0.000000,0.000000,0.000000,0.237295,0.305050,-0.067755,28,0.0,i43/i136/CLK,fall
i43/i137/SI,-0.063283,-0.058942,0.296484,0.296440,i43/i161/CLK,0.000000,0.000000,0.000000,0.233200,0.296484,-0.063283,28,0.0,i43/i137/CLK,rise
i43/i137/SI,-0.063283,-0.058942,0.296484,0.296440,i43/i161/CLK,0.000000,0.000000,0.000000,0.237498,0.296440,-0.058942,28,0.0,i43/i137/CLK,fall
i43/i138/SI,-0.094456,-0.094522,0.329111,0.332153,i43/i167/CLK,0.000000,0.000000,0.000000,0.234655,0.329111,-0.094456,30,0.0,i43/i138/CLK,rise
i43/i138/SI,-0.094456,-0.094522,0.329111,0.332153,i43/i167/CLK,0.000000,0.000000,0.000000,0.237632,0.332153,-0.094522,30,0.0,i43/i138/CLK,fall
i43/i141/SI,-0.078858,-0.072916,0.310938,0.310002,i43/i167/CLK,0.000000,0.000000,0.000000,0.232080,0.310938,-0.078858,28,0.0,i43/i141/CLK,rise
i43/i141/SI,-0.078858,-0.072916,0.310938,0.310002,i43/i167/CLK,0.000000,0.000000,0.000000,0.237086,0.310002,-0.072916,26,0.0,i43/i141/CLK,fall
i43/i143/SI,-0.097843,-0.096761,0.329657,0.332084,i43/i167/CLK,0.000000,0.000000,0.000000,0.231814,0.329657,-0.097843,32,0.0,i43/i143/CLK,rise
i43/i143/SI,-0.097843,-0.096761,0.329657,0.332084,i43/i167/CLK,0.000000,0.000000,0.000000,0.235323,0.332084,-0.096761,32,0.0,i43/i143/CLK,fall
i43/i145/SI,-0.094201,-0.092845,0.326073,0.328455,i43/i167/CLK,0.000000,0.000000,0.000000,0.231872,0.326073,-0.094201,26,0.0,i43/i145/CLK,rise
i43/i145/SI,-0.094201,-0.092845,0.326073,0.328455,i43/i167/CLK,0.000000,0.000000,0.000000,0.235609,0.328455,-0.092845,26,0.0,i43/i145/CLK,fall
i43/i146/SI,-0.104355,-0.097973,0.337377,0.330349,i43/i170/CLK,0.000000,0.000000,0.000000,0.233022,0.337377,-0.104355,32,0.0,i43/i146/CLK,rise
i43/i146/SI,-0.104355,-0.097973,0.337377,0.330349,i43/i170/CLK,0.000000,0.000000,0.000000,0.232375,0.330349,-0.097973,34,0.0,i43/i146/CLK,fall
i43/i147/SI,-0.068121,-0.070432,0.299507,0.302650,i43/i170/CLK,0.000000,0.000000,0.000000,0.231386,0.299507,-0.068121,24,0.0,i43/i147/CLK,rise
i43/i147/SI,-0.068121,-0.070432,0.299507,0.302650,i43/i170/CLK,0.000000,0.000000,0.000000,0.232218,0.302650,-0.070432,24,0.0,i43/i147/CLK,fall
i43/i148/SI,-0.051437,-0.046392,0.284579,0.277942,i43/i171/CLK,0.000000,0.000000,0.000000,0.233142,0.284579,-0.051437,30,0.0,i43/i148/CLK,rise
i43/i148/SI,-0.051437,-0.046392,0.284579,0.277942,i43/i171/CLK,0.000000,0.000000,0.000000,0.231550,0.277942,-0.046392,28,0.0,i43/i148/CLK,fall
i43/i149/SI,-0.068947,-0.071469,0.300218,0.303811,i43/i173/CLK,0.000000,0.000000,0.000000,0.231271,0.300218,-0.068947,28,0.0,i43/i149/CLK,rise
i43/i149/SI,-0.068947,-0.071469,0.300218,0.303811,i43/i173/CLK,0.000000,0.000000,0.000000,0.232342,0.303811,-0.071469,28,0.0,i43/i149/CLK,fall
i43/i150/SI,-0.063564,-0.066571,0.295072,0.298758,i43/i171/CLK,0.000000,0.000000,0.000000,0.231508,0.295072,-0.063564,28,0.0,i43/i150/CLK,rise
i43/i150/SI,-0.063564,-0.066571,0.295072,0.298758,i43/i171/CLK,0.000000,0.000000,0.000000,0.232187,0.298758,-0.066571,28,0.0,i43/i150/CLK,fall
i43/i151/SI,-0.070835,-0.063692,0.304104,0.294649,i43/i170/CLK,0.000000,0.000000,0.000000,0.233269,0.304104,-0.070835,26,0.0,i43/i151/CLK,rise
i43/i151/SI,-0.070835,-0.063692,0.304104,0.294649,i43/i170/CLK,0.000000,0.000000,0.000000,0.230957,0.294649,-0.063692,26,0.0,i43/i151/CLK,fall
i43/i152/SI,-0.100390,-0.098298,0.333633,0.329503,i43/i170/CLK,0.000000,0.000000,0.000000,0.233243,0.333633,-0.100390,30,0.0,i43/i152/CLK,rise
i43/i152/SI,-0.100390,-0.098298,0.333633,0.329503,i43/i170/CLK,0.000000,0.000000,0.000000,0.231206,0.329503,-0.098298,30,0.0,i43/i152/CLK,fall
i43/i153/SI,-0.069769,-0.070420,0.302932,0.301938,i43/i170/CLK,0.000000,0.000000,0.000000,0.233163,0.302932,-0.069769,26,0.0,i43/i153/CLK,rise
i43/i153/SI,-0.069769,-0.070420,0.302932,0.301938,i43/i170/CLK,0.000000,0.000000,0.000000,0.231518,0.301938,-0.070420,26,0.0,i43/i153/CLK,fall
i43/i154/SI,-0.080758,-0.075382,0.314016,0.306154,i43/i152/CLK,0.000000,0.000000,0.000000,0.233258,0.314016,-0.080758,32,0.0,i43/i154/CLK,rise
i43/i154/SI,-0.080758,-0.075382,0.314016,0.306154,i43/i152/CLK,0.000000,0.000000,0.000000,0.230772,0.306154,-0.075382,30,0.0,i43/i154/CLK,fall
i43/i155/SI,-0.058862,-0.061721,0.290173,0.293952,i43/i152/CLK,0.000000,0.000000,0.000000,0.231310,0.290173,-0.058862,26,0.0,i43/i155/CLK,rise
i43/i155/SI,-0.058862,-0.061721,0.290173,0.293952,i43/i152/CLK,0.000000,0.000000,0.000000,0.232230,0.293952,-0.061721,26,0.0,i43/i155/CLK,fall
i43/i156/SI,-0.077835,-0.065572,0.308754,0.296224,i43/i152/CLK,0.000000,0.000000,0.000000,0.230919,0.308754,-0.077835,28,0.0,i43/i156/CLK,rise
i43/i156/SI,-0.077835,-0.065572,0.308754,0.296224,i43/i152/CLK,0.000000,0.000000,0.000000,0.230653,0.296224,-0.065572,28,0.0,i43/i156/CLK,fall
i43/i157/SI,-0.063291,-0.066188,0.294615,0.298419,i43/i152/CLK,0.000000,0.000000,0.000000,0.231324,0.294615,-0.063291,26,0.0,i43/i157/CLK,rise
i43/i157/SI,-0.063291,-0.066188,0.294615,0.298419,i43/i152/CLK,0.000000,0.000000,0.000000,0.232231,0.298419,-0.066188,26,0.0,i43/i157/CLK,fall
i43/i158/SI,-0.059220,-0.060828,0.290168,0.293267,i43/i152/CLK,0.000000,0.000000,0.000000,0.230948,0.290168,-0.059220,26,0.0,i43/i158/CLK,rise
i43/i158/SI,-0.059220,-0.060828,0.290168,0.293267,i43/i152/CLK,0.000000,0.000000,0.000000,0.232440,0.293267,-0.060828,26,0.0,i43/i158/CLK,fall
i43/i159/SI,-0.064594,-0.057223,0.297858,0.288303,i43/i152/CLK,0.000000,0.000000,0.000000,0.233263,0.297858,-0.064594,28,0.0,i43/i159/CLK,rise
i43/i159/SI,-0.064594,-0.057223,0.297858,0.288303,i43/i152/CLK,0.000000,0.000000,0.000000,0.231080,0.288303,-0.057223,28,0.0,i43/i159/CLK,fall
i43/i160/SI,-0.058750,-0.048922,0.291036,0.281230,i43/i152/CLK,0.000000,0.000000,0.000000,0.232287,0.291036,-0.058750,26,0.0,i43/i160/CLK,rise
i43/i160/SI,-0.058750,-0.048922,0.291036,0.281230,i43/i152/CLK,0.000000,0.000000,0.000000,0.232308,0.281230,-0.048922,28,0.0,i43/i160/CLK,fall
i43/i161/SI,-0.058951,-0.050487,0.291488,0.282790,i43/i152/CLK,0.000000,0.000000,0.000000,0.232537,0.291488,-0.058951,26,0.0,i43/i161/CLK,rise
i43/i161/SI,-0.058951,-0.050487,0.291488,0.282790,i43/i152/CLK,0.000000,0.000000,0.000000,0.232303,0.282790,-0.050487,26,0.0,i43/i161/CLK,fall
i43/i162/SI,-0.081013,-0.075952,0.314107,0.308136,i43/i154/CLK,0.000000,0.000000,0.000000,0.233094,0.314107,-0.081013,34,0.0,i43/i162/CLK,rise
i43/i162/SI,-0.081013,-0.075952,0.314107,0.308136,i43/i154/CLK,0.000000,0.000000,0.000000,0.232184,0.308136,-0.075952,34,0.0,i43/i162/CLK,fall
i43/i163/SI,-0.044654,-0.046110,0.275635,0.278700,i43/i159/CLK,0.000000,0.000000,0.000000,0.230982,0.275635,-0.044654,28,0.0,i43/i163/CLK,rise
i43/i163/SI,-0.044654,-0.046110,0.275635,0.278700,i43/i159/CLK,0.000000,0.000000,0.000000,0.232590,0.278700,-0.046110,28,0.0,i43/i163/CLK,fall
i43/i164/SI,-0.050629,-0.043789,0.283895,0.274585,i43/i156/CLK,0.000000,0.000000,0.000000,0.233266,0.283895,-0.050629,32,0.0,i43/i164/CLK,rise
i43/i164/SI,-0.050629,-0.043789,0.283895,0.274585,i43/i156/CLK,0.000000,0.000000,0.000000,0.230797,0.274585,-0.043789,32,0.0,i43/i164/CLK,fall
i43/i165/SI,-0.049874,-0.051241,0.280854,0.283840,i43/i159/CLK,0.000000,0.000000,0.000000,0.230980,0.280854,-0.049874,28,0.0,i43/i165/CLK,rise
i43/i165/SI,-0.049874,-0.051241,0.280854,0.283840,i43/i159/CLK,0.000000,0.000000,0.000000,0.232599,0.283840,-0.051241,28,0.0,i43/i165/CLK,fall
i43/i166/SI,-0.049750,-0.053224,0.281117,0.285559,i43/i159/CLK,0.000000,0.000000,0.000000,0.231368,0.281117,-0.049750,28,0.0,i43/i166/CLK,rise
i43/i166/SI,-0.049750,-0.053224,0.281117,0.285559,i43/i159/CLK,0.000000,0.000000,0.000000,0.232335,0.285559,-0.053224,28,0.0,i43/i166/CLK,fall
i43/i167/SI,-0.058941,-0.052861,0.292207,0.283839,i43/i161/CLK,0.000000,0.000000,0.000000,0.233266,0.292207,-0.058941,28,0.0,i43/i167/CLK,rise
i43/i167/SI,-0.058941,-0.052861,0.292207,0.283839,i43/i161/CLK,0.000000,0.000000,0.000000,0.230977,0.283839,-0.052861,32,0.0,i43/i167/CLK,fall
i43/i168/SI,-0.059279,-0.052645,0.290224,0.283515,i43/i161/CLK,0.000000,0.000000,0.000000,0.230945,0.290224,-0.059279,30,0.0,i43/i168/CLK,rise
i43/i168/SI,-0.059279,-0.052645,0.290224,0.283515,i43/i161/CLK,0.000000,0.000000,0.000000,0.230870,0.283515,-0.052645,30,0.0,i43/i168/CLK,fall
i43/i169/SI,-0.055348,-0.044671,0.286308,0.276583,i43/i154/CLK,0.000000,0.000000,0.000000,0.230960,0.286308,-0.055348,28,0.0,i43/i169/CLK,rise
i43/i169/SI,-0.055348,-0.044671,0.286308,0.276583,i43/i154/CLK,0.000000,0.000000,0.000000,0.231913,0.276583,-0.044671,26,0.0,i43/i169/CLK,fall
i43/i170/SI,-0.069144,-0.074696,0.302224,0.304609,i43/i167/CLK,0.000000,0.000000,0.000000,0.233080,0.302224,-0.069144,28,0.0,i43/i170/CLK,rise
i43/i170/SI,-0.069144,-0.074696,0.302224,0.304609,i43/i167/CLK,0.000000,0.000000,0.000000,0.229912,0.304609,-0.074696,28,0.0,i43/i170/CLK,fall
i43/i171/SI,-0.074517,-0.072973,0.307756,0.304313,i43/i167/CLK,0.000000,0.000000,0.000000,0.233238,0.307756,-0.074517,34,0.0,i43/i171/CLK,rise
i43/i171/SI,-0.074517,-0.072973,0.307756,0.304313,i43/i167/CLK,0.000000,0.000000,0.000000,0.231340,0.304313,-0.072973,30,0.0,i43/i171/CLK,fall
i43/i172/SI,-0.079168,-0.076997,0.312378,0.308437,i43/i167/CLK,0.000000,0.000000,0.000000,0.233210,0.312378,-0.079168,32,0.0,i43/i172/CLK,rise
i43/i172/SI,-0.079168,-0.076997,0.312378,0.308437,i43/i167/CLK,0.000000,0.000000,0.000000,0.231440,0.308437,-0.076997,30,0.0,i43/i172/CLK,fall
i43/i173/SI,-0.094414,-0.083160,0.325395,0.316219,i43/i167/CLK,0.000000,0.000000,0.000000,0.230980,0.325395,-0.094414,30,0.0,i43/i173/CLK,rise
i43/i173/SI,-0.094414,-0.083160,0.325395,0.316219,i43/i167/CLK,0.000000,0.000000,0.000000,0.233059,0.316219,-0.083160,28,0.0,i43/i173/CLK,fall
i43/i174/SI,-0.082230,-0.078904,0.315489,0.309775,i43/i167/CLK,0.000000,0.000000,0.000000,0.233259,0.315489,-0.082230,36,0.0,i43/i174/CLK,rise
i43/i174/SI,-0.082230,-0.078904,0.315489,0.309775,i43/i167/CLK,0.000000,0.000000,0.000000,0.230872,0.309775,-0.078904,30,0.0,i43/i174/CLK,fall
i43/i175/SI,-0.079266,-0.071335,0.312286,0.302793,i43/i167/CLK,0.000000,0.000000,0.000000,0.233021,0.312286,-0.079266,34,0.0,i43/i175/CLK,rise
i43/i175/SI,-0.079266,-0.071335,0.312286,0.302793,i43/i167/CLK,0.000000,0.000000,0.000000,0.231458,0.302793,-0.071335,32,0.0,i43/i175/CLK,fall
i43/i176/SI,-0.092045,-0.087874,0.324915,0.319848,i43/i167/CLK,0.000000,0.000000,0.000000,0.232870,0.324915,-0.092045,32,0.0,i43/i176/CLK,rise
i43/i176/SI,-0.092045,-0.087874,0.324915,0.319848,i43/i167/CLK,0.000000,0.000000,0.000000,0.231974,0.319848,-0.087874,30,0.0,i43/i176/CLK,fall
i43/i177/SI,-0.069974,-0.072526,0.303237,0.302988,i43/i167/CLK,0.000000,0.000000,0.000000,0.233263,0.303237,-0.069974,28,0.0,i43/i177/CLK,rise
i43/i177/SI,-0.069974,-0.072526,0.303237,0.302988,i43/i167/CLK,0.000000,0.000000,0.000000,0.230462,0.302988,-0.072526,28,0.0,i43/i177/CLK,fall
i43/i53/SI,-0.068768,-0.067396,0.304709,0.305210,i43/i173/CLK,0.000000,0.000000,0.000000,0.235941,0.304709,-0.068768,30,0.0,i43/i53/CLK,rise
i43/i53/SI,-0.068768,-0.067396,0.304709,0.305210,i43/i173/CLK,0.000000,0.000000,0.000000,0.237813,0.305210,-0.067396,30,0.0,i43/i53/CLK,fall
i43/i61/SI,-0.066057,-0.064047,0.301892,0.301749,i43/i152/CLK,0.000000,0.000000,0.000000,0.235835,0.301892,-0.066057,28,0.0,i43/i61/CLK,rise
i43/i61/SI,-0.066057,-0.064047,0.301892,0.301749,i43/i152/CLK,0.000000,0.000000,0.000000,0.237702,0.301749,-0.064047,28,0.0,i43/i61/CLK,fall
i43/i69/SI,-0.048967,-0.047511,0.284767,0.285181,i43/i159/CLK,0.000000,0.000000,0.000000,0.235800,0.284767,-0.048967,30,0.0,i43/i69/CLK,rise
i43/i69/SI,-0.048967,-0.047511,0.284767,0.285181,i43/i159/CLK,0.000000,0.000000,0.000000,0.237670,0.285181,-0.047511,30,0.0,i43/i69/CLK,fall
i43/i76/SI,-0.081878,-0.072195,0.308668,0.303628,i43/i167/CLK,0.000000,0.000000,0.000000,0.226789,0.308668,-0.081878,32,0.0,i43/i76/CLK,rise
i43/i76/SI,-0.081878,-0.072195,0.308668,0.303628,i43/i167/CLK,0.000000,0.000000,0.000000,0.231432,0.303628,-0.072195,30,0.0,i43/i76/CLK,fall
i43/i83/SI,-0.084774,-0.081325,0.318167,0.318820,i43/i170/CLK,0.000000,0.000000,0.000000,0.233392,0.318167,-0.084774,26,0.0,i43/i83/CLK,rise
i43/i83/SI,-0.084774,-0.081325,0.318167,0.318820,i43/i170/CLK,0.000000,0.000000,0.000000,0.237495,0.318820,-0.081325,26,0.0,i43/i83/CLK,fall
i43/i85/SI,-0.078295,-0.075403,0.311804,0.312902,i43/i173/CLK,0.000000,0.000000,0.000000,0.233510,0.311804,-0.078295,30,0.0,i43/i85/CLK,rise
i43/i85/SI,-0.078295,-0.075403,0.311804,0.312902,i43/i173/CLK,0.000000,0.000000,0.000000,0.237500,0.312902,-0.075403,30,0.0,i43/i85/CLK,fall
i43/i86/SI,-0.077241,-0.074244,0.310556,0.311738,i43/i171/CLK,0.000000,0.000000,0.000000,0.233315,0.310556,-0.077241,30,0.0,i43/i86/CLK,rise
i43/i86/SI,-0.077241,-0.074244,0.310556,0.311738,i43/i171/CLK,0.000000,0.000000,0.000000,0.237494,0.311738,-0.074244,30,0.0,i43/i86/CLK,fall
i43/i87/SI,-0.076389,-0.066733,0.309756,0.304229,i43/i170/CLK,0.000000,0.000000,0.000000,0.233367,0.309756,-0.076389,26,0.0,i43/i87/CLK,rise
i43/i87/SI,-0.076389,-0.066733,0.309756,0.304229,i43/i170/CLK,0.000000,0.000000,0.000000,0.237496,0.304229,-0.066733,24,0.0,i43/i87/CLK,fall
i43/i88/SI,-0.106601,-0.105062,0.339627,0.342283,i43/i170/CLK,0.000000,0.000000,0.000000,0.233026,0.339627,-0.106601,32,0.0,i43/i88/CLK,rise
i43/i88/SI,-0.106601,-0.105062,0.339627,0.342283,i43/i170/CLK,0.000000,0.000000,0.000000,0.237221,0.342283,-0.105062,32,0.0,i43/i88/CLK,fall
i43/i89/SI,-0.078212,-0.076448,0.310939,0.313420,i43/i170/CLK,0.000000,0.000000,0.000000,0.232727,0.310939,-0.078212,26,0.0,i43/i89/CLK,rise
i43/i89/SI,-0.078212,-0.076448,0.310939,0.313420,i43/i170/CLK,0.000000,0.000000,0.000000,0.236972,0.313420,-0.076448,26,0.0,i43/i89/CLK,fall
i43/i91/SI,-0.072146,-0.069721,0.304745,0.306557,i43/i152/CLK,0.000000,0.000000,0.000000,0.232599,0.304745,-0.072146,28,0.0,i43/i91/CLK,rise
i43/i91/SI,-0.072146,-0.069721,0.304745,0.306557,i43/i152/CLK,0.000000,0.000000,0.000000,0.236836,0.306557,-0.069721,28,0.0,i43/i91/CLK,fall
i43/i93/SI,-0.076327,-0.073925,0.308726,0.310562,i43/i152/CLK,0.000000,0.000000,0.000000,0.232399,0.308726,-0.076327,28,0.0,i43/i93/CLK,rise
i43/i93/SI,-0.076327,-0.073925,0.308726,0.310562,i43/i152/CLK,0.000000,0.000000,0.000000,0.236636,0.310562,-0.073925,28,0.0,i43/i93/CLK,fall
i43/i94/SI,-0.078299,-0.073383,0.311542,0.310838,i43/i152/CLK,0.000000,0.000000,0.000000,0.233243,0.311542,-0.078299,30,0.0,i43/i94/CLK,rise
i43/i94/SI,-0.078299,-0.073383,0.311542,0.310838,i43/i152/CLK,0.000000,0.000000,0.000000,0.237455,0.310838,-0.073383,30,0.0,i43/i94/CLK,fall
i43/i95/SI,-0.076001,-0.066798,0.309976,0.304312,i43/i152/CLK,0.000000,0.000000,0.000000,0.233974,0.309976,-0.076001,28,0.0,i43/i95/CLK,rise
i43/i95/SI,-0.076001,-0.066798,0.309976,0.304312,i43/i152/CLK,0.000000,0.000000,0.000000,0.237515,0.304312,-0.066798,26,0.0,i43/i95/CLK,fall
i43/i96/SI,-0.086441,-0.081597,0.318571,0.318854,i43/i152/CLK,0.000000,0.000000,0.000000,0.232130,0.318571,-0.086441,26,0.0,i43/i96/CLK,rise
i43/i96/SI,-0.086441,-0.081597,0.318571,0.318854,i43/i152/CLK,0.000000,0.000000,0.000000,0.237257,0.318854,-0.081597,26,0.0,i43/i96/CLK,fall
i43/i97/SI,-0.084607,-0.078338,0.317801,0.315772,i43/i152/CLK,0.000000,0.000000,0.000000,0.233194,0.317801,-0.084607,26,0.0,i43/i97/CLK,rise
i43/i97/SI,-0.084607,-0.078338,0.317801,0.315772,i43/i152/CLK,0.000000,0.000000,0.000000,0.237434,0.315772,-0.078338,26,0.0,i43/i97/CLK,fall
i43/i99/SI,-0.056472,-0.053864,0.289102,0.290705,i43/i159/CLK,0.000000,0.000000,0.000000,0.232630,0.289102,-0.056472,30,0.0,i43/i99/CLK,rise
i43/i99/SI,-0.056472,-0.053864,0.289102,0.290705,i43/i159/CLK,0.000000,0.000000,0.000000,0.236841,0.290705,-0.053864,30,0.0,i43/i99/CLK,fall
i70/D,0.131255,0.132552,0.095993,0.097107,i43/i74/CLK,0.000000,0.000000,0.000000,0.227247,0.095993,0.131255,4,0.0,i70/CLK,rise
i70/D,0.131255,0.132552,0.095993,0.097107,i43/i74/CLK,0.000000,0.000000,0.000000,0.229659,0.097107,0.132552,4,0.0,i70/CLK,fall
i70/SE,-0.134939,-0.199915,0.352312,0.337656,i1550/CLK,0.000000,0.000000,0.000000,0.217372,0.352312,-0.134939,4,0.0,i70/CLK,rise
i70/SE,-0.134939,-0.199915,0.352312,0.337656,i1550/CLK,0.000000,0.000000,0.000000,0.137742,0.337656,-0.199915,4,0.0,i70/CLK,fall
i70/SI,-0.062764,-0.062724,0.296032,0.292124,i111/CLK,0.000000,0.000000,0.000000,0.233268,0.296032,-0.062764,32,0.0,i70/CLK,rise
i70/SI,-0.062764,-0.062724,0.296032,0.292124,i111/CLK,0.000000,0.000000,0.000000,0.229400,0.292124,-0.062724,32,0.0,i70/CLK,fall
i71/D,0.156324,0.154472,0.069881,0.071792,i43/i75/CLK,0.000000,0.000000,0.000000,0.226204,0.069881,0.156324,4,0.0,i71/CLK,rise
i71/D,0.156324,0.154472,0.069881,0.071792,i43/i75/CLK,0.000000,0.000000,0.000000,0.226265,0.071792,0.154472,4,0.0,i71/CLK,fall
i71/SE,-0.133239,-0.197860,0.350664,0.336038,i1550/CLK,0.000000,0.000000,0.000000,0.217425,0.350664,-0.133239,4,0.0,i71/CLK,rise
i71/SE,-0.133239,-0.197860,0.350664,0.336038,i1550/CLK,0.000000,0.000000,0.000000,0.138178,0.336038,-0.197860,4,0.0,i71/CLK,fall
i71/SI,-0.073757,-0.081058,0.306878,0.310557,i111/CLK,0.000000,0.000000,0.000000,0.233121,0.306878,-0.073757,34,0.0,i71/CLK,rise
i71/SI,-0.073757,-0.081058,0.306878,0.310557,i111/CLK,0.000000,0.000000,0.000000,0.229499,0.310557,-0.081058,34,0.0,i71/CLK,fall
i72/D,0.145475,0.143816,0.080684,0.082838,i43/i76/CLK,0.000000,0.000000,0.000000,0.226159,0.080684,0.145475,4,0.0,i72/CLK,rise
i72/D,0.145475,0.143816,0.080684,0.082838,i43/i76/CLK,0.000000,0.000000,0.000000,0.226654,0.082838,0.143816,4,0.0,i72/CLK,fall
i72/SE,-0.132264,-0.196682,0.349719,0.335110,i1550/CLK,0.000000,0.000000,0.000000,0.217455,0.349719,-0.132264,4,0.0,i72/CLK,rise
i72/SE,-0.132264,-0.196682,0.349719,0.335110,i1550/CLK,0.000000,0.000000,0.000000,0.138428,0.335110,-0.196682,4,0.0,i72/CLK,fall
i72/SI,-0.069444,-0.071526,0.302714,0.301553,i111/CLK,0.000000,0.000000,0.000000,0.233270,0.302714,-0.069444,34,0.0,i72/CLK,rise
i72/SI,-0.069444,-0.071526,0.302714,0.301553,i111/CLK,0.000000,0.000000,0.000000,0.230027,0.301553,-0.071526,32,0.0,i72/CLK,fall
i73/D,0.121579,0.123075,0.105729,0.106956,i43/i77/CLK,0.000000,0.000000,0.000000,0.227308,0.105729,0.121579,4,0.0,i73/CLK,rise
i73/D,0.121579,0.123075,0.105729,0.106956,i43/i77/CLK,0.000000,0.000000,0.000000,0.230031,0.106956,0.123075,4,0.0,i73/CLK,fall
i73/SE,-0.135882,-0.201054,0.353225,0.338553,i1550/CLK,0.000000,0.000000,0.000000,0.217343,0.353225,-0.135882,4,0.0,i73/CLK,rise
i73/SE,-0.135882,-0.201054,0.353225,0.338553,i1550/CLK,0.000000,0.000000,0.000000,0.137500,0.338553,-0.201054,4,0.0,i73/CLK,fall
i73/SI,-0.085107,-0.085409,0.316149,0.317501,i111/CLK,0.000000,0.000000,0.000000,0.231042,0.316149,-0.085107,34,0.0,i73/CLK,rise
i73/SI,-0.085107,-0.085409,0.316149,0.317501,i111/CLK,0.000000,0.000000,0.000000,0.232092,0.317501,-0.085409,34,0.0,i73/CLK,fall
i74/D,0.157664,0.155645,0.067721,0.070896,i43/i78/CLK,0.000000,0.000000,0.000000,0.225385,0.067721,0.157664,4,0.0,i74/CLK,rise
i74/D,0.157664,0.155645,0.067721,0.070896,i43/i78/CLK,0.000000,0.000000,0.000000,0.226541,0.070896,0.155645,4,0.0,i74/CLK,fall
i74/SE,-0.135036,-0.200032,0.352405,0.337749,i1550/CLK,0.000000,0.000000,0.000000,0.217369,0.352405,-0.135036,4,0.0,i74/CLK,rise
i74/SE,-0.135036,-0.200032,0.352405,0.337749,i1550/CLK,0.000000,0.000000,0.000000,0.137717,0.337749,-0.200032,4,0.0,i74/CLK,fall
i74/SI,-0.079598,-0.085677,0.312843,0.315740,i111/CLK,0.000000,0.000000,0.000000,0.233245,0.312843,-0.079598,34,0.0,i74/CLK,rise
i74/SI,-0.079598,-0.085677,0.312843,0.315740,i111/CLK,0.000000,0.000000,0.000000,0.230063,0.315740,-0.085677,34,0.0,i74/CLK,fall
i75/D,0.144982,0.142847,0.081015,0.083577,i43/i79/CLK,0.000000,0.000000,0.000000,0.225997,0.081015,0.144982,4,0.0,i75/CLK,rise
i75/D,0.144982,0.142847,0.081015,0.083577,i43/i79/CLK,0.000000,0.000000,0.000000,0.226423,0.083577,0.142847,4,0.0,i75/CLK,fall
i75/SE,-0.134725,-0.199656,0.352104,0.337453,i1550/CLK,0.000000,0.000000,0.000000,0.217379,0.352104,-0.134725,4,0.0,i75/CLK,rise
i75/SE,-0.134725,-0.199656,0.352104,0.337453,i1550/CLK,0.000000,0.000000,0.000000,0.137796,0.337453,-0.199656,4,0.0,i75/CLK,fall
i75/SI,-0.098750,-0.097018,0.332020,0.326510,i111/CLK,0.000000,0.000000,0.000000,0.233270,0.332020,-0.098750,32,0.0,i75/CLK,rise
i75/SI,-0.098750,-0.097018,0.332020,0.326510,i111/CLK,0.000000,0.000000,0.000000,0.229492,0.326510,-0.097018,32,0.0,i75/CLK,fall
i76/D,0.137955,0.137455,0.088618,0.090389,i43/i80/CLK,0.000000,0.000000,0.000000,0.226572,0.088618,0.137955,4,0.0,i76/CLK,rise
i76/D,0.137955,0.137455,0.088618,0.090389,i43/i80/CLK,0.000000,0.000000,0.000000,0.227844,0.090389,0.137455,4,0.0,i76/CLK,fall
i76/SE,-0.135862,-0.201031,0.353206,0.338535,i1550/CLK,0.000000,0.000000,0.000000,0.217344,0.353206,-0.135862,4,0.0,i76/CLK,rise
i76/SE,-0.135862,-0.201031,0.353206,0.338535,i1550/CLK,0.000000,0.000000,0.000000,0.137505,0.338535,-0.201031,4,0.0,i76/CLK,fall
i76/SI,-0.093380,-0.090902,0.326471,0.321300,i111/CLK,0.000000,0.000000,0.000000,0.233092,0.326471,-0.093380,28,0.0,i76/CLK,rise
i76/SI,-0.093380,-0.090902,0.326471,0.321300,i111/CLK,0.000000,0.000000,0.000000,0.230398,0.321300,-0.090902,32,0.0,i76/CLK,fall
i77/D,0.141881,0.140285,0.084322,0.086638,i43/i81/CLK,0.000000,0.000000,0.000000,0.226203,0.084322,0.141881,4,0.0,i77/CLK,rise
i77/D,0.141881,0.140285,0.084322,0.086638,i43/i81/CLK,0.000000,0.000000,0.000000,0.226923,0.086638,0.140285,4,0.0,i77/CLK,fall
i77/SE,-0.136457,-0.201750,0.353783,0.339102,i1550/CLK,0.000000,0.000000,0.000000,0.217326,0.353783,-0.136457,4,0.0,i77/CLK,rise
i77/SE,-0.136457,-0.201750,0.353783,0.339102,i1550/CLK,0.000000,0.000000,0.000000,0.137352,0.339102,-0.201750,4,0.0,i77/CLK,fall
i77/SI,-0.107813,-0.113285,0.341050,0.344228,i111/CLK,0.000000,0.000000,0.000000,0.233237,0.341050,-0.107813,34,0.0,i77/CLK,rise
i77/SI,-0.107813,-0.113285,0.341050,0.344228,i111/CLK,0.000000,0.000000,0.000000,0.230943,0.344228,-0.113285,34,0.0,i77/CLK,fall
i78/D,0.137911,0.137812,0.088833,0.090660,i43/i106/CLK,0.000000,0.000000,0.000000,0.226744,0.088833,0.137911,4,0.0,i78/CLK,rise
i78/D,0.137911,0.137812,0.088833,0.090660,i43/i106/CLK,0.000000,0.000000,0.000000,0.228472,0.090660,0.137812,4,0.0,i78/CLK,fall
i78/SE,-0.137673,-0.203216,0.354961,0.340255,i1550/CLK,0.000000,0.000000,0.000000,0.217288,0.354961,-0.137673,4,0.0,i78/CLK,rise
i78/SE,-0.137673,-0.203216,0.354961,0.340255,i1550/CLK,0.000000,0.000000,0.000000,0.137039,0.340255,-0.203216,4,0.0,i78/CLK,fall
i78/SI,-0.057353,-0.056390,0.290218,0.287112,i157/CLK,0.000000,0.000000,0.000000,0.232865,0.290218,-0.057353,34,0.0,i78/CLK,rise
i78/SI,-0.057353,-0.056390,0.290218,0.287112,i157/CLK,0.000000,0.000000,0.000000,0.230722,0.287112,-0.056390,32,0.0,i78/CLK,fall
i79/D,0.160447,0.157530,0.065056,0.068071,i43/i107/CLK,0.000000,0.000000,0.000000,0.225503,0.065056,0.160447,4,0.0,i79/CLK,rise
i79/D,0.160447,0.157530,0.065056,0.068071,i43/i107/CLK,0.000000,0.000000,0.000000,0.225601,0.068071,0.157530,4,0.0,i79/CLK,fall
i79/SE,-0.137659,-0.203198,0.354947,0.340241,i1550/CLK,0.000000,0.000000,0.000000,0.217289,0.354947,-0.137659,4,0.0,i79/CLK,rise
i79/SE,-0.137659,-0.203198,0.354947,0.340241,i1550/CLK,0.000000,0.000000,0.000000,0.137043,0.340241,-0.203198,4,0.0,i79/CLK,fall
i79/SI,-0.081703,-0.081682,0.314955,0.311830,i80/CLK,0.000000,0.000000,0.000000,0.233252,0.314955,-0.081703,36,0.0,i79/CLK,rise
i79/SI,-0.081703,-0.081682,0.314955,0.311830,i80/CLK,0.000000,0.000000,0.000000,0.230148,0.311830,-0.081682,34,0.0,i79/CLK,fall
i80/D,0.156997,0.153865,0.068685,0.071522,i43/i108/CLK,0.000000,0.000000,0.000000,0.225683,0.068685,0.156997,4,0.0,i80/CLK,rise
i80/D,0.156997,0.153865,0.068685,0.071522,i43/i108/CLK,0.000000,0.000000,0.000000,0.225387,0.071522,0.153865,4,0.0,i80/CLK,fall
i80/SE,-0.137594,-0.203119,0.354885,0.340179,i1550/CLK,0.000000,0.000000,0.000000,0.217291,0.354885,-0.137594,4,0.0,i80/CLK,rise
i80/SE,-0.137594,-0.203119,0.354885,0.340179,i1550/CLK,0.000000,0.000000,0.000000,0.137059,0.340179,-0.203119,4,0.0,i80/CLK,fall
i80/SI,-0.078137,-0.083882,0.311402,0.314271,i168/CLK,0.000000,0.000000,0.000000,0.233265,0.311402,-0.078137,30,0.0,i80/CLK,rise
i80/SI,-0.078137,-0.083882,0.311402,0.314271,i168/CLK,0.000000,0.000000,0.000000,0.230390,0.314271,-0.083882,32,0.0,i80/CLK,fall
i81/D,0.134216,0.134380,0.092677,0.094340,i43/i109/CLK,0.000000,0.000000,0.000000,0.226893,0.092677,0.134216,4,0.0,i81/CLK,rise
i81/D,0.134216,0.134380,0.092677,0.094340,i43/i109/CLK,0.000000,0.000000,0.000000,0.228721,0.094340,0.134380,4,0.0,i81/CLK,fall
i81/SE,-0.137484,-0.202984,0.354777,0.340072,i1550/CLK,0.000000,0.000000,0.000000,0.217294,0.354777,-0.137484,4,0.0,i81/CLK,rise
i81/SE,-0.137484,-0.202984,0.354777,0.340072,i1550/CLK,0.000000,0.000000,0.000000,0.137088,0.340072,-0.202984,4,0.0,i81/CLK,fall
i81/SI,-0.056258,-0.057247,0.289491,0.287904,i118/CLK,0.000000,0.000000,0.000000,0.233233,0.289491,-0.056258,34,0.0,i81/CLK,rise
i81/SI,-0.056258,-0.057247,0.289491,0.287904,i118/CLK,0.000000,0.000000,0.000000,0.230657,0.287904,-0.057247,38,0.0,i81/CLK,fall
i82/D,0.155994,0.153055,0.069751,0.072575,i43/i110/CLK,0.000000,0.000000,0.000000,0.225744,0.069751,0.155994,4,0.0,i82/CLK,rise
i82/D,0.155994,0.153055,0.069751,0.072575,i43/i110/CLK,0.000000,0.000000,0.000000,0.225631,0.072575,0.153055,4,0.0,i82/CLK,fall
i82/SE,-0.138942,-0.204769,0.356191,0.341479,i1550/CLK,0.000000,0.000000,0.000000,0.217249,0.356191,-0.138942,4,0.0,i82/CLK,rise
i82/SE,-0.138942,-0.204769,0.356191,0.341479,i1550/CLK,0.000000,0.000000,0.000000,0.136710,0.341479,-0.204769,4,0.0,i82/CLK,fall
i82/SI,-0.065201,-0.073353,0.298171,0.303910,i168/CLK,0.000000,0.000000,0.000000,0.232970,0.298171,-0.065201,32,0.0,i82/CLK,rise
i82/SI,-0.065201,-0.073353,0.298171,0.303910,i168/CLK,0.000000,0.000000,0.000000,0.230557,0.303910,-0.073353,32,0.0,i82/CLK,fall
i83/D,0.153464,0.150974,0.072467,0.075037,i43/i111/CLK,0.000000,0.000000,0.000000,0.225931,0.072467,0.153464,4,0.0,i83/CLK,rise
i83/D,0.153464,0.150974,0.072467,0.075037,i43/i111/CLK,0.000000,0.000000,0.000000,0.226010,0.075037,0.150974,4,0.0,i83/CLK,fall
i83/SE,-0.139651,-0.205620,0.356878,0.342149,i1550/CLK,0.000000,0.000000,0.000000,0.217227,0.356878,-0.139651,4,0.0,i83/CLK,rise
i83/SE,-0.139651,-0.205620,0.356878,0.342149,i1550/CLK,0.000000,0.000000,0.000000,0.136529,0.342149,-0.205620,4,0.0,i83/CLK,fall
i83/SI,-0.050863,-0.059295,0.284125,0.289544,i168/CLK,0.000000,0.000000,0.000000,0.233262,0.284125,-0.050863,36,0.0,i83/CLK,rise
i83/SI,-0.050863,-0.059295,0.284125,0.289544,i168/CLK,0.000000,0.000000,0.000000,0.230249,0.289544,-0.059295,28,0.0,i83/CLK,fall
i84/D,0.153860,0.151083,0.071953,0.074710,i43/i112/CLK,0.000000,0.000000,0.000000,0.225812,0.071953,0.153860,4,0.0,i84/CLK,rise
i84/D,0.153860,0.151083,0.071953,0.074710,i43/i112/CLK,0.000000,0.000000,0.000000,0.225793,0.074710,0.151083,4,0.0,i84/CLK,fall
i84/SE,-0.139597,-0.205556,0.356826,0.342098,i1550/CLK,0.000000,0.000000,0.000000,0.217228,0.356826,-0.139597,4,0.0,i84/CLK,rise
i84/SE,-0.139597,-0.205556,0.356826,0.342098,i1550/CLK,0.000000,0.000000,0.000000,0.136542,0.342098,-0.205556,4,0.0,i84/CLK,fall
i84/SI,-0.076136,-0.072699,0.309386,0.303679,i157/CLK,0.000000,0.000000,0.000000,0.233250,0.309386,-0.076136,28,0.0,i84/CLK,rise
i84/SI,-0.076136,-0.072699,0.309386,0.303679,i157/CLK,0.000000,0.000000,0.000000,0.230980,0.303679,-0.072699,26,0.0,i84/CLK,fall
i85/D,0.124487,0.122891,0.101960,0.103736,i43/i113/CLK,0.000000,0.000000,0.000000,0.226447,0.101960,0.124487,4,0.0,i85/CLK,rise
i85/D,0.124487,0.122891,0.101960,0.103736,i43/i113/CLK,0.000000,0.000000,0.000000,0.226627,0.103736,0.122891,4,0.0,i85/CLK,fall
i85/SE,-0.139571,-0.205524,0.356800,0.342073,i1550/CLK,0.000000,0.000000,0.000000,0.217229,0.356800,-0.139571,4,0.0,i85/CLK,rise
i85/SE,-0.139571,-0.205524,0.356800,0.342073,i1550/CLK,0.000000,0.000000,0.000000,0.136549,0.342073,-0.205524,4,0.0,i85/CLK,fall
i85/SI,-0.074737,-0.077048,0.306708,0.309025,i157/CLK,0.000000,0.000000,0.000000,0.231971,0.306708,-0.074737,34,0.0,i85/CLK,rise
i85/SI,-0.074737,-0.077048,0.306708,0.309025,i157/CLK,0.000000,0.000000,0.000000,0.231977,0.309025,-0.077048,34,0.0,i85/CLK,fall
i86/D,0.150470,0.149927,0.076062,0.077621,i43/i138/CLK,0.000000,0.000000,0.000000,0.226532,0.076062,0.150470,4,0.0,i86/CLK,rise
i86/D,0.150470,0.149927,0.076062,0.077621,i43/i138/CLK,0.000000,0.000000,0.000000,0.227547,0.077621,0.149927,4,0.0,i86/CLK,fall
i86/SE,-0.050972,-0.099146,0.270839,0.257840,i1550/CLK,0.000000,0.000000,0.000000,0.219867,0.270839,-0.050972,4,0.0,i86/CLK,rise
i86/SE,-0.050972,-0.099146,0.270839,0.257840,i1550/CLK,0.000000,0.000000,0.000000,0.158694,0.257840,-0.099146,4,0.0,i86/CLK,fall
i86/SI,-0.062999,-0.057257,0.296276,0.286922,i127/CLK,0.000000,0.000000,0.000000,0.233278,0.296276,-0.062999,34,0.0,i86/CLK,rise
i86/SI,-0.062999,-0.057257,0.296276,0.286922,i127/CLK,0.000000,0.000000,0.000000,0.229665,0.286922,-0.057257,34,0.0,i86/CLK,fall
i87/D,0.131014,0.131256,0.095834,0.097448,i43/i139/CLK,0.000000,0.000000,0.000000,0.226848,0.095834,0.131014,4,0.0,i87/CLK,rise
i87/D,0.131014,0.131256,0.095834,0.097448,i43/i139/CLK,0.000000,0.000000,0.000000,0.228703,0.097448,0.131256,4,0.0,i87/CLK,fall
i87/SE,-0.050991,-0.099169,0.270857,0.257858,i1550/CLK,0.000000,0.000000,0.000000,0.219866,0.270857,-0.050991,4,0.0,i87/CLK,rise
i87/SE,-0.050991,-0.099169,0.270857,0.257858,i1550/CLK,0.000000,0.000000,0.000000,0.158690,0.257858,-0.099169,4,0.0,i87/CLK,fall
i87/SI,-0.064881,-0.066403,0.298154,0.296325,i90/CLK,0.000000,0.000000,0.000000,0.233273,0.298154,-0.064881,34,0.0,i87/CLK,rise
i87/SI,-0.064881,-0.066403,0.298154,0.296325,i90/CLK,0.000000,0.000000,0.000000,0.229921,0.296325,-0.066403,32,0.0,i87/CLK,fall
i88/D,0.139384,0.139356,0.087354,0.089061,i43/i140/CLK,0.000000,0.000000,0.000000,0.226738,0.087354,0.139384,4,0.0,i88/CLK,rise
i88/D,0.139384,0.139356,0.087354,0.089061,i43/i140/CLK,0.000000,0.000000,0.000000,0.228418,0.089061,0.139356,4,0.0,i88/CLK,fall
i88/SE,-0.050646,-0.098758,0.270522,0.257531,i1550/CLK,0.000000,0.000000,0.000000,0.219876,0.270522,-0.050646,4,0.0,i88/CLK,rise
i88/SE,-0.050646,-0.098758,0.270522,0.257531,i1550/CLK,0.000000,0.000000,0.000000,0.158773,0.257531,-0.098758,4,0.0,i88/CLK,fall
i88/SI,-0.050518,-0.057789,0.283779,0.287072,i176/CLK,0.000000,0.000000,0.000000,0.233261,0.283779,-0.050518,32,0.0,i88/CLK,rise
i88/SI,-0.050518,-0.057789,0.283779,0.287072,i176/CLK,0.000000,0.000000,0.000000,0.229283,0.287072,-0.057789,32,0.0,i88/CLK,fall
i89/D,0.144439,0.143799,0.082111,0.083975,i43/i141/CLK,0.000000,0.000000,0.000000,0.226551,0.082111,0.144439,4,0.0,i89/CLK,rise
i89/D,0.144439,0.143799,0.082111,0.083975,i43/i141/CLK,0.000000,0.000000,0.000000,0.227774,0.083975,0.143799,4,0.0,i89/CLK,fall
i89/SE,-0.050883,-0.099040,0.270753,0.257756,i1550/CLK,0.000000,0.000000,0.000000,0.219870,0.270753,-0.050883,4,0.0,i89/CLK,rise
i89/SE,-0.050883,-0.099040,0.270753,0.257756,i1550/CLK,0.000000,0.000000,0.000000,0.158716,0.257756,-0.099040,4,0.0,i89/CLK,fall
i89/SI,-0.058777,-0.065552,0.292043,0.295527,i135/CLK,0.000000,0.000000,0.000000,0.233266,0.292043,-0.058777,36,0.0,i89/CLK,rise
i89/SI,-0.058777,-0.065552,0.292043,0.295527,i135/CLK,0.000000,0.000000,0.000000,0.229975,0.295527,-0.065552,36,0.0,i89/CLK,fall
i90/D,0.118362,0.120640,0.109140,0.110013,i43/i142/CLK,0.000000,0.000000,0.000000,0.227502,0.109140,0.118362,4,0.0,i90/CLK,rise
i90/D,0.118362,0.120640,0.109140,0.110013,i43/i142/CLK,0.000000,0.000000,0.000000,0.230653,0.110013,0.120640,4,0.0,i90/CLK,fall
i90/SE,-0.054477,-0.103321,0.274244,0.261167,i1550/CLK,0.000000,0.000000,0.000000,0.219767,0.274244,-0.054477,4,0.0,i90/CLK,rise
i90/SE,-0.054477,-0.103321,0.274244,0.261167,i1550/CLK,0.000000,0.000000,0.000000,0.157846,0.261167,-0.103321,4,0.0,i90/CLK,fall
i90/SI,-0.067759,-0.069266,0.300466,0.299993,i125/CLK,0.000000,0.000000,0.000000,0.232707,0.300466,-0.067759,32,0.0,i90/CLK,rise
i90/SI,-0.067759,-0.069266,0.300466,0.299993,i125/CLK,0.000000,0.000000,0.000000,0.230727,0.299993,-0.069266,34,0.0,i90/CLK,fall
i91/D,0.139180,0.139151,0.087582,0.089209,i43/i143/CLK,0.000000,0.000000,0.000000,0.226762,0.087582,0.139180,4,0.0,i91/CLK,rise
i91/D,0.139180,0.139151,0.087582,0.089209,i43/i143/CLK,0.000000,0.000000,0.000000,0.228360,0.089209,0.139151,4,0.0,i91/CLK,fall
i91/SE,-0.054302,-0.103113,0.274074,0.261001,i1550/CLK,0.000000,0.000000,0.000000,0.219772,0.274074,-0.054302,4,0.0,i91/CLK,rise
i91/SE,-0.054302,-0.103113,0.274074,0.261001,i1550/CLK,0.000000,0.000000,0.000000,0.157888,0.261001,-0.103113,4,0.0,i91/CLK,fall
i91/SI,-0.062755,-0.060762,0.296020,0.290741,i127/CLK,0.000000,0.000000,0.000000,0.233265,0.296020,-0.062755,32,0.0,i91/CLK,rise
i91/SI,-0.062755,-0.060762,0.296020,0.290741,i127/CLK,0.000000,0.000000,0.000000,0.229979,0.290741,-0.060762,32,0.0,i91/CLK,fall
i92/D,0.129364,0.129763,0.097550,0.099103,i43/i144/CLK,0.000000,0.000000,0.000000,0.226914,0.097550,0.129364,4,0.0,i92/CLK,rise
i92/D,0.129364,0.129763,0.097550,0.099103,i43/i144/CLK,0.000000,0.000000,0.000000,0.228865,0.099103,0.129763,4,0.0,i92/CLK,fall
i92/SE,-0.054625,-0.103497,0.274387,0.261307,i1550/CLK,0.000000,0.000000,0.000000,0.219762,0.274387,-0.054625,4,0.0,i92/CLK,rise
i92/SE,-0.054625,-0.103497,0.274387,0.261307,i1550/CLK,0.000000,0.000000,0.000000,0.157810,0.261307,-0.103497,4,0.0,i92/CLK,fall
i92/SI,-0.063476,-0.059316,0.296740,0.289555,i133/CLK,0.000000,0.000000,0.000000,0.233264,0.296740,-0.063476,32,0.0,i92/CLK,rise
i92/SI,-0.063476,-0.059316,0.296740,0.289555,i133/CLK,0.000000,0.000000,0.000000,0.230238,0.289555,-0.059316,30,0.0,i92/CLK,fall
i93/D,0.138514,0.138510,0.088272,0.089874,i43/i145/CLK,0.000000,0.000000,0.000000,0.226785,0.088272,0.138514,4,0.0,i93/CLK,rise
i93/D,0.138514,0.138510,0.088272,0.089874,i43/i145/CLK,0.000000,0.000000,0.000000,0.228384,0.089874,0.138510,4,0.0,i93/CLK,fall
i93/SE,-0.054700,-0.103587,0.274460,0.261379,i1550/CLK,0.000000,0.000000,0.000000,0.219760,0.274460,-0.054700,4,0.0,i93/CLK,rise
i93/SE,-0.054700,-0.103587,0.274460,0.261379,i1550/CLK,0.000000,0.000000,0.000000,0.157792,0.261379,-0.103587,4,0.0,i93/CLK,fall
i93/SI,-0.071614,-0.063781,0.304863,0.295221,i125/CLK,0.000000,0.000000,0.000000,0.233249,0.304863,-0.071614,32,0.0,i93/CLK,rise
i93/SI,-0.071614,-0.063781,0.304863,0.295221,i125/CLK,0.000000,0.000000,0.000000,0.231440,0.295221,-0.063781,32,0.0,i93/CLK,fall
i94/D,0.149042,0.147898,0.077580,0.079369,i43/i170/CLK,0.000000,0.000000,0.000000,0.226622,0.077580,0.149042,4,0.0,i94/CLK,rise
i94/D,0.149042,0.147898,0.077580,0.079369,i43/i170/CLK,0.000000,0.000000,0.000000,0.227267,0.079369,0.147898,4,0.0,i94/CLK,fall
i94/SE,0.017488,-0.018276,0.204219,0.192885,i1550/CLK,0.000000,0.000000,0.000000,0.221707,0.204219,0.017488,4,0.0,i94/CLK,rise
i94/SE,0.017488,-0.018276,0.204219,0.192885,i1550/CLK,0.000000,0.000000,0.000000,0.174609,0.192885,-0.018276,4,0.0,i94/CLK,fall
i94/SI,-0.071392,-0.064379,0.304633,0.294948,i105/CLK,0.000000,0.000000,0.000000,0.233241,0.304633,-0.071392,34,0.0,i94/CLK,rise
i94/SI,-0.071392,-0.064379,0.304633,0.294948,i105/CLK,0.000000,0.000000,0.000000,0.230569,0.294948,-0.064379,34,0.0,i94/CLK,fall
i95/D,0.157791,0.150869,0.068274,0.076452,i43/i171/CLK,0.000000,0.000000,0.000000,0.226065,0.068274,0.157791,4,0.0,i95/CLK,rise
i95/D,0.157791,0.150869,0.068274,0.076452,i43/i171/CLK,0.000000,0.000000,0.000000,0.227321,0.076452,0.150869,4,0.0,i95/CLK,fall
i95/SE,0.017402,-0.018377,0.204303,0.192967,i1550/CLK,0.000000,0.000000,0.000000,0.221705,0.204303,0.017402,4,0.0,i95/CLK,rise
i95/SE,0.017402,-0.018377,0.204303,0.192967,i1550/CLK,0.000000,0.000000,0.000000,0.174590,0.192967,-0.018377,4,0.0,i95/CLK,fall
i95/SI,-0.067657,-0.066958,0.300905,0.297372,i105/CLK,0.000000,0.000000,0.000000,0.233249,0.300905,-0.067657,34,0.0,i95/CLK,rise
i95/SI,-0.067657,-0.066958,0.300905,0.297372,i105/CLK,0.000000,0.000000,0.000000,0.230415,0.297372,-0.066958,32,0.0,i95/CLK,fall
i96/D,0.159745,0.152732,0.066153,0.074169,i43/i172/CLK,0.000000,0.000000,0.000000,0.225898,0.066153,0.159745,4,0.0,i96/CLK,rise
i96/D,0.159745,0.152732,0.066153,0.074169,i43/i172/CLK,0.000000,0.000000,0.000000,0.226900,0.074169,0.152732,4,0.0,i96/CLK,fall
i96/SE,0.017590,-0.018156,0.204119,0.192788,i1550/CLK,0.000000,0.000000,0.000000,0.221710,0.204119,0.017590,4,0.0,i96/CLK,rise
i96/SE,0.017590,-0.018156,0.204119,0.192788,i1550/CLK,0.000000,0.000000,0.000000,0.174632,0.192788,-0.018156,4,0.0,i96/CLK,fall
i96/SI,-0.064779,-0.061196,0.298026,0.291883,i141/CLK,0.000000,0.000000,0.000000,0.233247,0.298026,-0.064779,38,0.0,i96/CLK,rise
i96/SI,-0.064779,-0.061196,0.298026,0.291883,i141/CLK,0.000000,0.000000,0.000000,0.230687,0.291883,-0.061196,38,0.0,i96/CLK,fall
i97/D,0.170086,0.170874,0.054941,0.057205,i43/i173/CLK,0.000000,0.000000,0.000000,0.225027,0.054941,0.170086,4,0.0,i97/CLK,rise
i97/D,0.170086,0.170874,0.054941,0.057205,i43/i173/CLK,0.000000,0.000000,0.000000,0.228079,0.057205,0.170874,4,0.0,i97/CLK,fall
i97/SE,0.017375,-0.018408,0.204329,0.192993,i1550/CLK,0.000000,0.000000,0.000000,0.221704,0.204329,0.017375,4,0.0,i97/CLK,rise
i97/SE,0.017375,-0.018408,0.204329,0.192993,i1550/CLK,0.000000,0.000000,0.000000,0.174584,0.192993,-0.018408,4,0.0,i97/CLK,fall
i97/SI,-0.062587,-0.065595,0.295769,0.296443,i105/CLK,0.000000,0.000000,0.000000,0.233182,0.295769,-0.062587,34,0.0,i97/CLK,rise
i97/SI,-0.062587,-0.065595,0.295769,0.296443,i105/CLK,0.000000,0.000000,0.000000,0.230848,0.296443,-0.065595,34,0.0,i97/CLK,fall
i98/D,0.161414,0.154069,0.064239,0.072250,i43/i174/CLK,0.000000,0.000000,0.000000,0.225653,0.064239,0.161414,4,0.0,i98/CLK,rise
i98/D,0.161414,0.154069,0.064239,0.072250,i43/i174/CLK,0.000000,0.000000,0.000000,0.226319,0.072250,0.154069,4,0.0,i98/CLK,fall
i98/SE,0.017925,-0.017765,0.203793,0.192470,i1550/CLK,0.000000,0.000000,0.000000,0.221718,0.203793,0.017925,4,0.0,i98/CLK,rise
i98/SE,0.017925,-0.017765,0.203793,0.192470,i1550/CLK,0.000000,0.000000,0.000000,0.174706,0.192470,-0.017765,4,0.0,i98/CLK,fall
i98/SI,-0.069045,-0.068578,0.302288,0.298926,i141/CLK,0.000000,0.000000,0.000000,0.233243,0.302288,-0.069045,34,0.0,i98/CLK,rise
i98/SI,-0.069045,-0.068578,0.302288,0.298926,i141/CLK,0.000000,0.000000,0.000000,0.230348,0.298926,-0.068578,34,0.0,i98/CLK,fall
i99/D,0.161405,0.154204,0.064302,0.072227,i43/i175/CLK,0.000000,0.000000,0.000000,0.225707,0.064302,0.161405,4,0.0,i99/CLK,rise
i99/D,0.161405,0.154204,0.064302,0.072227,i43/i175/CLK,0.000000,0.000000,0.000000,0.226431,0.072227,0.154204,4,0.0,i99/CLK,fall
i99/SE,0.023553,-0.011185,0.198303,0.187125,i1550/CLK,0.000000,0.000000,0.000000,0.221856,0.198303,0.023553,4,0.0,i99/CLK,rise
i99/SE,0.023553,-0.011185,0.198303,0.187125,i1550/CLK,0.000000,0.000000,0.000000,0.175939,0.187125,-0.011185,4,0.0,i99/CLK,fall
i99/SI,-0.059166,-0.061744,0.292425,0.291995,i181/CLK,0.000000,0.000000,0.000000,0.233260,0.292425,-0.059166,34,0.0,i99/CLK,rise
i99/SI,-0.059166,-0.061744,0.292425,0.291995,i181/CLK,0.000000,0.000000,0.000000,0.230251,0.291995,-0.061744,28,0.0,i99/CLK,fall
